year,state_norm,district_norm,children,cyber,ipc,sll,women,ipc_log,ipc_state_pct,sll_log,sll_state_pct,women_log,women_state_pct,children_log,children_state_pct,cyber_log,cyber_state_pct,ipc_prev,ipc_growth,ipc_gap_years,women_prev,women_growth,women_gap_years,children_prev,children_growth,children_gap_years,cyber_prev,cyber_growth,cyber_gap_years,severity,risk_class,target_severity,target_year,d_key,s_key,is_reporting_unit,lat,lon,anchor_city,anchor_city_pop,geo_match_type,census_2011_population
2010,jammu kashmir,railwaysjmu,0.0,0.0,0.0,0.0,0.0,0.0,0.027027027027027,0.0,0.5135135135135135,0.0,0.1486486486486486,0.0,0.4459459459459459,0.0,0.5135135135135135,,0.0,0.0,,0.0,0.0,,0.0,0.0,,0.0,0.0,0.2148648648648648,low,,,railwaysjmu,jammu and kashmir,True,,,,,,
2010,chhattisgarh,dantewada,19.0,0.0,0.0,0.0,0.0,0.0,0.032258064516129,0.0,0.5161290322580645,0.0,0.1612903225806451,2.995732273553991,0.4516129032258064,0.0,0.5161290322580645,,0.0,0.0,,0.0,0.0,,0.0,0.0,,0.0,0.0,0.2209677419354838,low,,,dantewada,chhattisgarh,False,,,,,,
2012,kerala,ernakulam,0.0,0.0,30516.0,0.0,0.0,10.326039184367792,0.3703703703703703,0.0,0.5185185185185185,0.0,0.1296296296296296,0.0,0.1296296296296296,0.0,0.5185185185185185,30516.0,0.0,1.0,0.0,0.0,1.0,0.0,0.0,1.0,0.0,0.0,1.0,0.3351851851851852,low,,,ernakulam,kerala,False,9.9312328,76.2673041,Kochi,612343.0,exact,3282388.0
2012,a n islands,andaman,0.0,0.0,7377.0,0.0,0.0,8.906257878156621,0.8571428571428571,0.0,0.5714285714285714,0.0,0.2857142857142857,0.0,0.2857142857142857,0.0,0.5714285714285714,7377.0,0.0,1.0,47.0,-1.0,1.0,31.0,-1.0,1.0,0.0,0.0,1.0,0.6142857142857143,medium,,,andaman,andaman and nicobar islands,False,,,,,,
2012,kerala,cbcid,0.0,0.0,1339.0,0.0,0.0,7.200424892944957,0.037037037037037,0.0,0.5185185185185185,0.0,0.1296296296296296,0.0,0.1296296296296296,0.0,0.5185185185185185,1339.0,0.0,1.0,0.0,0.0,1.0,0.0,0.0,1.0,0.0,0.0,1.0,0.1851851851851851,low,,,cbcid,kerala,True,,,,,,
2012,a n islands,a and n islands,0.0,0.0,807.0,0.0,0.0,6.694562058521095,0.7142857142857143,0.0,0.5714285714285714,0.0,0.2857142857142857,0.0,0.2857142857142857,0.0,0.5714285714285714,807.0,0.0,1.0,0.0,0.0,1.0,0.0,0.0,1.0,0.0,0.0,1.0,0.55,medium,,,a and n islands,andaman and nicobar islands,False,,,,,,
2012,kerala,kollam,0.0,0.0,97571.0,0.0,0.0,11.488345845995838,0.7777777777777778,0.0,0.5185185185185185,0.0,0.1296296296296296,0.0,0.1296296296296296,0.0,0.5185185185185185,97571.0,0.0,1.0,0.0,0.0,1.0,0.0,0.0,1.0,0.0,0.0,1.0,0.5185185185185185,medium,,,kollam,kerala,False,8.8932118,76.6141396,Kollam,349033.0,exact,2635375.0
2012,punjab,nawan shahr,0.0,0.0,5181.0,0.0,0.0,8.552946361122055,0.25,0.0,0.5138888888888888,0.0,0.1111111111111111,0.0,0.1111111111111111,0.0,0.5138888888888888,5181.0,0.0,1.0,0.0,0.0,1.0,0.0,0.0,1.0,0.0,0.0,1.0,0.2743055555555555,low,,,nawan shahr,punjab,False,,,,,,
2012,uttar pradesh,csm nagar,88.0,0.0,4011.0,0.0,238.0,8.297045149081827,0.0512820512820512,0.0,0.5064102564102564,5.476463551931511,0.5384615384615384,4.48863636973214,0.6474358974358975,0.0,0.5064102564102564,4011.0,0.0,1.0,226.0,0.0530973451327433,1.0,23.0,2.8260869565217392,1.0,0.0,0.0,1.0,0.3221153846153846,low,,,csm nagar,uttar pradesh,False,,,,,,
2012,kerala,kozhikode,0.0,0.0,17140.0,0.0,0.0,9.749228533507058,0.2222222222222222,0.0,0.5185185185185185,0.0,0.1296296296296296,0.0,0.1296296296296296,0.0,0.5185185185185185,17140.0,0.0,1.0,0.0,0.0,1.0,0.0,0.0,1.0,0.0,0.0,1.0,0.2685185185185185,low,,,kozhikode,kerala,False,11.2587531,75.78041,Calicut,432097.0,exact,3086293.0
2012,tamil nadu,chennaisuburban,0.0,0.0,19404.0,0.0,0.0,9.873286043803006,0.1627906976744186,0.0,0.5116279069767442,0.0,0.0465116279069767,0.0,0.0813953488372093,0.0,0.5116279069767442,19404.0,0.0,1.0,0.0,0.0,1.0,0.0,0.0,1.0,0.0,0.0,1.0,0.2186046511627907,low,,,chennaisuburban,tamil nadu,False,,,,,,
2012,delhi ut,g r p,0.0,0.0,6641.0,0.0,0.0,8.801168401936692,0.4545454545454545,0.0,0.5227272727272727,0.0,0.5227272727272727,0.0,0.5227272727272727,0.0,0.5227272727272727,6641.0,0.0,1.0,0.0,0.0,1.0,0.0,0.0,1.0,0.0,0.0,1.0,0.4920454545454544,medium,,,g r p,delhi,False,,,,,,
2012,delhi ut,s t f,0.0,0.0,158.0,0.0,0.0,5.068904202220232,0.0909090909090909,0.0,0.5227272727272727,0.0,0.5227272727272727,0.0,0.5227272727272727,0.0,0.5227272727272727,158.0,0.0,1.0,0.0,0.0,1.0,0.0,0.0,1.0,0.0,0.0,1.0,0.3284090909090909,low,,,s t f,delhi,False,,,,,,
2012,maharashtra,mumbai,0.0,0.0,141815.0,0.0,0.0,11.86228572169362,0.9574468085106383,0.0,0.5106382978723404,0.0,0.0212765957446808,0.0,0.0212765957446808,0.0,0.5106382978723404,141815.0,0.0,1.0,0.0,0.0,1.0,0.0,0.0,1.0,0.0,0.0,1.0,0.5648936170212765,medium,,,mumbai,maharashtra,False,19.0759837,72.8776559,Mumbai,12461724.0,exact,3085411.0
2012,delhi ut,i g i airport,0.0,0.0,2700.0,0.0,0.0,7.901377353792616,0.3181818181818182,0.0,0.5227272727272727,0.0,0.5227272727272727,0.0,0.5227272727272727,0.0,0.5227272727272727,2700.0,0.0,1.0,0.0,0.0,1.0,0.0,0.0,1.0,0.0,0.0,1.0,0.4306818181818181,medium,,,i g i airport,delhi,False,,,,,,
2012,punjab,amritsar,0.0,0.0,15878.0,0.0,0.0,9.672752760526098,0.8055555555555556,0.0,0.5138888888888888,0.0,0.1111111111111111,0.0,0.1111111111111111,0.0,0.5138888888888888,15878.0,0.0,1.0,111.0,-1.0,1.0,6.0,-1.0,1.0,0.0,0.0,1.0,0.5243055555555556,medium,,,amritsar,punjab,False,31.6339793,74.8722642,Amritsar,1132761.0,exact,2490656.0
2012,uttar pradesh,bhim nagar,45.0,0.0,3651.0,0.0,235.0,8.20303024171486,0.0256410256410256,0.0,0.5064102564102564,5.4638318050256105,0.5128205128205128,3.828641396489095,0.3525641025641026,0.0,0.5064102564102564,3651.0,0.0,1.0,272.0,-0.1360294117647058,1.0,70.0,-0.3571428571428571,1.0,0.0,0.0,1.0,0.2759615384615385,low,,,bhim nagar,uttar pradesh,False,,,,,,
2012,tamil nadu,chengai,0.0,0.0,43561.0,0.0,0.0,10.681940489675172,0.4651162790697674,0.0,0.5116279069767442,0.0,0.0465116279069767,0.0,0.0813953488372093,0.0,0.5116279069767442,43561.0,0.0,1.0,0.0,0.0,1.0,0.0,0.0,1.0,0.0,0.0,1.0,0.3546511627906977,low,,,chengai,tamil nadu,False,,,,,,
2012,delhi,stf,0.0,0.0,0.0,0.0,0.0,0.0,0.5263157894736842,0.0,0.5263157894736842,0.0,0.1052631578947368,0.0,0.1842105263157894,0.0,0.5263157894736842,0.0,0.0,1.0,0.0,0.0,1.0,0.0,0.0,1.0,0.0,0.0,1.0,0.4078947368421052,medium,,,stf,delhi,False,,,,,,
2012,andhra pradesh,vijayawada,0.0,0.0,39350.0,0.0,0.0,10.580276666483256,0.2857142857142857,0.0,0.5142857142857142,0.0,0.0285714285714285,0.0,0.0428571428571428,0.0,0.5142857142857142,39350.0,0.0,1.0,0.0,0.0,1.0,0.0,0.0,1.0,0.0,0.0,1.0,0.2671428571428571,low,,,vijayawada,andhra pradesh,False,,,,,,
2012,delhi,total,4462.0,0.0,0.0,0.0,0.0,0.0,0.5263157894736842,0.0,0.5263157894736842,0.0,0.1052631578947368,8.40357646462927,1.0,0.0,0.5263157894736842,0.0,0.0,1.0,0.0,0.0,1.0,4250.0,0.0498823529411764,1.0,0.0,0.0,1.0,0.4894736842105262,medium,,,total,delhi,True,,,,,,
2012,kerala,thrissur,0.0,0.0,101593.0,0.0,0.0,11.528739757264589,0.8888888888888888,0.0,0.5185185185185185,0.0,0.1296296296296296,0.0,0.1296296296296296,0.0,0.5185185185185185,101593.0,0.0,1.0,0.0,0.0,1.0,0.0,0.0,1.0,0.0,0.0,1.0,0.5685185185185184,medium,,,thrissur,kerala,False,10.5276416,76.2144349,Thrissur,325474.0,exact,3121200.0
2012,delhi ut,delhi ut total,0.0,0.0,633174.0,0.0,0.0,13.35850212421335,1.0,0.0,0.5227272727272727,0.0,0.5227272727272727,0.0,0.5227272727272727,0.0,0.5227272727272727,633174.0,0.0,1.0,0.0,0.0,1.0,0.0,0.0,1.0,0.0,0.0,1.0,0.7374999999999999,high,,,delhi ut total,delhi,True,,,,,,
2012,manipur,imphal,0.0,0.0,7322.0,0.0,0.0,8.89877535906107,0.8333333333333334,0.0,0.5416666666666666,0.0,0.125,0.0,0.2083333333333333,0.0,0.5416666666666666,7322.0,0.0,1.0,0.0,0.0,1.0,0.0,0.0,1.0,0.0,0.0,1.0,0.55625,medium,,,imphal,manipur,False,,,,,,
2012,kerala,trivandrum,0.0,0.0,24058.0,0.0,0.0,10.088264425905146,0.2592592592592592,0.0,0.5185185185185185,0.0,0.1296296296296296,0.0,0.1296296296296296,0.0,0.5185185185185185,24058.0,0.0,1.0,0.0,0.0,1.0,0.0,0.0,1.0,0.0,0.0,1.0,0.2851851851851852,low,,,thiruvananthapuram,kerala,False,8.5241391,76.9366376,Thiruvananthapuram,957730.0,exact,3301427.0
2012,rajasthan,kota,0.0,0.0,33935.0,0.0,0.0,10.432231676804465,0.4375,0.0,0.5104166666666666,0.0,0.0625,0.0,0.0625,0.0,0.5104166666666666,33935.0,0.0,1.0,0.0,0.0,1.0,0.0,0.0,1.0,0.0,0.0,1.0,0.3432291666666666,low,,,kota,rajasthan,False,25.2138156,75.8647527,Kota,1001365.0,exact,1951014.0
2012,punjab,ludhiana,0.0,0.0,33313.0,0.0,0.0,10.413733008037052,0.9444444444444444,0.0,0.5138888888888888,0.0,0.1111111111111111,0.0,0.1111111111111111,0.0,0.5138888888888888,33313.0,0.0,1.0,52.0,-1.0,1.0,9.0,-1.0,1.0,0.0,0.0,1.0,0.5868055555555555,medium,,,ludhiana,punjab,False,30.900965,75.8572758,Ludhiana,1618879.0,exact,3498739.0
2012,meghalaya,jaintia hills,18.0,0.0,3821.0,0.0,40.0,8.248529124800218,0.625,0.0,0.5625,3.713572066704308,0.625,2.9444389791664403,0.75,0.0,0.5625,3821.0,0.0,1.0,57.0,-0.2982456140350877,1.0,26.0,-0.3076923076923077,1.0,0.0,0.0,1.0,0.6218750000000001,medium,,,jaintia hills,meghalaya,False,,,,,,395124.0
2012,uttar pradesh,prabuddh nagar,41.0,0.0,2554.0,0.0,150.0,7.845807502637805,0.0128205128205128,0.0,0.5064102564102564,5.017279836814924,0.1794871794871795,3.737669618283368,0.3012820512820512,0.0,0.5064102564102564,2554.0,0.0,1.0,169.0,-0.1124260355029585,1.0,33.0,0.2424242424242424,1.0,0.0,0.0,1.0,0.1983974358974359,low,,,prabuddh nagar,uttar pradesh,False,,,,,,
2012,rajasthan,jodhpur,0.0,0.0,33821.0,0.0,0.0,10.42886675730963,0.4166666666666667,0.0,0.5104166666666666,0.0,0.0625,0.0,0.0625,0.0,0.5104166666666666,33821.0,0.0,1.0,0.0,0.0,1.0,0.0,0.0,1.0,0.0,0.0,1.0,0.3338541666666666,low,,,jodhpur,rajasthan,False,26.2389469,73.0243094,Jodhpur,1137815.0,exact,3687165.0
2012,rajasthan,jodhpur city,0.0,0.0,21731.0,0.0,0.0,9.986541107671414,0.2291666666666666,0.0,0.5104166666666666,0.0,0.0625,0.0,0.0625,0.0,0.5104166666666666,21731.0,0.0,1.0,487.0,-1.0,1.0,20.0,-1.0,1.0,0.0,0.0,1.0,0.2494791666666666,low,,,jodhpur,rajasthan,False,26.2389469,73.0243094,Jodhpur,1137815.0,exact,3687165.0
2012,gujarat,w rly,0.0,0.0,13502.0,0.0,0.0,9.510667161961042,0.2285714285714285,0.0,0.5142857142857142,0.0,0.0285714285714285,0.0,0.0571428571428571,0.0,0.5142857142857142,13502.0,0.0,1.0,0.0,0.0,1.0,0.0,0.0,1.0,0.0,0.0,1.0,0.2428571428571428,low,,,w rly,gujarat,False,,,,,,
2012,uttar pradesh,j p nagar,39.0,0.0,15665.0,0.0,224.0,9.659248037927185,0.4487179487179487,0.0,0.5064102564102564,5.41610040220442,0.4807692307692308,3.688879454113936,0.282051282051282,0.0,0.5064102564102564,15665.0,0.0,1.0,214.0,0.0467289719626168,1.0,39.0,0.0,1.0,0.0,0.0,1.0,0.4528846153846154,medium,,,j p nagar,uttar pradesh,False,,,,,,
2012,delhi,delhi ut total,0.0,0.0,0.0,0.0,5920.0,0.0,0.5263157894736842,0.0,0.5263157894736842,8.686260632531775,1.0,0.0,0.1842105263157894,0.0,0.5263157894736842,0.0,0.0,1.0,5193.0,0.1399961486616599,1.0,0.0,0.0,1.0,0.0,0.0,1.0,0.5868421052631578,medium,,,delhi ut total,delhi,True,,,,,,
2012,uttar pradesh,ramabai nagar,72.0,0.0,5680.0,0.0,229.0,8.644882552557126,0.1153846153846153,0.0,0.5064102564102564,5.438079308923196,0.5,4.290459441148391,0.5384615384615384,0.0,0.5064102564102564,5680.0,0.0,1.0,233.0,-0.0171673819742489,1.0,95.0,-0.2421052631578947,1.0,0.0,0.0,1.0,0.3323717948717948,low,,,ramabai nagar,uttar pradesh,False,,,,,,
2012,delhi,grp,45.0,0.0,0.0,0.0,35.0,0.0,0.5263157894736842,0.0,0.5263157894736842,3.58351893845611,0.3157894736842105,3.828641396489095,0.4210526315789473,0.0,0.5263157894736842,0.0,0.0,1.0,23.0,0.5217391304347826,1.0,35.0,0.2857142857142857,1.0,0.0,0.0,1.0,0.4736842105263157,medium,,,grp,delhi,False,,,,,,
2012,west bengal,midnapur,0.0,0.0,4617.0,0.0,0.0,8.43771698991444,0.1935483870967742,0.0,0.5161290322580645,0.0,0.032258064516129,0.0,0.1612903225806451,0.0,0.5161290322580645,4617.0,0.0,1.0,0.0,0.0,1.0,0.0,0.0,1.0,0.0,0.0,1.0,0.2387096774193548,low,,,midnapur,west bengal,False,,,,,,
2012,uttar pradesh,panchshil nagar,29.0,0.0,3824.0,0.0,161.0,8.249313746260636,0.0384615384615384,0.0,0.5064102564102564,5.087596335232384,0.2179487179487179,3.4011973816621555,0.1794871794871795,0.0,0.5064102564102564,3824.0,0.0,1.0,208.0,-0.2259615384615384,1.0,32.0,-0.09375,1.0,0.0,0.0,1.0,0.2054487179487179,low,,,panchshil nagar,uttar pradesh,False,,,,,,
2012,d n haveli,d and n haveli,8.0,0.0,4651.0,0.0,14.0,8.445052513638554,0.75,0.0,0.75,2.70805020110221,0.75,2.19722457733622,0.75,0.0,0.75,4651.0,0.0,1.0,17.0,-0.1764705882352941,1.0,11.0,-0.2727272727272727,1.0,0.0,0.0,1.0,0.75,high,,,d and n haveli,dadra and nagar haveli and daman and diu,False,,,,,,
2012,punjab,jagraon,0.0,0.0,5444.0,0.0,0.0,8.602453035367061,0.2777777777777778,0.0,0.5138888888888888,0.0,0.1111111111111111,0.0,0.1111111111111111,0.0,0.5138888888888888,5444.0,0.0,1.0,0.0,0.0,1.0,0.0,0.0,1.0,0.0,0.0,1.0,0.2868055555555555,low,,,jagraon,punjab,False,,,,,,
2012,delhi,caw,0.0,0.0,0.0,0.0,178.0,0.0,0.5263157894736842,0.0,0.5263157894736842,5.187385805840755,0.4210526315789473,0.0,0.1842105263157894,0.0,0.5263157894736842,0.0,0.0,1.0,130.0,0.3692307692307692,1.0,0.0,0.0,1.0,0.0,0.0,1.0,0.4710526315789474,medium,,,caw,delhi,False,,,,,,
2012,jammu kashmir,railways kmr,0.0,0.0,10.0,0.0,0.0,2.3978952727983707,0.0555555555555555,0.0,0.5138888888888888,0.0,0.125,0.0,0.4305555555555556,0.0,0.5138888888888888,10.0,0.0,1.0,0.0,0.0,1.0,0.0,0.0,1.0,0.0,0.0,1.0,0.2215277777777777,low,,,railways kmr,jammu and kashmir,True,,,,,,
2012,jammu kashmir,railways,0.0,0.0,242.0,0.0,0.0,5.493061443340548,0.1666666666666666,0.0,0.5138888888888888,0.0,0.125,0.0,0.4305555555555556,0.0,0.5138888888888888,242.0,0.0,1.0,0.0,0.0,1.0,0.0,0.0,1.0,0.0,0.0,1.0,0.2715277777777777,low,,,railways,jammu and kashmir,True,,,,,,
2012,punjab,jalandhar,0.0,0.0,30397.0,0.0,0.0,10.322132095756409,0.9166666666666666,0.0,0.5138888888888888,0.0,0.1111111111111111,0.0,0.1111111111111111,0.0,0.5138888888888888,30397.0,0.0,1.0,142.0,-1.0,1.0,16.0,-1.0,1.0,0.0,0.0,1.0,0.5743055555555555,medium,,,jalandhar,punjab,False,31.3260152,75.5761829,Jalandhar,862196.0,exact,2193590.0
2012,uttar pradesh,kanshiram nagar,49.0,0.0,4803.0,0.0,162.0,8.477204183199873,0.0641025641025641,0.0,0.5064102564102564,5.093750200806762,0.2307692307692307,3.912023005428146,0.3717948717948718,0.0,0.5064102564102564,4803.0,0.0,1.0,145.0,0.1172413793103448,1.0,62.0,-0.2096774193548387,1.0,0.0,0.0,1.0,0.2387820512820512,low,,,kanshiram nagar,uttar pradesh,False,,,,,,1436719.0
2012,chhattisgarh,kawardha,0.0,0.0,685.0,0.0,0.0,6.530877627725885,0.1,0.0,0.5166666666666667,0.0,0.0333333333333333,0.0,0.05,0.0,0.5166666666666667,685.0,0.0,1.0,0.0,0.0,1.0,0.0,0.0,1.0,0.0,0.0,1.0,0.1858333333333333,low,,,kawardha,chhattisgarh,False,,,,,,
2012,jammu kashmir,crime kashmir,0.0,0.0,32.0,0.0,0.0,3.49650756146648,0.1111111111111111,0.0,0.5138888888888888,0.0,0.125,0.0,0.4305555555555556,0.0,0.5138888888888888,32.0,0.0,1.0,0.0,0.0,1.0,0.0,0.0,1.0,0.0,0.0,1.0,0.2465277777777778,low,,,crime kashmir,jammu and kashmir,False,,,,,,
2012,rajasthan,jaipur,0.0,0.0,99527.0,0.0,0.0,11.508194290594329,0.9583333333333334,0.0,0.5104166666666666,0.0,0.0625,0.0,0.0625,0.0,0.5104166666666666,99527.0,0.0,1.0,0.0,0.0,1.0,0.0,0.0,1.0,0.0,0.0,1.0,0.5776041666666667,medium,,,jaipur,rajasthan,False,26.9124336,75.7872709,Jaipur,3046163.0,exact,6626178.0
2012,rajasthan,g r p,0.0,0.0,8236.0,0.0,0.0,9.016391478941248,0.1041666666666666,0.0,0.5104166666666666,0.0,0.0625,0.0,0.0625,0.0,0.5104166666666666,8236.0,0.0,1.0,0.0,0.0,1.0,0.0,0.0,1.0,0.0,0.0,1.0,0.1932291666666666,low,,,g r p,rajasthan,False,,,,,,
2012,tamil nadu,viluppuram,0.0,0.0,5959.0,0.0,0.0,8.692825760059396,0.0465116279069767,0.0,0.5116279069767442,0.0,0.0465116279069767,0.0,0.0813953488372093,0.0,0.5116279069767442,5959.0,0.0,1.0,0.0,0.0,1.0,0.0,0.0,1.0,0.0,0.0,1.0,0.1662790697674419,low,,,viluppuram,tamil nadu,False,11.9368897,79.4872619,Viluppuram,96253.0,exact,3458873.0
2012,jammu kashmir,border,0.0,0.0,3451.0,0.0,0.0,8.146709052203319,0.4444444444444444,0.0,0.5138888888888888,0.0,0.125,0.0,0.4305555555555556,0.0,0.5138888888888888,3451.0,0.0,1.0,0.0,0.0,1.0,0.0,0.0,1.0,0.0,0.0,1.0,0.3965277777777777,low,,,border,jammu and kashmir,False,,,,,,
2012,jammu kashmir,border district,0.0,0.0,1192.0,0.0,0.0,7.084226422097916,0.2777777777777778,0.0,0.5138888888888888,0.0,0.125,0.0,0.4305555555555556,0.0,0.5138888888888888,1192.0,0.0,1.0,0.0,0.0,1.0,0.0,0.0,1.0,0.0,0.0,1.0,0.3215277777777777,low,,,border,jammu and kashmir,False,,,,,,
2012,puducherry,pondicherry,0.0,0.0,30420.0,0.0,0.0,10.32288843838277,0.75,0.0,0.625,0.0,0.25,0.0,0.25,0.0,0.625,30420.0,0.0,1.0,0.0,0.0,1.0,0.0,0.0,1.0,0.0,0.0,1.0,0.56875,medium,,,pondicherry,puducherry,False,,,,,,
2012,punjab,majitha,0.0,0.0,4151.0,0.0,0.0,8.331345424845724,0.1666666666666666,0.0,0.5138888888888888,0.0,0.1111111111111111,0.0,0.1111111111111111,0.0,0.5138888888888888,4151.0,0.0,1.0,0.0,0.0,1.0,0.0,0.0,1.0,0.0,0.0,1.0,0.2368055555555555,low,,,majitha,punjab,False,,,,,,
2013,andhra pradesh,karimnagar,126.0,0.0,8836.0,0.0,1499.0,9.086702731518004,0.8285714285714286,0.0,0.5142857142857142,7.313220387090301,0.8285714285714286,4.844187086458591,0.7714285714285715,0.0,0.5142857142857142,96728.0,-0.908651062773964,1.0,1399.0,0.0714796283059328,1.0,198.0,-0.3636363636363636,1.0,0.0,0.0,1.0,0.7442857142857143,high,,,karimnagar,andhra pradesh,False,,,,,,3776269.0
2013,andhra pradesh,guntakal rly,0.0,0.0,301.0,0.0,5.0,5.71042701737487,0.0571428571428571,0.0,0.5142857142857142,1.791759469228055,0.0571428571428571,0.0,0.0428571428571428,0.0,0.5142857142857142,3232.0,-0.906868811881188,1.0,6.0,-0.1666666666666666,1.0,2.0,-1.0,1.0,0.0,0.0,1.0,0.1699999999999999,low,,,guntakal rly,andhra pradesh,False,,,,,,
2013,andhra pradesh,cyberabad,156.0,0.0,19992.0,0.0,2524.0,9.903137491271831,0.9714285714285714,0.0,0.5142857142857142,7.83399634170946,0.9714285714285714,5.056245805348308,0.8857142857142857,0.0,0.5142857142857142,141743.0,-0.8589559978270532,1.0,1663.0,0.5177390258568851,1.0,141.0,0.1063829787234042,1.0,0.0,0.0,1.0,0.8485714285714285,high,,,cyberabad,andhra pradesh,False,,,,,,
2013,delhi ut,stf,0.0,0.0,15.0,0.0,0.0,2.772588722239781,0.1,0.0,0.525,0.0,0.1,0.0,0.125,0.0,0.525,181.0,-0.9171270718232044,1.0,0.0,0.0,1.0,0.0,0.0,1.0,0.0,0.0,1.0,0.20875,low,,,stf,delhi,False,,,,,,
2013,delhi ut,zz total,0.0,0.0,80184.0,0.0,12853.0,11.29209174394291,1.0,0.0,0.525,9.461410325931231,1.0,0.0,0.125,0.0,0.525,,0.0,0.0,,0.0,0.0,,0.0,0.0,,0.0,0.0,0.79375,high,,,zz total,delhi,True,,,,,,
2013,a n islands,car,1.0,0.0,24.0,0.0,5.0,3.218875824868201,0.4,0.0,0.6,1.791759469228055,0.4,0.6931471805599453,0.4,0.0,0.6,24.0,0.0,1.0,2.0,1.5,1.0,2.0,-0.5,1.0,0.0,0.0,1.0,0.45,medium,,,car,andaman and nicobar islands,False,,,,,,
2013,a n islands,zz total,0.0,0.0,612.0,0.0,102.0,6.418364935936212,1.0,0.0,0.6,4.634728988229636,1.0,0.0,0.2,0.0,0.6,,0.0,0.0,,0.0,0.0,,0.0,0.0,,0.0,0.0,0.8200000000000001,high,,,zz total,andaman and nicobar islands,True,,,,,,
2013,west bengal,zz total,0.0,0.0,169535.0,0.0,29611.0,12.04082057263174,1.0,0.0,0.5161290322580645,10.295934963562988,1.0,0.0,0.0967741935483871,0.0,0.5161290322580645,,0.0,0.0,,0.0,0.0,,0.0,0.0,,0.0,0.0,0.7887096774193548,high,,,zz total,west bengal,True,,,,,,
2013,a n islands,south,38.0,0.0,432.0,0.0,71.0,6.07073772800249,0.8,0.0,0.6,4.276666119016055,0.8,3.6635616461296463,0.8,0.0,0.6,544.0,-0.2058823529411764,1.0,36.0,0.9722222222222222,1.0,19.0,1.0,1.0,0.0,0.0,1.0,0.75,high,,,south,andaman and nicobar islands,False,,,,,,
2013,arunachal pradesh,upper dibang valley,0.0,0.0,15.0,0.0,1.0,2.772588722239781,0.1,0.0,0.525,0.6931471805599453,0.15,0.0,0.25,0.0,0.525,148.0,-0.8986486486486487,1.0,1.0,0.0,1.0,0.0,0.0,1.0,0.0,0.0,1.0,0.23125,low,,,upper dibang valley,arunachal pradesh,False,,,,,,
2013,arunachal pradesh,zz total,0.0,0.0,2776.0,0.0,286.0,7.929126487306799,1.0,0.0,0.525,5.659482215759621,1.0,0.0,0.25,0.0,0.525,,0.0,0.0,,0.0,0.0,,0.0,0.0,,0.0,0.0,0.80625,high,,,zz total,arunachal pradesh,True,,,,,,
2013,meghalaya,khasi hills south w,7.0,0.0,82.0,0.0,17.0,4.418840607796598,0.1538461538461538,0.0,0.5384615384615384,2.8903717578961645,0.4615384615384615,2.079441541679836,0.3076923076923077,0.0,0.5384615384615384,,0.0,0.0,,0.0,0.0,,0.0,0.0,,0.0,0.0,0.326923076923077,low,,,khasi hills south w,meghalaya,False,,,,,,
2013,tamil nadu,trichy rural,36.0,0.0,4131.0,0.0,139.0,8.326516830239528,0.4634146341463415,0.0,0.5121951219512195,4.941642422609304,0.5121951219512195,3.610917912644224,0.7439024390243902,0.0,0.5121951219512195,45584.0,-0.9093760968760968,1.0,97.0,0.4329896907216495,1.0,31.0,0.1612903225806451,1.0,0.0,0.0,1.0,0.5134146341463416,medium,,,trichy,tamil nadu,False,,,,,,
2013,tamil nadu,trichy urban,15.0,0.0,2783.0,0.0,64.0,7.931644021454311,0.2195121951219512,0.0,0.5121951219512195,4.174387269895637,0.2439024390243902,2.772588722239781,0.4024390243902439,0.0,0.5121951219512195,36196.0,-0.9231130511658748,1.0,95.0,-0.3263157894736842,1.0,13.0,0.1538461538461538,1.0,0.0,0.0,1.0,0.3158536585365853,low,,,trichy,tamil nadu,False,,,,,,
2013,tamil nadu,zz total,0.0,0.0,203579.0,0.0,6612.0,12.22381432700633,1.0,0.0,0.5121951219512195,8.796792687674662,1.0,0.0,0.0365853658536585,0.0,0.5121951219512195,,0.0,0.0,,0.0,0.0,,0.0,0.0,,0.0,0.0,0.7817073170731708,high,,,zz total,tamil nadu,True,,,,,,
2013,tamil nadu,thirunelveli urban,10.0,0.0,1525.0,0.0,40.0,7.330405211844402,0.1463414634146341,0.0,0.5121951219512195,3.713572066704308,0.1219512195121951,2.3978952727983707,0.2560975609756097,0.0,0.5121951219512195,16548.0,-0.9078438481991782,1.0,39.0,0.0256410256410256,1.0,2.0,4.0,1.0,0.0,0.0,1.0,0.2439024390243902,low,,,thirunelveli,tamil nadu,False,8.7139126,77.7566523,Tirunelveli,498984.0,fuzzy:tirunelveli,
2013,madhya pradesh,datiya,88.0,0.0,2267.0,0.0,167.0,7.726653664847642,0.2857142857142857,0.0,0.5089285714285714,5.123963979403259,0.1607142857142857,4.48863636973214,0.3928571428571428,0.0,0.5089285714285714,27410.0,-0.91729295877417,1.0,137.0,0.218978102189781,1.0,84.0,0.0476190476190476,1.0,0.0,0.0,1.0,0.3272321428571428,low,,,datiya,madhya pradesh,False,25.6653262,78.4609393,Datia,100466.0,fuzzy:datia,
2013,punjab,ferozpur,30.0,0.0,1233.0,0.0,104.0,7.1180162044653335,0.6,0.0,0.5166666666666667,4.653960350157523,0.3666666666666666,3.4339872044851463,0.4,0.0,0.5166666666666667,13155.0,-0.9062713797035348,1.0,82.0,0.2682926829268293,1.0,6.0,4.0,1.0,0.0,0.0,1.0,0.5125000000000001,medium,,,ferozpur,punjab,False,30.9331348,74.6224755,Firozpur,110091.0,fuzzy:firozpur,
2013,himachal pradesh,zz total,0.0,0.0,13750.0,0.0,1472.0,9.528866827722943,1.0,0.0,0.5294117647058824,7.29505641646263,1.0,0.0,0.1176470588235294,0.0,0.5294117647058824,,0.0,0.0,,0.0,0.0,,0.0,0.0,,0.0,0.0,0.7941176470588236,high,,,zz total,himachal pradesh,True,,,,,,
2013,west bengal,howrah city,122.0,0.0,6388.0,0.0,1038.0,8.762333040602343,0.6774193548387096,0.0,0.5161290322580645,6.946013991099227,0.5806451612903226,4.812184355372417,0.7741935483870968,0.0,0.5161290322580645,18870.0,-0.6614732379438262,1.0,998.0,0.0400801603206412,1.0,91.0,0.3406593406593406,1.0,0.0,0.0,1.0,0.6274193548387097,medium,,,howrah,west bengal,False,,,,,,
2013,west bengal,howrah,1.0,0.0,4849.0,0.0,942.0,8.48673398393153,0.5161290322580645,0.0,0.5161290322580645,6.849066282633458,0.4838709677419355,0.6931471805599453,0.2258064516129032,0.0,0.5161290322580645,44803.0,-0.8917706403589045,1.0,1205.0,-0.2182572614107883,1.0,0.0,0.0,1.0,0.0,0.0,1.0,0.4806451612903226,medium,,,howrah,west bengal,False,,,,,,
2013,madhya pradesh,jabalpur rly,5.0,0.0,1005.0,0.0,18.0,6.913737350659685,0.0535714285714285,0.0,0.5089285714285714,2.9444389791664403,0.0357142857142857,1.791759469228055,0.0892857142857142,0.0,0.5089285714285714,5963.0,-0.8314606741573034,1.0,17.0,0.0588235294117647,1.0,1.0,4.0,1.0,0.0,0.0,1.0,0.1674107142857142,low,,,jabalpur rly,madhya pradesh,False,,,,,,
2013,tamil nadu,trichy rly,1.0,0.0,223.0,0.0,3.0,5.41164605185504,0.048780487804878,0.0,0.5121951219512195,1.3862943611198906,0.048780487804878,0.6931471805599453,0.0853658536585365,0.0,0.5121951219512195,2126.0,-0.8951081843838193,1.0,4.0,-0.25,1.0,1.0,0.0,1.0,0.0,0.0,1.0,0.1682926829268292,low,,,trichy rly,tamil nadu,False,,,,,,
2013,madhya pradesh,indore rly,0.0,0.0,471.0,0.0,19.0,6.156978985585555,0.0357142857142857,0.0,0.5089285714285714,2.995732273553991,0.0535714285714285,0.0,0.0446428571428571,0.0,0.5089285714285714,3687.0,-0.8722538649308381,1.0,10.0,0.9,1.0,0.0,0.0,1.0,0.0,0.0,1.0,0.1584821428571428,low,,,indore rly,madhya pradesh,False,,,,,,
2013,maharashtra,pune rly,14.0,0.0,498.0,0.0,12.0,6.212606095751519,0.0425531914893617,0.0,0.5106382978723404,2.5649493574615367,0.0425531914893617,2.70805020110221,0.0425531914893617,0.0,0.5106382978723404,4474.0,-0.8886902101028162,1.0,6.0,1.0,1.0,9.0,0.5555555555555556,1.0,0.0,0.0,1.0,0.1595744680851063,low,,,pune rly,maharashtra,False,,,,,,
2013,chhattisgarh,mungeli,88.0,0.0,1219.0,0.0,158.0,7.106606137727303,0.4333333333333333,0.0,0.5166666666666667,5.068904202220232,0.5,4.48863636973214,0.4666666666666667,0.0,0.5166666666666667,1012.0,0.2045454545454545,1.0,74.0,1.135135135135135,1.0,26.0,2.3846153846153846,1.0,0.0,0.0,1.0,0.4708333333333334,medium,,,mungeli,chhattisgarh,False,,,,,,
2013,madhya pradesh,khargon,56.0,0.0,4800.0,0.0,636.0,8.476579508530941,0.7678571428571429,0.0,0.5089285714285714,6.456769655572163,0.8214285714285714,4.04305126783455,0.25,0.0,0.5089285714285714,48202.0,-0.9004190697481432,1.0,317.0,1.0063091482649842,1.0,20.0,1.8,1.0,0.0,0.0,1.0,0.6620535714285716,medium,,,khargon,madhya pradesh,False,21.8335244,75.6149893,Khargone,133361.0,fuzzy:khargone,
2013,himachal pradesh,baddipolicedist,20.0,0.0,611.0,0.0,67.0,6.416732282512326,0.3529411764705882,0.0,0.5294117647058824,4.219507705176107,0.3823529411764705,3.044522437723423,0.4117647058823529,0.0,0.5294117647058824,1913.0,-0.6806063774176686,1.0,44.0,0.5227272727272727,1.0,22.0,-0.0909090909090909,1.0,0.0,0.0,1.0,0.4088235294117647,medium,,,baddipolicedist,himachal pradesh,False,,,,,,
2013,tamil nadu,thirunelveli rural,126.0,0.0,10365.0,0.0,760.0,9.246286498749653,0.926829268292683,0.0,0.5121951219512195,6.634633357861686,0.975609756097561,4.844187086458591,0.951219512195122,0.0,0.5121951219512195,83750.0,-0.8762388059701492,1.0,414.0,0.8357487922705314,1.0,32.0,2.9375,1.0,0.0,0.0,1.0,0.8353658536585367,high,,,thirunelveli,tamil nadu,False,8.7139126,77.7566523,Tirunelveli,498984.0,fuzzy:tirunelveli,
2013,rajasthan,discom,0.0,0.0,0.0,0.0,0.0,0.0,0.0333333333333333,0.0,0.5111111111111111,0.0,0.0333333333333333,0.0,0.0444444444444444,0.0,0.5111111111111111,,0.0,0.0,,0.0,0.0,,0.0,0.0,,0.0,0.0,0.1538888888888888,low,,,discom,rajasthan,False,,,,,,
2013,tamil nadu,salem rural,60.0,0.0,5832.0,0.0,202.0,8.671286726753637,0.7073170731707317,0.0,0.5121951219512195,5.313205979041787,0.7804878048780488,4.110873864173311,0.8780487804878049,0.0,0.5121951219512195,70481.0,-0.9172542954838891,1.0,234.0,-0.1367521367521367,1.0,85.0,-0.2941176470588235,1.0,0.0,0.0,1.0,0.6902439024390244,medium,,,salem,tamil nadu,False,11.664325,78.1460142,Salem,919150.0,exact,3482056.0
2013,arunachal pradesh,rural,0.0,0.0,109.0,0.0,14.0,4.700480365792417,0.525,0.0,0.525,2.70805020110221,0.65,0.0,0.25,0.0,0.525,298.0,-0.6342281879194631,1.0,18.0,-0.2222222222222222,1.0,3.0,-1.0,1.0,0.0,0.0,1.0,0.5225000000000001,medium,,,rural,arunachal pradesh,False,,,,,,
2013,madhya pradesh,bhopal rly,13.0,0.0,1953.0,0.0,28.0,7.577633832602728,0.2321428571428571,0.0,0.5089285714285714,3.367295829986474,0.0714285714285714,2.6390573296152584,0.1428571428571428,0.0,0.5089285714285714,16507.0,-0.8816865572181499,1.0,23.0,0.217391304347826,1.0,10.0,0.3,1.0,0.0,0.0,1.0,0.2602678571428571,low,,,bhopal rly,madhya pradesh,False,,,,,,
2013,haryana,zz total,0.0,0.0,72098.0,0.0,9013.0,11.185795453551336,1.0,0.0,0.5192307692307693,9.106534203250591,1.0,0.0,0.0576923076923076,0.0,0.5192307692307693,,0.0,0.0,,0.0,0.0,,0.0,0.0,,0.0,0.0,0.7855769230769232,high,,,zz total,haryana,True,,,,,,
2013,chhattisgarh,zz total,0.0,0.0,56870.0,0.0,6993.0,10.948540824109674,1.0,0.0,0.5166666666666667,8.852807917623322,1.0,0.0,0.05,0.0,0.5166666666666667,,0.0,0.0,,0.0,0.0,,0.0,0.0,,0.0,0.0,0.7841666666666667,high,,,zz total,chhattisgarh,True,,,,,,
2013,d n haveli,zz total,0.0,0.0,314.0,0.0,19.0,5.752572638825633,0.8333333333333334,0.0,0.6666666666666666,2.995732273553991,0.8333333333333334,0.0,0.3333333333333333,0.0,0.6666666666666666,,0.0,0.0,,0.0,0.0,,0.0,0.0,,0.0,0.0,0.7416666666666667,high,,,zz total,dadra and nagar haveli and daman and diu,True,,,,,,
2013,daman diu,zz total,0.0,0.0,246.0,0.0,18.0,5.5093883366279774,1.0,0.0,0.625,2.9444389791664403,1.0,0.0,0.375,0.0,0.625,,0.0,0.0,,0.0,0.0,,0.0,0.0,,0.0,0.0,0.84375,high,,,zz total,dadra and nagar haveli and daman and diu,True,,,,,,
2013,jammu kashmir,zz total,0.0,0.0,25390.0,0.0,3505.0,10.142150059508008,1.0,0.0,0.515625,8.16223106548118,1.0,0.0,0.359375,0.0,0.515625,,0.0,0.0,,0.0,0.0,,0.0,0.0,,0.0,0.0,0.81484375,high,,,zz total,jammu and kashmir,True,,,,,,
2013,tamil nadu,salem urban,28.0,0.0,2852.0,0.0,102.0,7.9561263512135,0.2439024390243902,0.0,0.5121951219512195,4.634728988229636,0.4146341463414634,3.367295829986474,0.6341463414634146,0.0,0.5121951219512195,30591.0,-0.9067699650223922,1.0,83.0,0.2289156626506024,1.0,26.0,0.0769230769230769,1.0,0.0,0.0,1.0,0.3841463414634146,low,,,salem,tamil nadu,False,11.664325,78.1460142,Salem,919150.0,exact,3482056.0
2013,arunachal pradesh,papum pare,0.0,0.0,600.0,0.0,85.0,6.398594934535208,0.95,0.0,0.525,4.454347296253507,0.95,0.0,0.25,0.0,0.525,5853.0,-0.8974884674525884,1.0,35.0,1.4285714285714286,1.0,7.0,-1.0,1.0,0.0,0.0,1.0,0.7737499999999999,high,,,papum pare,arunachal pradesh,False,27.081581,93.6027,Itanagar,34970.0,exact,176573.0
2013,haryana,mahendragarh,42.0,0.0,1960.0,0.0,303.0,7.581209826196346,0.2692307692307692,0.0,0.5192307692307693,5.717027701406222,0.3076923076923077,3.7612001156935615,0.3461538461538461,0.0,0.5192307692307693,18618.0,-0.8947255344290471,1.0,146.0,1.0753424657534247,1.0,0.0,0.0,1.0,0.0,0.0,1.0,0.3471153846153846,low,,,mahendragarh,haryana,False,,,,,,922088.0
2013,haryana,i p haryana,0.0,0.0,649.0,0.0,0.0,6.476972362889683,0.0769230769230769,0.0,0.5192307692307693,0.0,0.0576923076923076,0.0,0.0576923076923076,0.0,0.5192307692307693,,0.0,0.0,,0.0,0.0,,0.0,0.0,,0.0,0.0,0.1817307692307692,low,,,i p haryana,haryana,False,,,,,,
2013,assam,c i d,0.0,0.0,58.0,0.0,0.0,4.07753744390572,0.1142857142857142,0.0,0.5142857142857142,0.0,0.0714285714285714,0.0,0.2571428571428571,0.0,0.5142857142857142,384.0,-0.8489583333333334,1.0,5.0,-1.0,1.0,0.0,0.0,1.0,0.0,0.0,1.0,0.22,low,,,c i d,assam,False,,,,,,
2013,jharkhand,dhanbad rly,4.0,0.0,409.0,0.0,16.0,6.016157159698354,0.1428571428571428,0.0,0.5178571428571429,2.833213344056216,0.1071428571428571,1.6094379124341005,0.8214285714285714,0.0,0.5178571428571429,3868.0,-0.8942605997931747,1.0,15.0,0.0666666666666666,1.0,0.0,0.0,1.0,0.0,0.0,1.0,0.2973214285714286,low,,,dhanbad rly,jharkhand,False,,,,,,
2013,chandigarh,zz total,0.0,0.0,4077.0,0.0,481.0,8.3133619511344,0.8333333333333334,0.0,0.6666666666666666,6.1779441140506,0.8333333333333334,0.0,0.3333333333333333,0.0,0.6666666666666666,,0.0,0.0,,0.0,0.0,,0.0,0.0,,0.0,0.0,0.7416666666666667,high,,,zz total,chandigarh,True,,,,,,
2013,chhattisgarh,bemetara,84.0,0.0,1485.0,0.0,138.0,7.303843225277705,0.5666666666666667,0.0,0.5166666666666667,4.934473933130692,0.3666666666666666,4.442651256490317,0.4333333333333333,0.0,0.5166666666666667,1323.0,0.1224489795918367,1.0,140.0,-0.0142857142857142,1.0,69.0,0.217391304347826,1.0,0.0,0.0,1.0,0.5008333333333334,medium,,,bemetara,chhattisgarh,False,,,,,,
2013,chhattisgarh,baloda bazar,167.0,0.0,2284.0,0.0,351.0,7.734121303328305,0.7333333333333333,0.0,0.5166666666666667,5.863631175598097,0.8,5.123963979403259,0.8333333333333334,0.0,0.5166666666666667,2371.0,-0.0366933783213833,1.0,208.0,0.6875,1.0,127.0,0.3149606299212598,1.0,0.0,0.0,1.0,0.7025,high,,,baloda bazar,chhattisgarh,False,,,,,,
2013,tripura,khowai,22.0,0.0,425.0,0.0,116.0,6.054439346269371,0.3636363636363636,0.0,0.5454545454545454,4.762173934797756,0.2727272727272727,3.1354942159291497,0.7272727272727273,0.0,0.5454545454545454,423.0,0.0047281323877068,1.0,74.0,0.5675675675675675,1.0,0.0,0.0,1.0,0.0,0.0,1.0,0.4272727272727273,medium,,,khowai,tripura,False,,,,,,
2013,jharkhand,jamshedpur rly,0.0,0.0,219.0,0.0,9.0,5.393627546352362,0.0714285714285714,0.0,0.5178571428571429,2.302585092994046,0.0714285714285714,0.0,0.375,0.0,0.5178571428571429,2923.0,-0.9250769757098872,1.0,2.0,3.5,1.0,0.0,0.0,1.0,0.0,0.0,1.0,0.2133928571428571,low,,,jamshedpur rly,jharkhand,False,,,,,,
2013,lakshadweep,zz total,0.0,0.0,40.0,0.0,3.0,3.713572066704308,0.8333333333333334,0.0,0.6666666666666666,1.3862943611198906,0.8333333333333334,0.0,0.6666666666666666,0.0,0.6666666666666666,,0.0,0.0,,0.0,0.0,,0.0,0.0,,0.0,0.0,0.775,high,,,zz total,lakshadweep,True,,,,,,
2013,tamil nadu,madurai urban,29.0,0.0,3031.0,0.0,155.0,8.016977746762262,0.2682926829268293,0.0,0.5121951219512195,5.049856007249537,0.5609756097560976,3.4011973816621555,0.6585365853658537,0.0,0.5121951219512195,36716.0,-0.9174474343610416,1.0,163.0,-0.0490797546012269,1.0,37.0,-0.2162162162162162,1.0,0.0,0.0,1.0,0.426829268292683,medium,,,madurai,tamil nadu,False,9.9252007,78.1197754,Madurai,1462420.0,exact,3038252.0
2013,west bengal,paschim midnapur,6.0,0.0,4739.0,0.0,1119.0,8.463792414689122,0.4516129032258064,0.0,0.5161290322580645,7.02108396428914,0.6774193548387096,1.9459101490553128,0.3548387096774194,0.0,0.5161290322580645,38981.0,-0.8784279520792181,1.0,1128.0,-0.0079787234042553,1.0,17.0,-0.6470588235294118,1.0,0.0,0.0,1.0,0.5032258064516129,medium,,,paschim midnapur,west bengal,False,,,,,,
2013,west bengal,purab midnapur,135.0,0.0,5295.0,0.0,1010.0,8.574707097616844,0.6451612903225806,0.0,0.5161290322580645,6.918695219020472,0.5483870967741935,4.912654885736052,0.8064516129032258,0.0,0.5161290322580645,35502.0,-0.8508534730437722,1.0,857.0,0.1785297549591598,1.0,1.0,134.0,1.0,0.0,0.0,1.0,0.6096774193548388,medium,,,purab midnapur,west bengal,False,,,,,,
2013,odisha,malkangir,9.0,0.0,494.0,0.0,92.0,6.20455776256869,0.1081081081081081,0.0,0.5135135135135135,4.532599493153256,0.1081081081081081,2.302585092994046,0.3513513513513513,0.0,0.5135135135135135,5325.0,-0.9072300469483568,1.0,110.0,-0.1636363636363636,1.0,10.0,-0.1,1.0,0.0,0.0,1.0,0.2337837837837837,low,,,malkangir,odisha,False,,,,,,
2013,meghalaya,zz total,0.0,0.0,3259.0,0.0,339.0,8.089482474360754,1.0,0.0,0.5384615384615384,5.828945617610208,1.0,0.0,0.0769230769230769,0.0,0.5384615384615384,,0.0,0.0,,0.0,0.0,,0.0,0.0,,0.0,0.0,0.7923076923076924,high,,,zz total,meghalaya,True,,,,,,
2013,nagaland,zz total,0.0,0.0,1216.0,0.0,66.0,7.104144092987527,1.0,0.0,0.5384615384615384,4.204692619390966,1.0,0.0,0.4230769230769231,0.0,0.5384615384615384,,0.0,0.0,,0.0,0.0,,0.0,0.0,,0.0,0.0,0.826923076923077,high,,,zz total,nagaland,True,,,,,,
2013,meghalaya,garo hills south w,5.0,0.0,92.0,0.0,16.0,4.532599493153256,0.2307692307692307,0.0,0.5384615384615384,2.833213344056216,0.3846153846153846,1.791759469228055,0.1538461538461538,0.0,0.5384615384615384,,0.0,0.0,,0.0,0.0,,0.0,0.0,,0.0,0.0,0.3307692307692308,low,,,garo hills south w,meghalaya,False,,,,,,
2013,bihar,jamalpur rly,0.0,0.0,306.0,0.0,2.0,5.726847747587197,0.0652173913043478,0.0,0.5108695652173914,1.0986122886681098,0.0434782608695652,0.0,0.1413043478260869,0.0,0.5108695652173914,2839.0,-0.8922155688622755,1.0,1.0,1.0,1.0,0.0,0.0,1.0,0.0,0.0,1.0,0.1798913043478261,low,,,jamalpur rly,bihar,False,,,,,,
2013,haryana,ambala rural,32.0,0.0,1110.0,0.0,189.0,7.01301578963963,0.1153846153846153,0.0,0.5192307692307693,5.247024072160486,0.1538461538461538,3.49650756146648,0.2307692307692307,0.0,0.5192307692307693,1082.0,0.0258780036968576,1.0,126.0,0.5,1.0,4.0,7.0,1.0,0.0,0.0,1.0,0.2355769230769231,low,,,ambala,haryana,False,30.3781788,76.7766974,Ambala,407934.0,exact,1128350.0
2013,haryana,ambala urban,63.0,0.0,2255.0,0.0,353.0,7.721348612617949,0.3846153846153846,0.0,0.5192307692307693,5.869296913133774,0.5384615384615384,4.158883083359672,0.6538461538461539,0.0,0.5192307692307693,2342.0,-0.0371477369769427,1.0,261.0,0.3524904214559387,1.0,61.0,0.0327868852459016,1.0,0.0,0.0,1.0,0.4759615384615384,medium,,,ambala,haryana,False,30.3781788,76.7766974,Ambala,407934.0,exact,1128350.0
2013,tripura,zz total,0.0,0.0,6210.0,0.0,1627.0,8.734077192559303,1.0,0.0,0.5454545454545454,7.395107546562485,1.0,0.0,0.1363636363636363,0.0,0.5454545454545454,,0.0,0.0,,0.0,0.0,,0.0,0.0,,0.0,0.0,0.8,high,,,zz total,tripura,True,,,,,,
2013,mizoram,traffic ps,0.0,0.0,12.0,0.0,0.0,2.5649493574615367,0.25,0.0,0.5416666666666666,0.0,0.1666666666666666,0.0,0.1666666666666666,0.0,0.5416666666666666,,0.0,0.0,,0.0,0.0,,0.0,0.0,,0.0,0.0,0.2979166666666666,low,,,traffic ps,mizoram,False,,,,,,
2013,mizoram,zz total,0.0,0.0,1709.0,0.0,177.0,7.444248649496705,1.0,0.0,0.5416666666666666,5.181783550292085,1.0,0.0,0.1666666666666666,0.0,0.5416666666666666,,0.0,0.0,,0.0,0.0,,0.0,0.0,,0.0,0.0,0.8020833333333334,high,,,zz total,mizoram,True,,,,,,
2013,west bengal,bkp cp,27.0,0.0,6581.0,0.0,1103.0,8.792093929503284,0.7096774193548387,0.0,0.5161290322580645,7.00669522683704,0.6129032258064516,3.332204510175204,0.5161290322580645,0.0,0.5161290322580645,6608.0,-0.0040859564164648,1.0,1336.0,-0.1744011976047904,1.0,22.0,0.2272727272727272,1.0,0.0,0.0,1.0,0.6225806451612904,medium,,,bkp cp,west bengal,False,,,,,,
2013,tamil nadu,madurai rural,16.0,0.0,7855.0,0.0,486.0,8.969032850034301,0.8048780487804879,0.0,0.5121951219512195,6.18826412308259,0.926829268292683,2.833213344056216,0.4634146341463415,0.0,0.5121951219512195,60075.0,-0.8692467748647524,1.0,266.0,0.8270676691729323,1.0,53.0,-0.6981132075471698,1.0,0.0,0.0,1.0,0.7219512195121952,high,,,madurai,tamil nadu,False,9.9252007,78.1197754,Madurai,1462420.0,exact,3038252.0
2013,maharashtra,zz total,0.0,0.0,234385.0,0.0,24563.0,12.364724607938811,1.0,0.0,0.5106382978723404,10.10903723544929,1.0,0.0,0.0212765957446808,0.0,0.5106382978723404,,0.0,0.0,,0.0,0.0,,0.0,0.0,,0.0,0.0,0.7797872340425531,high,,,zz total,maharashtra,True,,,,,,
2013,kerala,zz total,0.0,0.0,176334.0,0.0,11013.0,12.0801408739235,1.0,0.0,0.5227272727272727,9.306922469822426,1.0,0.0,0.0454545454545454,0.0,0.5227272727272727,,0.0,0.0,,0.0,0.0,,0.0,0.0,,0.0,0.0,0.7852272727272727,high,,,zz total,kerala,True,,,,,,
2013,karnataka,bangalore commr,681.0,0.0,30318.0,0.0,1603.0,10.319529857682062,0.972972972972973,0.0,0.5135135135135135,7.38025578842646,0.972972972972973,6.525029657843462,0.972972972972973,0.0,0.5135135135135135,350347.0,-0.913462938172726,1.0,1470.0,0.0904761904761904,1.0,551.0,0.2359346642468239,1.0,0.0,0.0,1.0,0.8581081081081081,high,,,bangalore commr,karnataka,False,,,,,,
2013,madhya pradesh,sihore,154.0,0.0,3907.0,0.0,341.0,8.270781013162674,0.625,0.0,0.5089285714285714,5.834810737062605,0.5,5.043425116919247,0.5803571428571429,0.0,0.5089285714285714,41929.0,-0.9068186696558468,1.0,254.0,0.3425196850393701,1.0,139.0,0.1079136690647482,1.0,0.0,0.0,1.0,0.5665178571428572,medium,,,sihore,madhya pradesh,False,,,,,,
2013,gujarat,zz total,0.0,0.0,157435.0,0.0,12123.0,11.966774305459264,1.0,0.0,0.5142857142857142,9.402942238177694,1.0,0.0,0.0428571428571428,0.0,0.5142857142857142,,0.0,0.0,,0.0,0.0,,0.0,0.0,,0.0,0.0,0.7828571428571429,high,,,zz total,gujarat,True,,,,,,
2013,arunachal pradesh,k kumey,0.0,0.0,41.0,0.0,2.0,3.737669618283368,0.2,0.0,0.525,1.0986122886681098,0.225,0.0,0.25,0.0,0.525,507.0,-0.9191321499013808,1.0,4.0,-0.5,1.0,0.0,0.0,1.0,0.0,0.0,1.0,0.29125,low,,,k kumey,arunachal pradesh,False,,,,,,
2013,gujarat,vadodara commr,139.0,0.0,12786.0,0.0,618.0,9.456184308811167,0.9142857142857144,0.0,0.5142857142857142,6.428105272684596,0.8285714285714286,4.941642422609304,0.9428571428571428,0.0,0.5142857142857142,67448.0,-0.8104317400071166,1.0,393.0,0.5725190839694656,1.0,71.0,0.9577464788732394,1.0,0.0,0.0,1.0,0.8,high,,,vadodara commr,gujarat,False,,,,,,
2013,gujarat,rajkot commr,74.0,0.0,3572.0,0.0,338.0,8.181160858023409,0.5428571428571428,0.0,0.5142857142857142,5.82600010738045,0.6285714285714286,4.31748811353631,0.7142857142857143,0.0,0.5142857142857142,52176.0,-0.9315394050904632,1.0,338.0,0.0,1.0,80.0,-0.075,1.0,0.0,0.0,1.0,0.57,medium,,,rajkot commr,gujarat,False,,,,,,
2013,jharkhand,zz total,0.0,0.0,48208.0,0.0,5065.0,10.78330100460001,1.0,0.0,0.5178571428571429,8.53030683056162,1.0,0.0,0.375,0.0,0.5178571428571429,,0.0,0.0,,0.0,0.0,,0.0,0.0,,0.0,0.0,0.8169642857142857,high,,,zz total,jharkhand,True,,,,,,
2013,bihar,zz total,0.0,0.0,167455.0,0.0,11652.0,12.028475909171934,1.0,0.0,0.5108695652173914,9.363318936573265,1.0,0.0,0.1413043478260869,0.0,0.5108695652173914,,0.0,0.0,,0.0,0.0,,0.0,0.0,,0.0,0.0,0.7918478260869565,high,,,zz total,bihar,True,,,,,,
2013,tamil nadu,coimbatore rural,15.0,0.0,5053.0,0.0,126.0,8.52793528794814,0.6341463414634146,0.0,0.5121951219512195,4.844187086458591,0.4634146341463415,2.772588722239781,0.4024390243902439,0.0,0.5121951219512195,99023.0,-0.9489714510770224,1.0,128.0,-0.015625,1.0,17.0,-0.1176470588235294,1.0,0.0,0.0,1.0,0.5463414634146343,medium,,,coimbatore,tamil nadu,False,11.0168445,76.9558321,Coimbatore,2151466.0,exact,3458045.0
2013,punjab,zz total,0.0,0.0,36667.0,0.0,4854.0,10.509659719081666,1.0,0.0,0.5166666666666667,8.487764380725425,1.0,0.0,0.0333333333333333,0.0,0.5166666666666667,,0.0,0.0,,0.0,0.0,,0.0,0.0,,0.0,0.0,0.7825,high,,,zz total,punjab,True,,,,,,
2013,madhya pradesh,zz total,0.0,0.0,227453.0,0.0,21967.0,12.334703299126213,1.0,0.0,0.5089285714285714,9.997342128007752,1.0,0.0,0.0446428571428571,0.0,0.5089285714285714,,0.0,0.0,,0.0,0.0,,0.0,0.0,,0.0,0.0,0.7816964285714286,high,,,zz total,madhya pradesh,True,,,,,,
2013,gujarat,palanpur,16.0,0.0,5480.0,0.0,632.0,8.609042845046117,0.8,0.0,0.5142857142857142,6.450470422144176,0.9,2.833213344056216,0.2571428571428571,0.0,0.5142857142857142,51920.0,-0.8944530046224961,1.0,570.0,0.1087719298245614,1.0,22.0,-0.2727272727272727,1.0,0.0,0.0,1.0,0.6942857142857143,medium,,,palanpur,gujarat,False,24.174051,72.4330989,Palanpur,122344.0,exact,
2013,gujarat,surat commr,132.0,0.0,24307.0,0.0,855.0,10.098560793255244,0.9714285714285714,0.0,0.5142857142857142,6.752270376141742,0.9428571428571428,4.890349128221754,0.9142857142857144,0.0,0.5142857142857142,85040.0,-0.7141698024459078,1.0,436.0,0.9610091743119266,1.0,48.0,1.75,1.0,0.0,0.0,1.0,0.8457142857142858,high,,,surat commr,gujarat,False,,,,,,
2013,karnataka,bangalore rural,0.0,0.0,5663.0,0.0,406.0,8.641885635373555,0.8918918918918919,0.0,0.5135135135135135,6.008813185442595,0.8378378378378378,0.0,0.1081081081081081,0.0,0.5135135135135135,77461.0,-0.9268922425478628,1.0,248.0,0.6370967741935484,1.0,0.0,0.0,1.0,0.0,0.0,1.0,0.7081081081081082,high,,,bengaluru,karnataka,False,12.9715987,77.5945627,Bengaluru,8728906.0,exact,9621551.0
2013,karnataka,belgaum,107.0,0.0,6594.0,0.0,551.0,8.794067065151415,0.945945945945946,0.0,0.5135135135135135,6.313548046277095,0.918918918918919,4.68213122712422,0.945945945945946,0.0,0.5135135135135135,73697.0,-0.9105255302115418,1.0,597.0,-0.0770519262981574,1.0,86.0,0.2441860465116279,1.0,0.0,0.0,1.0,0.8324324324324325,high,,,belgaum,karnataka,False,,,,,,4779661.0
2013,tamil nadu,coimbatore urban,15.0,0.0,17945.0,0.0,88.0,9.795122527858004,0.975609756097561,0.0,0.5121951219512195,4.48863636973214,0.3658536585365853,2.772588722239781,0.4024390243902439,0.0,0.5121951219512195,52542.0,-0.6584637052262952,1.0,163.0,-0.4601226993865031,1.0,23.0,-0.3478260869565217,1.0,0.0,0.0,1.0,0.6804878048780488,medium,,,coimbatore,tamil nadu,False,11.0168445,76.9558321,Coimbatore,2151466.0,exact,3458045.0
2013,karnataka,bellary,1.0,0.0,3269.0,0.0,221.0,8.0925452638913,0.6216216216216216,0.0,0.5135135135135135,5.402677381872279,0.4864864864864865,0.6931471805599453,0.2567567567567567,0.0,0.5135135135135135,41853.0,-0.9218932931928416,1.0,203.0,0.0886699507389162,1.0,6.0,-0.8333333333333334,1.0,0.0,0.0,1.0,0.5310810810810811,medium,,,bellary,karnataka,False,15.2688542,76.3909241,Hospet,206159.0,exact,2452595.0
2013,andhra pradesh,zz total,0.0,0.0,218015.0,0.0,30438.0,12.292323733573395,1.0,0.0,0.5142857142857142,10.32347995992483,1.0,0.0,0.0428571428571428,0.0,0.5142857142857142,,0.0,0.0,,0.0,0.0,,0.0,0.0,,0.0,0.0,0.7828571428571429,high,,,zz total,andhra pradesh,True,,,,,,
2013,andhra pradesh,warangal,87.0,0.0,5421.0,0.0,480.0,8.598220030058611,0.3714285714285714,0.0,0.5142857142857142,6.175867270105761,0.2285714285714285,4.477336814478207,0.6142857142857143,0.0,0.5142857142857142,75347.0,-0.928052875363319,1.0,386.0,0.2435233160621761,1.0,69.0,0.2608695652173913,1.0,0.0,0.0,1.0,0.4028571428571428,medium,,,warangal,andhra pradesh,False,,,,,,3512576.0
2013,andhra pradesh,warangal urban,53.0,0.0,4440.0,0.0,502.0,8.398634855292102,0.2571428571428571,0.0,0.5142857142857142,6.220590170099739,0.2857142857142857,3.9889840465642745,0.4571428571428571,0.0,0.5142857142857142,9896.0,-0.5513338722716249,1.0,490.0,0.0244897959183673,1.0,48.0,0.1041666666666666,1.0,0.0,0.0,1.0,0.3471428571428571,low,,,warangal,andhra pradesh,False,,,,,,3512576.0
2013,maharashtra,nagpur rly,27.0,0.0,1577.0,0.0,23.0,7.363913501405819,0.1702127659574468,0.0,0.5106382978723404,3.1780538303479458,0.0638297872340425,3.332204510175204,0.1489361702127659,0.0,0.5106382978723404,13825.0,-0.8859312839059674,1.0,14.0,0.6428571428571429,1.0,12.0,1.25,1.0,0.0,0.0,1.0,0.2319148936170212,low,,,nagpur rly,maharashtra,False,,,,,,
2013,assam,zz total,0.0,0.0,87186.0,0.0,17390.0,11.375810516214353,1.0,0.0,0.5142857142857142,9.763708110007842,1.0,0.0,0.2571428571428571,0.0,0.5142857142857142,,0.0,0.0,,0.0,0.0,,0.0,0.0,,0.0,0.0,0.8042857142857143,high,,,zz total,assam,True,,,,,,
2013,madhya pradesh,umariya,68.0,0.0,1579.0,0.0,216.0,7.365180126021013,0.1428571428571428,0.0,0.5089285714285714,5.37989735354046,0.25,4.23410650459726,0.3035714285714285,0.0,0.5089285714285714,15583.0,-0.898671629339665,1.0,116.0,0.8620689655172413,1.0,60.0,0.1333333333333333,1.0,0.0,0.0,1.0,0.271875,low,,,umariya,madhya pradesh,False,,,,,,
2013,punjab,bhatinda,86.0,0.0,2096.0,0.0,252.0,7.64826303090192,0.8666666666666667,0.0,0.5166666666666667,5.53338948872752,0.8,4.465908118654584,0.8666666666666667,0.0,0.5166666666666667,19491.0,-0.892463188138115,1.0,155.0,0.6258064516129033,1.0,48.0,0.7916666666666666,1.0,0.0,0.0,1.0,0.7658333333333334,high,,,bhatinda,punjab,False,30.210994,74.9454745,Bathinda,285788.0,fuzzy:bathinda,
2013,bihar,katihar rly,0.0,0.0,266.0,0.0,8.0,5.58724865840025,0.0434782608695652,0.0,0.5108695652173914,2.19722457733622,0.0652173913043478,0.0,0.1413043478260869,0.0,0.5108695652173914,5176.0,-0.9486089644513136,1.0,8.0,0.0,1.0,0.0,0.0,1.0,0.0,0.0,1.0,0.1744565217391304,low,,,katihar rly,bihar,False,,,,,,
2013,uttar pradesh,zz total,0.0,0.0,226445.0,0.0,31231.0,12.330261784884875,1.0,0.0,0.5064102564102564,10.34919848921282,1.0,0.0,0.0128205128205128,0.0,0.5064102564102564,,0.0,0.0,,0.0,0.0,,0.0,0.0,,0.0,0.0,0.7778846153846154,high,,,zz total,uttar pradesh,True,,,,,,
2013,puducherry,zz total,0.0,0.0,3756.0,0.0,71.0,8.231376045573969,1.0,0.0,0.625,4.276666119016055,1.0,0.0,0.25,0.0,0.625,,0.0,0.0,,0.0,0.0,,0.0,0.0,,0.0,0.0,0.83125,high,,,zz total,puducherry,True,,,,,,
2013,karnataka,dharwad commr,59.0,0.0,2443.0,0.0,222.0,7.801391320291485,0.4054054054054054,0.0,0.5135135135135135,5.407171771460119,0.5135135135135135,4.0943445622221,0.8918918918918919,0.0,0.5135135135135135,23763.0,-0.8971931153473888,1.0,131.0,0.6946564885496184,1.0,37.0,0.5945945945945946,1.0,0.0,0.0,1.0,0.5027027027027028,medium,,,dharwad commr,karnataka,False,,,,,,
2013,west bengal,bdn cp,1.0,0.0,2491.0,0.0,378.0,7.820840879907344,0.2903225806451613,0.0,0.5161290322580645,5.937536205082426,0.2903225806451613,0.6931471805599453,0.2258064516129032,0.0,0.5161290322580645,3446.0,-0.2771329077190946,1.0,408.0,-0.0735294117647058,1.0,0.0,0.0,1.0,0.0,0.0,1.0,0.3403225806451613,low,,,bdn cp,west bengal,False,,,,,,
2013,karnataka,dharwad rural,2.0,0.0,1238.0,0.0,80.0,7.122059881629142,0.1351351351351351,0.0,0.5135135135135135,4.394449154672439,0.1081081081081081,1.0986122886681098,0.3513513513513513,0.0,0.5135135135135135,13068.0,-0.9052647689011324,1.0,70.0,0.1428571428571428,1.0,2.0,0.0,1.0,0.0,0.0,1.0,0.2459459459459459,low,,,dharwad,karnataka,False,15.3647083,75.1239547,Hubli,943857.0,exact,1847023.0
2013,karnataka,bijapur,43.0,0.0,2569.0,0.0,237.0,7.851661177889265,0.4324324324324324,0.0,0.5135135135135135,5.472270673671475,0.5675675675675675,3.784189633918261,0.8243243243243243,0.0,0.5135135135135135,37987.0,-0.9323716008108036,1.0,224.0,0.0580357142857142,1.0,3.0,13.333333333333334,1.0,0.0,0.0,1.0,0.518918918918919,medium,,,bijapur,karnataka,False,,,,,,2177331.0
2013,karnataka,cbpura,8.0,0.0,2372.0,0.0,174.0,7.771910256435763,0.3783783783783784,0.0,0.5135135135135135,5.1647859739235145,0.3783783783783784,2.19722457733622,0.4729729729729729,0.0,0.5135135135135135,11337.0,-0.7907735732557114,1.0,139.0,0.2517985611510791,1.0,2.0,3.0,1.0,0.0,0.0,1.0,0.4216216216216216,medium,,,cbpura,karnataka,False,,,,,,
2013,andhra pradesh,vijayawada rly,6.0,0.0,773.0,0.0,15.0,6.651571873589727,0.0857142857142857,0.0,0.5142857142857142,2.772588722239781,0.1142857142857142,1.9459101490553128,0.1142857142857142,0.0,0.5142857142857142,5216.0,-0.8518021472392638,1.0,15.0,0.0,1.0,0.0,0.0,1.0,0.0,0.0,1.0,0.2014285714285714,low,,,vijayawada rly,andhra pradesh,False,,,,,,
2013,punjab,sas ngr,96.0,0.0,2826.0,0.0,395.0,7.946971357693591,0.9,0.0,0.5166666666666667,5.981414211254481,0.9333333333333332,4.574710978503383,0.9333333333333332,0.0,0.5166666666666667,13503.0,-0.7907131748500333,1.0,221.0,0.7873303167420814,1.0,42.0,1.2857142857142858,1.0,0.0,0.0,1.0,0.8141666666666667,high,,,sas ngr,punjab,False,,,,,,
2013,delhi ut,metro rail,9.0,0.0,962.0,0.0,35.0,6.870053411798126,0.4,0.0,0.525,3.58351893845611,0.35,2.302585092994046,0.35,0.0,0.525,,0.0,0.0,,0.0,0.0,,0.0,0.0,,0.0,0.0,0.4162499999999999,medium,,,metro rail,delhi,False,,,,,,
2013,delhi ut,grp,32.0,0.0,760.0,0.0,21.0,6.634633357861686,0.35,0.0,0.525,3.091042453358316,0.3,3.49650756146648,0.4,0.0,0.525,6442.0,-0.8820242160819621,1.0,0.0,0.0,1.0,0.0,0.0,1.0,0.0,0.0,1.0,0.38875,low,,,grp,delhi,False,,,,,,
2013,delhi ut,caw,0.0,0.0,203.0,0.0,203.0,5.318119993844216,0.25,0.0,0.525,5.318119993844216,0.45,0.0,0.125,0.0,0.525,796.0,-0.7449748743718593,1.0,0.0,0.0,1.0,0.0,0.0,1.0,0.0,0.0,1.0,0.34625,low,,,caw,delhi,False,,,,,,
2013,karnataka,dakshin kannada,24.0,0.0,2050.0,0.0,148.0,7.62608275807238,0.2702702702702703,0.0,0.5135135135135135,5.003946305945459,0.2702702702702703,3.218875824868201,0.6756756756756757,0.0,0.5135135135135135,42281.0,-0.9515148648329036,1.0,108.0,0.3703703703703703,1.0,17.0,0.4117647058823529,1.0,0.0,0.0,1.0,0.3716216216216216,low,,,dakshin kannada,karnataka,False,,,,,,
2013,karnataka,chickmagalur,8.0,0.0,2758.0,0.0,274.0,7.922623574217286,0.4864864864864865,0.0,0.5135135135135135,5.616771097666572,0.6486486486486487,2.19722457733622,0.4729729729729729,0.0,0.5135135135135135,34702.0,-0.9205233127773615,1.0,187.0,0.46524064171123,1.0,4.0,1.0,1.0,0.0,0.0,1.0,0.5243243243243243,medium,,,chickmagalur,karnataka,False,,,,,,
2013,west bengal,24 parganas south,457.0,0.0,15567.0,0.0,2827.0,9.652972804425788,0.935483870967742,0.0,0.5161290322580645,7.947325027016463,0.935483870967742,6.126869184114185,0.967741935483871,0.0,0.5161290322580645,120912.0,-0.8712534736006352,1.0,2457.0,0.1505901505901506,1.0,19.0,23.05263157894737,1.0,0.0,0.0,1.0,0.8338709677419355,high,,,24 parganas south,west bengal,False,,,,,,
2013,uttarakhand,zz total,0.0,0.0,9546.0,0.0,1706.0,9.163982247998034,1.0,0.0,0.5333333333333333,7.442492722794441,1.0,0.0,0.1666666666666666,0.0,0.5333333333333333,,0.0,0.0,,0.0,0.0,,0.0,0.0,,0.0,0.0,0.8,high,,,zz total,uttarakhand,True,,,,,,
2013,west bengal,asansol,0.0,0.0,4785.0,0.0,674.0,8.47345026846832,0.4838709677419355,0.0,0.5161290322580645,6.51471269087253,0.4354838709677419,0.0,0.0967741935483871,0.0,0.5161290322580645,19677.0,-0.7568226863851197,1.0,375.0,0.7973333333333333,1.0,8.0,-1.0,1.0,0.0,0.0,1.0,0.4435483870967742,medium,,,asansol,west bengal,False,,,,,,
2013,west bengal,24 parganas north,326.0,0.0,13409.0,0.0,2439.0,9.503755976275723,0.9032258064516128,0.0,0.5161290322580645,7.799753318287247,0.9032258064516128,5.7899601708972535,0.9032258064516128,0.0,0.5161290322580645,122795.0,-0.8908017427419683,1.0,2590.0,-0.0583011583011583,1.0,375.0,-0.1306666666666666,1.0,0.0,0.0,1.0,0.8064516129032259,high,,,24 parganas north,west bengal,False,,,,,,
2013,gujarat,kheda north,77.0,0.0,4838.0,0.0,248.0,8.48446336679332,0.7428571428571429,0.0,0.5142857142857142,5.517452896464707,0.4571428571428571,4.356708826689592,0.7571428571428571,0.0,0.5142857142857142,53275.0,-0.9091881745659316,1.0,256.0,-0.03125,1.0,59.0,0.3050847457627119,1.0,0.0,0.0,1.0,0.63,medium,,,kheda north,gujarat,False,,,,,,
2013,gujarat,kutch,59.0,0.0,4931.0,0.0,632.0,8.503499864284235,0.7714285714285715,0.0,0.5142857142857142,6.450470422144176,0.9,4.0943445622221,0.5428571428571428,0.0,0.5142857142857142,52081.0,-0.9053205583610144,1.0,411.0,0.537712895377129,1.0,31.0,0.9032258064516128,1.0,0.0,0.0,1.0,0.71,high,,,kutch,gujarat,False,23.075297,70.133673,Gandhidham,247992.0,exact,
2013,karnataka,gulbarga,18.0,0.0,4524.0,0.0,355.0,8.417372856134026,0.7837837837837838,0.0,0.5135135135135135,5.87493073085203,0.7297297297297297,2.9444389791664403,0.5675675675675675,0.0,0.5135135135135135,57080.0,-0.9207428170988088,1.0,361.0,-0.0166204986149584,1.0,1.0,17.0,1.0,0.0,0.0,1.0,0.6837837837837838,medium,,,gulbarga,karnataka,False,,,,,,2566326.0
2013,tamil nadu,chennai rly,0.0,0.0,598.0,0.0,6.0,6.395261598115449,0.073170731707317,0.0,0.5121951219512195,1.9459101490553128,0.073170731707317,0.0,0.0365853658536585,0.0,0.5121951219512195,6097.0,-0.9019189765458422,1.0,9.0,-0.3333333333333333,1.0,1.0,-1.0,1.0,0.0,0.0,1.0,0.1792682926829268,low,,,chennai rly,tamil nadu,False,,,,,,
2013,bihar,patna rly,12.0,0.0,1105.0,0.0,29.0,7.00850518208228,0.1521739130434782,0.0,0.5108695652173914,3.4011973816621555,0.108695652173913,2.5649493574615367,0.4130434782608695,0.0,0.5108695652173914,12653.0,-0.9126689322690272,1.0,28.0,0.0357142857142857,1.0,1.0,11.0,1.0,0.0,0.0,1.0,0.2592391304347826,low,,,patna rly,bihar,False,,,,,,
2013,gujarat,himatnagar,70.0,0.0,10261.0,0.0,433.0,9.23620303150191,0.8857142857142857,0.0,0.5142857142857142,6.073044534100405,0.7142857142857143,4.262679877041316,0.6142857142857143,0.0,0.5142857142857142,56623.0,-0.818783886406584,1.0,340.0,0.2735294117647059,1.0,44.0,0.5909090909090909,1.0,0.0,0.0,1.0,0.7314285714285714,high,,,himatnagar,gujarat,False,,,,,,
2013,maharashtra,mumbai rly,21.0,0.0,2684.0,0.0,57.0,7.895436006942965,0.2978723404255319,0.0,0.5106382978723404,4.060443010546419,0.0851063829787234,3.091042453358316,0.1063829787234042,0.0,0.5106382978723404,25194.0,-0.8934666984202588,1.0,31.0,0.8387096774193549,1.0,20.0,0.05,1.0,0.0,0.0,1.0,0.2893617021276596,low,,,mumbai rly,maharashtra,False,,,,,,
2013,uttar pradesh,chitrakoot dham,39.0,0.0,807.0,0.0,101.0,6.694562058521095,0.1153846153846153,0.0,0.5064102564102564,4.624972813284271,0.0641025641025641,3.688879454113936,0.1025641025641025,0.0,0.5064102564102564,5551.0,-0.8546207890470185,1.0,138.0,-0.2681159420289855,1.0,38.0,0.0263157894736842,1.0,0.0,0.0,1.0,0.2016025641025641,low,,,chitrakoot dham,uttar pradesh,False,,,,,,
2013,odisha,zz total,0.0,0.0,71718.0,0.0,12130.0,11.18051098450976,1.0,0.0,0.5135135135135135,9.40351943877092,1.0,0.0,0.1351351351351351,0.0,0.5135135135135135,,0.0,0.0,,0.0,0.0,,0.0,0.0,,0.0,0.0,0.7918918918918919,high,,,zz total,odisha,True,,,,,,
2013,karnataka,mangalore city,23.0,0.0,2872.0,0.0,151.0,7.96311205897929,0.5135135135135135,0.0,0.5135135135135135,5.0238805208462765,0.2972972972972973,3.1780538303479458,0.6486486486486487,0.0,0.5135135135135135,5300.0,-0.4581132075471698,1.0,98.0,0.5408163265306123,1.0,8.0,1.875,1.0,0.0,0.0,1.0,0.4837837837837838,medium,,,mangalore,karnataka,False,,,,,,
2013,sikkim,zz total,0.0,0.0,851.0,0.0,93.0,6.747586526829315,1.0,0.0,0.5833333333333334,4.543294782270004,1.0,0.0,0.25,0.0,0.5833333333333334,,0.0,0.0,,0.0,0.0,,0.0,0.0,,0.0,0.0,0.8208333333333334,high,,,zz total,sikkim,True,,,,,,
2013,karnataka,mysore commr,22.0,0.0,2916.0,0.0,102.0,7.978310969867722,0.5405405405405406,0.0,0.5135135135135135,4.634728988229636,0.1621621621621621,3.1354942159291497,0.6216216216216216,0.0,0.5135135135135135,31459.0,-0.9073079246002732,1.0,94.0,0.0851063829787234,1.0,13.0,0.6923076923076923,1.0,0.0,0.0,1.0,0.4662162162162162,medium,,,mysore commr,karnataka,False,,,,,,
2013,karnataka,mysore rural,2.0,0.0,4116.0,0.0,179.0,8.322880021769905,0.7297297297297297,0.0,0.5135135135135135,5.19295685089021,0.4324324324324324,1.0986122886681098,0.3513513513513513,0.0,0.5135135135135135,39229.0,-0.8950776211476204,1.0,397.0,-0.5491183879093199,1.0,6.0,-0.6666666666666666,1.0,0.0,0.0,1.0,0.5783783783783784,medium,,,mysore,karnataka,False,,,,,,3001127.0
2013,andhra pradesh,nizamabad,65.0,0.0,7662.0,0.0,1268.0,8.944158830970403,0.7428571428571429,0.0,0.5142857142857142,7.145984467714388,0.7714285714285715,4.189654742026425,0.4857142857142857,0.0,0.5142857142857142,61912.0,-0.8762437007365292,1.0,875.0,0.4491428571428571,1.0,33.0,0.9696969696969696,1.0,0.0,0.0,1.0,0.6657142857142857,medium,,,nizamabad,andhra pradesh,False,,,,,,2551335.0
2013,andhra pradesh,medak,66.0,0.0,7054.0,0.0,845.0,8.861491864286915,0.6571428571428571,0.0,0.5142857142857142,6.740519359606223,0.5142857142857142,4.204692619390966,0.5142857142857142,0.0,0.5142857142857142,61927.0,-0.8860916886010949,1.0,733.0,0.1527967257844474,1.0,65.0,0.0153846153846153,1.0,0.0,0.0,1.0,0.5785714285714285,medium,,,medak,andhra pradesh,False,,,,,,3033288.0
2013,andhra pradesh,nalgonda,130.0,0.0,10291.0,0.0,1221.0,9.239122173401634,0.8857142857142857,0.0,0.5142857142857142,7.108244139731541,0.7428571428571429,4.875197323201151,0.8,0.0,0.5142857142857142,85368.0,-0.8794513166526099,1.0,963.0,0.2679127725856697,1.0,93.0,0.3978494623655914,1.0,0.0,0.0,1.0,0.7557142857142858,high,,,nalgonda,andhra pradesh,False,,,,,,3488809.0
2013,odisha,nowrangpur,0.0,0.0,1542.0,0.0,329.0,7.341483852363161,0.3783783783783784,0.0,0.5135135135135135,5.799092654460526,0.5405405405405406,0.0,0.1351351351351351,0.0,0.5135135135135135,9909.0,-0.8443838934302149,1.0,229.0,0.4366812227074236,1.0,0.0,0.0,1.0,0.0,0.0,1.0,0.4202702702702703,medium,,,nowrangpur,odisha,False,,,,,,
2013,assam,r p o,0.0,0.0,85.0,0.0,12.0,4.454347296253507,0.1428571428571428,0.0,0.5142857142857142,2.5649493574615367,0.1714285714285714,0.0,0.2571428571428571,0.0,0.5142857142857142,1016.0,-0.9163385826771654,1.0,6.0,1.0,1.0,0.0,0.0,1.0,0.0,0.0,1.0,0.2528571428571428,low,,,r p o,assam,False,,,,,,
2013,andhra pradesh,ranga reddy,46.0,0.0,2191.0,0.0,336.0,7.692569648067906,0.1428571428571428,0.0,0.5142857142857142,5.820082930352362,0.1714285714285714,3.8501476017100575,0.3428571428571428,0.0,0.5142857142857142,41037.0,-0.9466091575894924,1.0,305.0,0.101639344262295,1.0,21.0,1.1904761904761905,1.0,0.0,0.0,1.0,0.2614285714285714,low,,,ranga reddy,andhra pradesh,False,,,,,,
2013,andhra pradesh,secunderabad rly,3.0,0.0,849.0,0.0,13.0,6.745236349484363,0.1142857142857142,0.0,0.5142857142857142,2.6390573296152584,0.0857142857142857,1.3862943611198906,0.0857142857142857,0.0,0.5142857142857142,6163.0,-0.8622424144085673,1.0,12.0,0.0833333333333333,1.0,1.0,2.0,1.0,0.0,0.0,1.0,0.2057142857142857,low,,,secunderabad rly,andhra pradesh,False,,,,,,
2013,karnataka,railways,0.0,0.0,913.0,0.0,6.0,6.81783057145415,0.081081081081081,0.0,0.5135135135135135,1.9459101490553128,0.054054054054054,0.0,0.1081081081081081,0.0,0.5135135135135135,7587.0,-0.8796625807301964,1.0,8.0,-0.25,1.0,0.0,0.0,1.0,0.0,0.0,1.0,0.1864864864864865,low,,,railways,karnataka,True,,,,,,
2013,bihar,muzaffarpur rly,1.0,0.0,606.0,0.0,9.0,6.408528791059498,0.0869565217391304,0.0,0.5108695652173914,2.302585092994046,0.0869565217391304,0.6931471805599453,0.2934782608695652,0.0,0.5108695652173914,7113.0,-0.9148038802193168,1.0,2.0,3.5,1.0,2.0,-0.5,1.0,0.0,0.0,1.0,0.2135869565217391,low,,,muzaffarpur rly,bihar,False,,,,,,
2013,manipur,zz total,0.0,0.0,3178.0,0.0,285.0,8.064321960910803,1.0,0.0,0.5416666666666666,5.655991810819852,1.0,0.0,0.1666666666666666,0.0,0.5416666666666666,,0.0,0.0,,0.0,0.0,,0.0,0.0,,0.0,0.0,0.8020833333333334,high,,,zz total,manipur,True,,,,,,
2013,karnataka,tumkur,3.0,0.0,4829.0,0.0,360.0,8.482601746646619,0.8108108108108109,0.0,0.5135135135135135,5.8888779583328805,0.7567567567567568,1.3862943611198906,0.4054054054054054,0.0,0.5135135135135135,55937.0,-0.913670736721669,1.0,364.0,-0.0109890109890109,1.0,9.0,-0.6666666666666666,1.0,0.0,0.0,1.0,0.6851351351351352,medium,,,tumkur,karnataka,False,,,,,,2678980.0
2013,gujarat,ahmedabad commr,419.0,0.0,21258.0,0.0,2433.0,9.96453561410106,0.9428571428571428,0.0,0.5142857142857142,7.797291273547472,0.9714285714285714,6.040254711277414,0.9714285714285714,0.0,0.5142857142857142,218005.0,-0.9024884750349764,1.0,1791.0,0.3584589614740368,1.0,223.0,0.8789237668161435,1.0,0.0,0.0,1.0,0.8442857142857143,high,,,ahmedabad commr,gujarat,False,,,,,,
2013,gujarat,ahwa dang,2.0,0.0,248.0,0.0,37.0,5.517452896464707,0.0857142857142857,0.0,0.5142857142857142,3.6375861597263857,0.1428571428571428,1.0986122886681098,0.0857142857142857,0.0,0.5142857142857142,2237.0,-0.8891372373714796,1.0,12.0,2.083333333333333,1.0,0.0,0.0,1.0,0.0,0.0,1.0,0.2042857142857143,low,,,ahwa dang,gujarat,False,,,,,,
2013,goa,zz total,0.0,0.0,4312.0,0.0,412.0,8.369388996647842,1.0,0.0,0.625,6.023447592961033,1.0,0.0,0.25,0.0,0.625,,0.0,0.0,,0.0,0.0,,0.0,0.0,,0.0,0.0,0.83125,high,,,zz total,goa,True,,,,,,
2013,karnataka,uttar kannada,0.0,0.0,2977.0,0.0,323.0,7.999007213243955,0.5675675675675675,0.0,0.5135135135135135,5.780743515792329,0.7027027027027027,0.0,0.1081081081081081,0.0,0.5135135135135135,30179.0,-0.9013552470260776,1.0,201.0,0.6069651741293532,1.0,0.0,0.0,1.0,0.0,0.0,1.0,0.5351351351351351,medium,,,uttar kannada,karnataka,False,,,,,,
2013,rajasthan,zz total,0.0,0.0,196224.0,0.0,27734.0,12.187017238995017,1.0,0.0,0.5111111111111111,10.230450432489334,1.0,0.0,0.0444444444444444,0.0,0.5111111111111111,,0.0,0.0,,0.0,0.0,,0.0,0.0,,0.0,0.0,0.7822222222222223,high,,,zz total,rajasthan,True,,,,,,
2013,karnataka,zz total,0.0,0.0,136689.0,0.0,9992.0,11.8254708671467,1.0,0.0,0.5135135135135135,9.209640126861787,1.0,0.0,0.1081081081081081,0.0,0.5135135135135135,,0.0,0.0,,0.0,0.0,,0.0,0.0,,0.0,0.0,0.7891891891891892,high,,,zz total,karnataka,True,,,,,,
2013,andhra pradesh,adilabad,33.0,0.0,6381.0,0.0,919.0,8.76123680683819,0.4285714285714285,0.0,0.5142857142857142,6.824373670043086,0.6,3.5263605246161616,0.2857142857142857,0.0,0.5142857142857142,61959.0,-0.8970125405510095,1.0,899.0,0.0222469410456062,1.0,77.0,-0.5714285714285714,1.0,0.0,0.0,1.0,0.47,medium,,,adilabad,andhra pradesh,False,,,,,,2741239.0
2013,a n islands,north,15.0,0.0,156.0,0.0,26.0,5.056245805348308,0.6,0.0,0.6,3.295836866004329,0.6,2.772588722239781,0.6,0.0,0.6,115.0,0.3565217391304348,1.0,9.0,1.8888888888888888,1.0,7.0,1.1428571428571428,1.0,0.0,0.0,1.0,0.6000000000000001,medium,,,north,andaman and nicobar islands,False,,,,,,
2013,andhra pradesh,mahaboobnagar,125.0,0.0,8092.0,0.0,764.0,8.998754769495703,0.7714285714285715,0.0,0.5142857142857142,6.639875833826536,0.4285714285714285,4.836281906951478,0.7428571428571429,0.0,0.5142857142857142,71938.0,-0.8875142483805499,1.0,556.0,0.3741007194244604,1.0,118.0,0.059322033898305,1.0,0.0,0.0,1.0,0.6357142857142857,medium,,,mahaboobnagar,andhra pradesh,False,,,,,,
2013,andhra pradesh,khammam,226.0,0.0,10607.0,0.0,1538.0,9.269363712425644,0.9142857142857144,0.0,0.5142857142857142,7.338888133838879,0.8571428571428571,5.424950017481403,0.9714285714285714,0.0,0.5142857142857142,68903.0,-0.8460589524403872,1.0,789.0,0.9493029150823828,1.0,104.0,1.1730769230769231,1.0,0.0,0.0,1.0,0.8085714285714285,high,,,khammam,andhra pradesh,False,,,,,,2797370.0
2013,andhra pradesh,hyderabad city,52.0,0.0,16355.0,0.0,1987.0,9.702350081484532,0.9428571428571428,0.0,0.5142857142857142,7.59488438721652,0.9142857142857144,3.970291913552122,0.4285714285714285,0.0,0.5142857142857142,202931.0,-0.919406103552439,1.0,1753.0,0.1334854535082715,1.0,94.0,-0.4468085106382978,1.0,0.0,0.0,1.0,0.7785714285714285,high,,,hyderabad,andhra pradesh,False,,,,,,3943323.0
2014,andhra pradesh,visakhapatnam,0.0,0.0,7728.0,0.0,938.0,8.952734767106872,0.7142857142857143,0.0,0.5238095238095238,6.844815479208263,0.4761904761904761,0.0,0.5238095238095238,0.0,0.5238095238095238,6775.0,0.1406642066420664,1.0,922.0,0.0173535791757049,1.0,92.0,-1.0,1.0,0.0,0.0,1.0,0.6000000000000001,medium,,,visakhapatnam,andhra pradesh,False,17.6868159,83.2184815,Visakhapatnam,2035922.0,exact,4290589.0
2014,andhra pradesh,visakha rural,0.0,0.0,3028.0,0.0,433.0,8.015987811027237,0.1904761904761904,0.0,0.5238095238095238,6.073044534100405,0.1904761904761904,0.0,0.5238095238095238,0.0,0.5238095238095238,3238.0,-0.0648548486720197,1.0,491.0,-0.1181262729124236,1.0,24.0,-1.0,1.0,0.0,0.0,1.0,0.3071428571428571,low,,,visakha,andhra pradesh,False,,,,,,
2014,andhra pradesh,vijayawada city,0.0,0.0,7876.0,0.0,1362.0,8.971702399703325,0.7619047619047619,0.0,0.5238095238095238,7.217443431696533,0.8571428571428571,0.0,0.5238095238095238,0.0,0.5238095238095238,8978.0,-0.1227444865226108,1.0,2037.0,-0.3313696612665684,1.0,185.0,-1.0,1.0,0.0,0.0,1.0,0.6976190476190476,medium,,,vijayawada,andhra pradesh,False,,,,,,
2014,andhra pradesh,vijayawada railway,0.0,0.0,1223.0,0.0,25.0,7.109879463072272,0.0952380952380952,0.0,0.5238095238095238,3.258096538021482,0.0952380952380952,0.0,0.5238095238095238,0.0,0.5238095238095238,,0.0,0.0,,0.0,0.0,,0.0,0.0,,0.0,0.0,0.2452380952380952,low,,,vijayawada railway,andhra pradesh,True,,,,,,
2014,andhra pradesh,total,0.0,0.0,114604.0,0.0,17537.0,11.649246712328466,1.0,0.0,0.5238095238095238,9.7721252343393,1.0,0.0,0.5238095238095238,0.0,0.5238095238095238,0.0,0.0,1.0,0.0,0.0,1.0,2576.0,-1.0,1.0,0.0,0.0,1.0,0.8333333333333335,high,,,total,andhra pradesh,True,,,,,,
2014,andhra pradesh,srikakulam,0.0,0.0,4727.0,0.0,740.0,8.461257559085935,0.2857142857142857,0.0,0.5238095238095238,6.608000625296087,0.3809523809523809,0.0,0.5238095238095238,0.0,0.5238095238095238,4841.0,-0.0235488535426564,1.0,765.0,-0.0326797385620915,1.0,70.0,-1.0,1.0,0.0,0.0,1.0,0.3880952380952381,low,,,srikakulam,andhra pradesh,False,18.2969747,83.8967813,Srikakulam,125939.0,exact,2703114.0
2014,andhra pradesh,tirupathi urban,0.0,0.0,3651.0,0.0,322.0,8.20303024171486,0.238095238095238,0.0,0.5238095238095238,5.777652323222656,0.1428571428571428,0.0,0.5238095238095238,0.0,0.5238095238095238,2821.0,0.2942219071251329,1.0,241.0,0.3360995850622407,1.0,11.0,-1.0,1.0,0.0,0.0,1.0,0.319047619047619,low,,,tirupathi,andhra pradesh,False,,,,,,
2014,andhra pradesh,prakasham,0.0,0.0,6367.0,0.0,798.0,8.75904072752422,0.5238095238095238,0.0,0.5238095238095238,6.683360945766275,0.4285714285714285,0.0,0.5238095238095238,0.0,0.5238095238095238,6399.0,-0.0050007813720893,1.0,912.0,-0.125,1.0,134.0,-1.0,1.0,0.0,0.0,1.0,0.5047619047619049,medium,,,prakasham,andhra pradesh,False,15.5057232,80.049922,Ongole,202826.0,fuzzy:prakasam,
2014,karnataka,total,0.0,0.0,137338.0,0.0,17792.0,11.830207600948215,1.0,0.0,0.5135135135135135,9.786560400506836,1.0,0.0,0.5135135135135135,0.0,0.5135135135135135,0.0,0.0,1.0,0.0,0.0,1.0,1353.0,-1.0,1.0,0.0,0.0,1.0,0.8297297297297298,high,,,total,karnataka,True,,,,,,
2014,rajasthan,total,0.0,0.0,210418.0,0.0,32401.0,12.256856059951025,1.0,0.0,0.5116279069767442,10.385975428270363,1.0,0.0,0.5116279069767442,0.0,0.5116279069767442,0.0,0.0,1.0,0.0,0.0,1.0,2888.0,-1.0,1.0,0.0,0.0,1.0,0.8290697674418605,high,,,total,rajasthan,True,,,,,,
2014,andhra pradesh,west godavari,0.0,0.0,8542.0,0.0,1611.0,9.052867513151618,0.9523809523809524,0.0,0.5238095238095238,7.385230923066573,0.9523809523809524,0.0,0.5238095238095238,0.0,0.5238095238095238,8498.0,0.0051776888679689,1.0,1667.0,-0.0335932813437312,1.0,116.0,-1.0,1.0,0.0,0.0,1.0,0.8023809523809524,high,,,west godavari,andhra pradesh,False,,,,,,3936966.0
2014,andhra pradesh,vizianagaram,0.0,0.0,5013.0,0.0,972.0,8.519989278718239,0.3333333333333333,0.0,0.5238095238095238,6.880384082186005,0.5238095238095238,0.0,0.5238095238095238,0.0,0.5238095238095238,4918.0,0.0193167954453029,1.0,720.0,0.35,1.0,40.0,-1.0,1.0,0.0,0.0,1.0,0.4380952380952381,medium,,,vizianagaram,andhra pradesh,False,18.1066576,83.3955506,Vizianagaram,228025.0,exact,2344474.0
2014,west bengal,nadia,0.0,0.0,11790.0,0.0,3627.0,9.375091807576672,0.8387096774193549,0.0,0.5161290322580645,8.196436811235028,0.8709677419354839,0.0,0.5161290322580645,0.0,0.5161290322580645,12135.0,-0.0284301606922126,1.0,2394.0,0.5150375939849624,1.0,2.0,-1.0,1.0,0.0,0.0,1.0,0.7322580645161291,high,,,nadia,west bengal,False,23.2645399,88.4380966,Shantipur,288718.0,exact,5167600.0
2014,west bengal,north 24 parganas,0.0,0.0,14867.0,0.0,4015.0,9.606966531417145,0.9032258064516128,0.0,0.5161290322580645,8.298041661371565,0.9032258064516128,0.0,0.5161290322580645,0.0,0.5161290322580645,,0.0,0.0,,0.0,0.0,,0.0,0.0,,0.0,0.0,0.767741935483871,high,,,north 24 parganas,west bengal,False,22.8488542,88.6639591,Habra,304584.0,exact,
2014,west bengal,uttar dinajpur,0.0,0.0,8312.0,0.0,1754.0,9.025575833531088,0.7741935483870968,0.0,0.5161290322580645,7.470224135899966,0.6451612903225806,0.0,0.5161290322580645,0.0,0.5161290322580645,6998.0,0.1877679336953415,1.0,1329.0,0.3197893152746426,1.0,83.0,-1.0,1.0,0.0,0.0,1.0,0.6580645161290323,medium,,,uttar dinajpur,west bengal,False,25.6185295,88.1255837,Raiganj,199758.0,exact,3007134.0
2014,west bengal,south 24 parganas,0.0,0.0,21049.0,0.0,5718.0,9.954655839110528,0.935483870967742,0.0,0.5161290322580645,8.651549243915316,0.935483870967742,0.0,0.5161290322580645,0.0,0.5161290322580645,,0.0,0.0,,0.0,0.0,,0.0,0.0,,0.0,0.0,0.7887096774193548,high,,,south 24 parganas,west bengal,False,,,,,,
2014,a n islands,total,0.0,0.0,746.0,0.0,140.0,6.616065185132817,1.0,0.0,0.625,4.948759890378168,1.0,0.0,0.625,0.0,0.625,0.0,0.0,1.0,0.0,0.0,1.0,54.0,-1.0,1.0,0.0,0.0,1.0,0.86875,high,,,total,andaman and nicobar islands,True,,,,,,
2014,sikkim,total,0.0,0.0,1065.0,0.0,137.0,6.97166860472579,1.0,0.0,0.5833333333333334,4.927253685157205,1.0,0.0,0.5833333333333334,0.0,0.5833333333333334,0.0,0.0,1.0,0.0,0.0,1.0,39.0,-1.0,1.0,0.0,0.0,1.0,0.8541666666666667,high,,,total,sikkim,True,,,,,,
2014,west bengal,siliguri g r p,0.0,0.0,220.0,0.0,15.0,5.3981627015177525,0.064516129032258,0.0,0.5161290322580645,2.772588722239781,0.064516129032258,0.0,0.5161290322580645,0.0,0.5161290322580645,242.0,-0.0909090909090909,1.0,14.0,0.0714285714285714,1.0,1.0,-1.0,1.0,0.0,0.0,1.0,0.2225806451612903,low,,,siliguri g r p,west bengal,False,,,,,,
2014,andhra pradesh,east godavari,0.0,0.0,7630.0,0.0,1277.0,8.939974177289633,0.6666666666666666,0.0,0.5238095238095238,7.15305163493748,0.7619047619047619,0.0,0.5238095238095238,0.0,0.5238095238095238,6779.0,0.1255347396371146,1.0,1179.0,0.0831212892281594,1.0,25.0,-1.0,1.0,0.0,0.0,1.0,0.6357142857142858,medium,,,east godavari,andhra pradesh,False,,,,,,5154296.0
2014,andhra pradesh,guntakal railway,0.0,0.0,490.0,0.0,4.0,6.19644412779452,0.0476190476190476,0.0,0.5238095238095238,1.6094379124341005,0.0476190476190476,0.0,0.5238095238095238,0.0,0.5238095238095238,,0.0,0.0,,0.0,0.0,,0.0,0.0,,0.0,0.0,0.2142857142857143,low,,,guntakal railway,andhra pradesh,True,,,,,,
2014,andhra pradesh,cuddapah,0.0,0.0,5803.0,0.0,609.0,8.666302614004078,0.4761904761904761,0.0,0.5238095238095238,6.413458957167357,0.3333333333333333,0.0,0.5238095238095238,0.0,0.5238095238095238,7048.0,-0.1766458569807037,1.0,766.0,-0.2049608355091383,1.0,49.0,-1.0,1.0,0.0,0.0,1.0,0.4642857142857143,medium,,,kadapa,andhra pradesh,False,14.4673541,78.8241339,Kadapa,341823.0,exact,
2014,andhra pradesh,chittoor,0.0,0.0,5374.0,0.0,607.0,8.589513852995864,0.3809523809523809,0.0,0.5238095238095238,6.410174881966167,0.2857142857142857,0.0,0.5238095238095238,0.0,0.5238095238095238,5610.0,-0.0420677361853832,1.0,709.0,-0.1438645980253878,1.0,7.0,-1.0,1.0,0.0,0.0,1.0,0.411904761904762,medium,,,chittoor,andhra pradesh,False,13.6287557,79.4191795,Tirupati,374260.0,exact,4174064.0
2014,andhra pradesh,anantapur,0.0,0.0,8376.0,0.0,1097.0,9.033245134153807,0.8571428571428571,0.0,0.5238095238095238,7.001245622069476,0.5714285714285714,0.0,0.5238095238095238,0.0,0.5238095238095238,6913.0,0.211630261825546,1.0,676.0,0.6227810650887574,1.0,87.0,-1.0,1.0,0.0,0.0,1.0,0.6833333333333333,medium,,,anantapur,andhra pradesh,False,14.6818877,77.6005911,Anantapur,268503.0,exact,4081148.0
2014,andhra pradesh,kurnool,0.0,0.0,8398.0,0.0,1213.0,9.035867930125628,0.9047619047619048,0.0,0.5238095238095238,7.101675971619444,0.7142857142857143,0.0,0.5238095238095238,0.0,0.5238095238095238,7595.0,0.105727452271231,1.0,863.0,0.4055619930475087,1.0,99.0,-1.0,1.0,0.0,0.0,1.0,0.7333333333333334,high,,,kurnool,andhra pradesh,False,15.8281257,78.0372792,Kurnool,424920.0,exact,4053463.0
2014,andhra pradesh,krishna,0.0,0.0,7078.0,0.0,1411.0,8.86488793377419,0.6190476190476191,0.0,0.5238095238095238,7.252762418053187,0.9047619047619048,0.0,0.5238095238095238,0.0,0.5238095238095238,6876.0,0.0293775450843513,1.0,1478.0,-0.0453315290933694,1.0,170.0,-1.0,1.0,0.0,0.0,1.0,0.642857142857143,medium,,,krishna,andhra pradesh,False,16.5061743,80.6480153,Vijayawada,1048240.0,exact,4517398.0
2014,andhra pradesh,rajahmundry,0.0,0.0,2430.0,0.0,508.0,7.796057974316123,0.1428571428571428,0.0,0.5238095238095238,6.2324480165505225,0.238095238095238,0.0,0.5238095238095238,0.0,0.5238095238095238,2251.0,0.0795202132385606,1.0,364.0,0.3956043956043956,1.0,22.0,-1.0,1.0,0.0,0.0,1.0,0.2952380952380952,low,,,rajahmundry,andhra pradesh,False,,,,,,
2014,west bengal,total,0.0,0.0,193048.0,0.0,48394.0,12.170699321673784,1.0,0.0,0.5161290322580645,10.787151781583187,1.0,0.0,0.5161290322580645,0.0,0.5161290322580645,0.0,0.0,1.0,0.0,0.0,1.0,2530.0,-1.0,1.0,0.0,0.0,1.0,0.8306451612903226,high,,,total,west bengal,True,,,,,,
2014,andhra pradesh,guntur,0.0,0.0,6897.0,0.0,1300.0,8.838986793496787,0.5714285714285714,0.0,0.5238095238095238,7.170888478512505,0.8095238095238095,0.0,0.5238095238095238,0.0,0.5238095238095238,7026.0,-0.0183603757472245,1.0,1147.0,0.1333914559721011,1.0,84.0,-1.0,1.0,0.0,0.0,1.0,0.6023809523809524,medium,,,guntur,andhra pradesh,False,16.3066525,80.4365402,Guntur,743354.0,exact,4887813.0
2014,andhra pradesh,guntur urban,0.0,0.0,5798.0,0.0,1125.0,8.66544076787644,0.4285714285714285,0.0,0.5238095238095238,7.026426808699636,0.6190476190476191,0.0,0.5238095238095238,0.0,0.5238095238095238,4878.0,0.1886018860188602,1.0,612.0,0.8382352941176471,1.0,50.0,-1.0,1.0,0.0,0.0,1.0,0.5,medium,,,guntur,andhra pradesh,False,16.3066525,80.4365402,Guntur,743354.0,exact,4887813.0
2014,west bengal,murshidabad,0.0,0.0,14762.0,0.0,5903.0,9.599879329534089,0.8709677419354839,0.0,0.5161290322580645,8.683385366280309,0.967741935483871,0.0,0.5161290322580645,0.0,0.5161290322580645,12310.0,0.1991876523151909,1.0,2944.0,1.005095108695652,1.0,441.0,-1.0,1.0,0.0,0.0,1.0,0.7661290322580646,high,,,murshidabad,west bengal,False,24.164895,88.274906,Baharampur,305609.0,exact,7103807.0
2014,arunachal pradesh,total,0.0,0.0,2843.0,0.0,396.0,7.952966790923131,1.0,0.0,0.525,5.983936280687191,1.0,0.0,0.525,0.0,0.525,0.0,0.0,1.0,0.0,0.0,1.0,82.0,-1.0,1.0,0.0,0.0,1.0,0.83375,high,,,total,arunachal pradesh,True,,,,,,
2014,nagaland,total,0.0,0.0,1157.0,0.0,76.0,7.05444965813294,1.0,0.0,0.5416666666666666,4.343805421853684,1.0,0.0,0.5416666666666666,0.0,0.5416666666666666,0.0,0.0,1.0,0.0,0.0,1.0,8.0,-1.0,1.0,0.0,0.0,1.0,0.8395833333333333,high,,,total,nagaland,True,,,,,,
2014,west bengal,howrah g r p,0.0,0.0,5259.0,0.0,1410.0,8.567886305731756,0.5483870967741935,0.0,0.5161290322580645,7.252053951852814,0.5483870967741935,0.0,0.5161290322580645,0.0,0.5161290322580645,415.0,11.672289156626508,1.0,21.0,66.14285714285714,1.0,0.0,0.0,1.0,0.0,0.0,1.0,0.5370967741935484,medium,,,howrah g r p,west bengal,False,,,,,,
2014,arunachal pradesh,kukung kumey,0.0,0.0,49.0,0.0,5.0,3.912023005428146,0.3,0.0,0.525,1.791759469228055,0.325,0.0,0.525,0.0,0.525,,0.0,0.0,,0.0,0.0,,0.0,0.0,,0.0,0.0,0.38375,low,,,kukung kumey,arunachal pradesh,False,,,,,,
2014,west bengal,jhargram police district,0.0,0.0,803.0,0.0,241.0,6.689599269178967,0.1612903225806451,0.0,0.5161290322580645,5.488937726156687,0.1612903225806451,0.0,0.5161290322580645,0.0,0.5161290322580645,,0.0,0.0,,0.0,0.0,,0.0,0.0,,0.0,0.0,0.2854838709677419,low,,,jhargram police,west bengal,False,,,,,,
2014,west bengal,kharagpur g r p,0.0,0.0,213.0,0.0,9.0,5.365976015021851,0.032258064516129,0.0,0.5161290322580645,2.302585092994046,0.032258064516129,0.0,0.5161290322580645,0.0,0.5161290322580645,190.0,0.1210526315789473,1.0,13.0,-0.3076923076923077,1.0,0.0,0.0,1.0,0.0,0.0,1.0,0.2016129032258064,low,,,kharagpur g r p,west bengal,False,,,,,,
2014,west bengal,hooghly,0.0,0.0,8858.0,0.0,2130.0,9.089189170412032,0.8064516129032258,0.0,0.5161290322580645,7.664346632098617,0.7741935483870968,0.0,0.5161290322580645,0.0,0.5161290322580645,6931.0,0.2780262588371086,1.0,1312.0,0.6234756097560976,1.0,22.0,-1.0,1.0,0.0,0.0,1.0,0.6983870967741936,medium,,,hooghly,west bengal,False,22.6808348,88.2929313,Dankuni,249840.0,exact,
2014,assam,g r p,0.0,0.0,319.0,0.0,0.0,5.768320995793772,0.0689655172413793,0.0,0.5172413793103449,0.0,0.0344827586206896,0.0,0.5172413793103449,0.0,0.5172413793103449,317.0,0.0063091482649842,1.0,6.0,-1.0,1.0,0.0,0.0,1.0,0.0,0.0,1.0,0.2189655172413793,low,,,g r p,assam,False,,,,,,
2014,assam,baska,0.0,0.0,853.0,0.0,174.0,6.74993119378857,0.1034482758620689,0.0,0.5172413793103449,5.1647859739235145,0.1034482758620689,0.0,0.5172413793103449,0.0,0.5172413793103449,3269.0,-0.7390639339247477,2.0,0.0,0.0,2.0,0.0,0.0,2.0,0.0,0.0,2.0,0.2482758620689655,low,,,baska,assam,False,,,,,,
2014,kerala,total,0.0,0.0,206789.0,0.0,14524.0,12.239459064547807,1.0,0.0,0.5227272727272727,9.583626581720113,1.0,0.0,0.5227272727272727,0.0,0.5227272727272727,0.0,0.0,1.0,0.0,0.0,1.0,1877.0,-1.0,1.0,0.0,0.0,1.0,0.8329545454545454,high,,,total,kerala,True,,,,,,
2014,west bengal,burdwan,0.0,0.0,7694.0,0.0,1805.0,8.94832604627298,0.7096774193548387,0.0,0.5161290322580645,7.498869733976931,0.6774193548387096,0.0,0.5161290322580645,0.0,0.5161290322580645,4973.0,0.5471546350291574,1.0,674.0,1.6780415430267062,1.0,39.0,-1.0,1.0,0.0,0.0,1.0,0.635483870967742,medium,,,burdwan,west bengal,False,,,,,,
2014,jharkhand,total,0.0,0.0,45335.0,0.0,6587.0,10.721856697849455,1.0,0.0,0.5185185185185185,8.79300509129753,1.0,0.0,0.5185185185185185,0.0,0.5185185185185185,0.0,0.0,1.0,0.0,0.0,1.0,129.0,-1.0,1.0,0.0,0.0,1.0,0.8314814814814814,high,,,total,jharkhand,True,,,,,,
2014,mizoram,total,0.0,0.0,2140.0,0.0,285.0,7.669028288589683,1.0,0.0,0.55,5.655991810819852,1.0,0.0,0.55,0.0,0.55,0.0,0.0,1.0,0.0,0.0,1.0,78.0,-1.0,1.0,0.0,0.0,1.0,0.8425000000000001,high,,,total,mizoram,True,,,,,,
2014,mizoram,spl traffic,0.0,0.0,20.0,0.0,0.0,3.044522437723423,0.1,0.0,0.55,0.0,0.1,0.0,0.55,0.0,0.55,,0.0,0.0,,0.0,0.0,,0.0,0.0,,0.0,0.0,0.2575,low,,,spl traffic,mizoram,False,,,,,,
2014,lakshadweep,total,0.0,0.0,81.0,0.0,4.0,4.406719247264253,0.75,0.0,0.75,1.6094379124341005,0.75,0.0,0.75,0.0,0.75,0.0,0.0,1.0,0.0,0.0,1.0,0.0,0.0,1.0,0.0,0.0,1.0,0.75,high,,,total,lakshadweep,True,,,,,,
2014,assam,n c hills,0.0,0.0,299.0,0.0,43.0,5.703782474656201,0.0344827586206896,0.0,0.5172413793103449,3.784189633918261,0.0689655172413793,0.0,0.5172413793103449,0.0,0.5172413793103449,265.0,0.1283018867924528,1.0,32.0,0.34375,1.0,0.0,0.0,1.0,0.0,0.0,1.0,0.2103448275862069,low,,,n c hills,assam,False,,,,,,
2014,uttarakhand,total,0.0,0.0,9156.0,0.0,1701.0,9.122273893107732,1.0,0.0,0.5357142857142857,7.43955930913332,1.0,0.0,0.5357142857142857,0.0,0.5357142857142857,0.0,0.0,1.0,0.0,0.0,1.0,232.0,-1.0,1.0,0.0,0.0,1.0,0.8375000000000001,high,,,total,uttarakhand,True,,,,,,
2014,assam,total,0.0,0.0,94337.0,0.0,19609.0,11.454639356698332,1.0,0.0,0.5172413793103449,9.883794919190391,1.0,0.0,0.5172413793103449,0.0,0.5172413793103449,0.0,0.0,1.0,0.0,0.0,1.0,518.0,-1.0,1.0,0.0,0.0,1.0,0.8310344827586207,high,,,total,assam,True,,,,,,
2014,meghalaya,total,0.0,0.0,3679.0,0.0,480.0,8.210668031162976,1.0,0.0,0.5416666666666666,6.175867270105761,1.0,0.0,0.5416666666666666,0.0,0.5416666666666666,0.0,0.0,1.0,0.0,0.0,1.0,183.0,-1.0,1.0,0.0,0.0,1.0,0.8395833333333333,high,,,total,meghalaya,True,,,,,,
2014,bihar,bhabhua,0.0,0.0,2267.0,0.0,182.0,7.726653664847642,0.3617021276595745,0.0,0.5106382978723404,5.209486152841421,0.2765957446808511,0.0,0.5106382978723404,0.0,0.5106382978723404,1860.0,0.2188172043010752,1.0,144.0,0.2638888888888889,1.0,48.0,-1.0,1.0,0.0,0.0,1.0,0.3968085106382979,low,,,bhabhua,bihar,False,,,,,,
2014,madhya pradesh,cyber cell,0.0,0.0,0.0,0.0,0.0,0.0,0.0178571428571428,0.0,0.5089285714285714,0.0,0.0178571428571428,0.0,0.5089285714285714,0.0,0.5089285714285714,,0.0,0.0,,0.0,0.0,,0.0,0.0,,0.0,0.0,0.1897321428571428,low,,,cyber cell,madhya pradesh,False,,,,,,
2014,puducherry,total,0.0,0.0,3584.0,0.0,104.0,8.184513753033722,1.0,0.0,0.6666666666666666,4.653960350157523,1.0,0.0,0.6666666666666666,0.0,0.6666666666666666,0.0,0.0,1.0,0.0,0.0,1.0,47.0,-1.0,1.0,0.0,0.0,1.0,0.8833333333333333,critical,,,total,puducherry,True,,,,,,
2014,manipur,total,0.0,0.0,3641.0,0.0,429.0,8.200288260287554,1.0,0.0,0.5454545454545454,6.063785208687608,1.0,0.0,0.5454545454545454,0.0,0.5454545454545454,0.0,0.0,1.0,0.0,0.0,1.0,123.0,-1.0,1.0,0.0,0.0,1.0,0.8409090909090909,high,,,total,manipur,True,,,,,,
2014,jammu kashmir,total,0.0,0.0,23848.0,0.0,3451.0,10.07949756671628,1.0,0.0,0.5161290322580645,8.146709052203319,1.0,0.0,0.5161290322580645,0.0,0.5161290322580645,0.0,0.0,1.0,0.0,0.0,1.0,75.0,-1.0,1.0,0.0,0.0,1.0,0.8306451612903226,high,,,total,jammu and kashmir,True,,,,,,
2014,jammu kashmir,kargil,0.0,0.0,105.0,0.0,4.0,4.663439094112067,0.1935483870967742,0.0,0.5161290322580645,1.6094379124341005,0.1774193548387097,0.0,0.5161290322580645,0.0,0.5161290322580645,108.0,-0.0277777777777777,1.0,2.0,1.0,1.0,0.0,0.0,1.0,0.0,0.0,1.0,0.3032258064516129,low,,,kargil,jammu and kashmir,False,,,,,,140802.0
2014,uttar pradesh,varanasi,0.0,0.0,3900.0,0.0,890.0,8.268988209506656,0.7402597402597403,0.0,0.5064935064935064,6.792344427470809,0.7662337662337663,0.0,0.5064935064935064,0.0,0.5064935064935064,5077.0,-0.2318298207602915,1.0,858.0,0.0372960372960372,1.0,192.0,-1.0,1.0,0.0,0.0,1.0,0.6636363636363636,medium,,,varanasi,uttar pradesh,False,25.3176452,82.9739144,Varanasi,1435113.0,exact,3676841.0
2014,uttar pradesh,total,0.0,0.0,240475.0,0.0,52409.0,12.390375571448596,1.0,0.0,0.5064935064935064,10.866852691796211,1.0,0.0,0.5064935064935064,0.0,0.5064935064935064,0.0,0.0,1.0,0.0,0.0,1.0,9857.0,-1.0,1.0,0.0,0.0,1.0,0.8272727272727272,high,,,total,uttar pradesh,True,,,,,,
2014,odisha,total,0.0,0.0,74569.0,0.0,18564.0,11.21949356053784,1.0,0.0,0.5138888888888888,9.82903336661118,1.0,0.0,0.5138888888888888,0.0,0.5138888888888888,0.0,0.0,1.0,0.0,0.0,1.0,1123.0,-1.0,1.0,0.0,0.0,1.0,0.8298611111111112,high,,,total,odisha,True,,,,,,
2014,tamil nadu,total,0.0,0.0,193200.0,0.0,12705.0,12.171486376730597,1.0,0.0,0.5116279069767442,9.449829601826478,1.0,0.0,0.5116279069767442,0.0,0.5116279069767442,0.0,0.0,1.0,0.0,0.0,1.0,1188.0,-1.0,1.0,0.0,0.0,1.0,0.8290697674418605,high,,,total,tamil nadu,True,,,,,,
2014,uttar pradesh,st ravidasnagar,0.0,0.0,574.0,0.0,220.0,6.354370040797351,0.0259740259740259,0.0,0.5064935064935064,5.3981627015177525,0.0779220779220779,0.0,0.5064935064935064,0.0,0.5064935064935064,512.0,0.12109375,1.0,75.0,1.9333333333333331,1.0,24.0,-1.0,1.0,0.0,0.0,1.0,0.2045454545454545,low,,,st ravidasnagar,uttar pradesh,False,25.38727,82.5680309,Bhadohi,94620.0,fuzzy:sant ravidas nagar,
2014,tamil nadu,thoothugudi,0.0,0.0,5344.0,0.0,1346.0,8.583916823459145,0.7674418604651163,0.0,0.5116279069767442,7.205635176410364,0.9534883720930232,0.0,0.5116279069767442,0.0,0.5116279069767442,5519.0,-0.0317086428700851,1.0,178.0,6.561797752808989,1.0,45.0,-1.0,1.0,0.0,0.0,1.0,0.7151162790697675,high,,,thoothugudi,tamil nadu,False,9.1674144,77.8767442,Kovilpatti,95057.0,fuzzy:thoothukudi,
2014,jammu kashmir,leh,0.0,0.0,166.0,0.0,10.0,5.117993812416755,0.2258064516129032,0.0,0.5161290322580645,2.3978952727983707,0.2258064516129032,0.0,0.5161290322580645,0.0,0.5161290322580645,156.0,0.0641025641025641,1.0,5.0,1.0,1.0,0.0,0.0,1.0,0.0,0.0,1.0,0.3274193548387097,low,,,leh,jammu and kashmir,False,,,,,,
2014,rajasthan,g r p ajmer,0.0,0.0,1313.0,0.0,41.0,7.180831199044556,0.0465116279069767,0.0,0.5116279069767442,3.737669618283368,0.0465116279069767,0.0,0.5116279069767442,0.0,0.5116279069767442,864.0,0.5196759259259259,1.0,18.0,1.2777777777777777,1.0,19.0,-1.0,1.0,0.0,0.0,1.0,0.2093023255813954,low,,,g r p ajmer,rajasthan,False,,,,,,
2014,telangana,cyberabad,0.0,0.0,19311.0,0.0,2620.0,9.868481943337311,0.9285714285714286,0.0,0.5357142857142857,7.8713112033234065,0.9285714285714286,0.0,0.5357142857142857,0.0,0.5357142857142857,,0.0,0.0,,0.0,0.0,,0.0,0.0,,0.0,0.0,0.7910714285714286,high,,,cyberabad,telangana,False,,,,,,
2014,bihar,total,0.0,0.0,177595.0,0.0,18208.0,12.087266586764049,1.0,0.0,0.5106382978723404,9.809671256331844,1.0,0.0,0.5106382978723404,0.0,0.5106382978723404,0.0,0.0,1.0,0.0,0.0,1.0,1580.0,-1.0,1.0,0.0,0.0,1.0,0.8287234042553191,high,,,total,bihar,True,,,,,,
2014,telangana,mahaboob nagar,0.0,0.0,7533.0,0.0,1163.0,8.927181388251986,0.5714285714285714,0.0,0.5357142857142857,7.059617628291383,0.5,0.0,0.5357142857142857,0.0,0.5357142857142857,,0.0,0.0,,0.0,0.0,,0.0,0.0,,0.0,0.0,0.5446428571428571,medium,,,mahaboob nagar,telangana,False,,,,,,
2014,rajasthan,g r p jodhpur,0.0,0.0,198.0,0.0,9.0,5.293304824724492,0.0232558139534883,0.0,0.5116279069767442,2.302585092994046,0.0232558139534883,0.0,0.5116279069767442,0.0,0.5116279069767442,155.0,0.2774193548387096,1.0,3.0,2.0,1.0,1.0,-1.0,1.0,0.0,0.0,1.0,0.1941860465116279,low,,,g r p jodhpur,rajasthan,False,,,,,,
2014,himachal pradesh,total,0.0,0.0,14160.0,0.0,1644.0,9.55824698622306,1.0,0.0,0.53125,7.405495663199472,1.0,0.0,0.53125,0.0,0.53125,0.0,0.0,1.0,0.0,0.0,1.0,428.0,-1.0,1.0,0.0,0.0,1.0,0.8359375,high,,,total,himachal pradesh,True,,,,,,
2014,telangana,hyderabad city,0.0,0.0,18940.0,0.0,2201.0,9.84908416365674,0.8571428571428571,0.0,0.5357142857142857,7.697121317282625,0.8571428571428571,0.0,0.5357142857142857,0.0,0.5357142857142857,,0.0,0.0,,0.0,0.0,,0.0,0.0,,0.0,0.0,0.7446428571428572,high,,,hyderabad,telangana,False,17.384934,78.486616,Hyderabad,8746490.0,exact,
2014,telangana,karimnagar,0.0,0.0,9382.0,0.0,1461.0,9.146654820290047,0.7142857142857143,0.0,0.5357142857142857,7.2875606403097235,0.7142857142857143,0.0,0.5357142857142857,0.0,0.5357142857142857,,0.0,0.0,,0.0,0.0,,0.0,0.0,,0.0,0.0,0.6517857142857144,medium,,,karimnagar,telangana,False,18.438485,79.128931,Karimnagar,261185.0,exact,
2014,telangana,khammam,0.0,0.0,11022.0,0.0,1288.0,9.307739277963316,0.7857142857142857,0.0,0.5357142857142857,7.161622002939187,0.6428571428571429,0.0,0.5357142857142857,0.0,0.5357142857142857,,0.0,0.0,,0.0,0.0,,0.0,0.0,,0.0,0.0,0.6696428571428572,medium,,,khammam,telangana,False,17.247318,80.151443,Khammam,184210.0,exact,
2014,chandigarh,total,0.0,0.0,3221.0,0.0,559.0,8.07775756373692,0.75,0.0,0.75,6.327936783729195,0.75,0.0,0.75,0.0,0.75,0.0,0.0,1.0,0.0,0.0,1.0,213.0,-1.0,1.0,0.0,0.0,1.0,0.75,high,,,total,chandigarh,True,,,,,,
2014,himachal pradesh,g r p,0.0,0.0,9.0,0.0,0.0,2.302585092994046,0.125,0.0,0.53125,0.0,0.0625,0.0,0.53125,0.0,0.53125,20.0,-0.55,1.0,1.0,-1.0,1.0,0.0,0.0,1.0,0.0,0.0,1.0,0.2546875,low,,,g r p,himachal pradesh,False,,,,,,
2014,telangana,warangal,0.0,0.0,4407.0,0.0,615.0,8.391176350832751,0.2857142857142857,0.0,0.5357142857142857,6.423246963533519,0.2857142857142857,0.0,0.5357142857142857,0.0,0.5357142857142857,,0.0,0.0,,0.0,0.0,,0.0,0.0,,0.0,0.0,0.3732142857142857,low,,,warangal,telangana,False,17.975762,79.601212,Warangal,811844.0,exact,
2014,manipur,c i d,0.0,0.0,0.0,0.0,0.0,0.0,0.0909090909090909,0.0,0.5454545454545454,0.0,0.0909090909090909,0.0,0.5454545454545454,0.0,0.5454545454545454,,0.0,0.0,,0.0,0.0,,0.0,0.0,,0.0,0.0,0.2499999999999999,low,,,c i d,manipur,False,,,,,,
2014,punjab,g r p,0.0,0.0,372.0,0.0,6.0,5.921578419643816,0.0344827586206896,0.0,0.5172413793103449,1.9459101490553128,0.0344827586206896,0.0,0.5172413793103449,0.0,0.5172413793103449,419.0,-0.1121718377088305,1.0,9.0,-0.3333333333333333,1.0,4.0,-1.0,1.0,0.0,0.0,1.0,0.2034482758620689,low,,,g r p,punjab,False,,,,,,
2014,telangana,nizamabad,0.0,0.0,7053.0,0.0,1165.0,8.861350110795998,0.5,0.0,0.5357142857142857,7.061334366910438,0.5714285714285714,0.0,0.5357142857142857,0.0,0.5357142857142857,,0.0,0.0,,0.0,0.0,,0.0,0.0,,0.0,0.0,0.5267857142857143,medium,,,nizamabad,telangana,False,18.673421,78.092593,Nizamabad,311152.0,exact,
2014,uttar pradesh,lucknow,0.0,0.0,15107.0,0.0,2540.0,9.622979683832348,0.987012987012987,0.0,0.5064935064935064,7.840312983320164,0.987012987012987,0.0,0.5064935064935064,0.0,0.5064935064935064,13583.0,0.1121990723698741,1.0,1792.0,0.4174107142857143,1.0,214.0,-1.0,1.0,0.0,0.0,1.0,0.8188311688311687,high,,,lucknow,uttar pradesh,False,26.8466937,80.946166,Lucknow,2901474.0,exact,4589838.0
2014,chhattisgarh,g r p raipur,0.0,0.0,400.0,0.0,20.0,5.993961427306569,0.1379310344827586,0.0,0.5172413793103449,3.044522437723423,0.0344827586206896,0.0,0.5172413793103449,0.0,0.5172413793103449,,0.0,0.0,,0.0,0.0,,0.0,0.0,,0.0,0.0,0.25,low,,,g r p raipur,chhattisgarh,False,,,,,,
2014,maharashtra,total,0.0,0.0,249834.0,0.0,49167.0,12.428555978948504,1.0,0.0,0.5106382978723404,10.802998284370268,1.0,0.0,0.5106382978723404,0.0,0.5106382978723404,0.0,0.0,1.0,0.0,0.0,1.0,6410.0,-1.0,1.0,0.0,0.0,1.0,0.8287234042553191,high,,,total,maharashtra,True,,,,,,
2014,himachal pradesh,c i d,0.0,0.0,4.0,0.0,2.0,1.6094379124341005,0.0625,0.0,0.53125,1.0986122886681098,0.125,0.0,0.53125,0.0,0.53125,,0.0,0.0,,0.0,0.0,,0.0,0.0,,0.0,0.0,0.2390625,low,,,c i d,himachal pradesh,False,,,,,,
2014,telangana,ranga reddy,0.0,0.0,2309.0,0.0,480.0,7.745002803515839,0.1428571428571428,0.0,0.5357142857142857,6.175867270105761,0.1428571428571428,0.0,0.5357142857142857,0.0,0.5357142857142857,,0.0,0.0,,0.0,0.0,,0.0,0.0,,0.0,0.0,0.2803571428571428,low,,,ranga reddy,telangana,False,,,,,,
2014,d n haveli,d n haveli,0.0,0.0,277.0,0.0,25.0,5.627621113690637,0.75,0.0,0.75,3.258096538021482,0.75,0.0,0.75,0.0,0.75,314.0,-0.1178343949044586,1.0,19.0,0.3157894736842105,1.0,14.0,-1.0,1.0,0.0,0.0,1.0,0.75,high,,,d n haveli,dadra and nagar haveli and daman and diu,False,,,,,,
2014,chhattisgarh,total,0.0,0.0,58200.0,0.0,11050.0,10.971657815702502,1.0,0.0,0.5172413793103449,9.310276200588785,1.0,0.0,0.5172413793103449,0.0,0.5172413793103449,0.0,0.0,1.0,0.0,0.0,1.0,3737.0,-1.0,1.0,0.0,0.0,1.0,0.8310344827586207,high,,,total,chhattisgarh,True,,,,,,
2014,haryana,total,0.0,0.0,79947.0,0.0,12088.0,11.289131702314432,1.0,0.0,0.5208333333333334,9.400051227201992,1.0,0.0,0.5208333333333334,0.0,0.5208333333333334,0.0,0.0,1.0,0.0,0.0,1.0,1640.0,-1.0,1.0,0.0,0.0,1.0,0.8322916666666668,high,,,total,haryana,True,,,,,,
2014,tripura,g r p,0.0,0.0,9.0,0.0,2.0,2.302585092994046,0.1,0.0,0.55,1.0986122886681098,0.1,0.0,0.55,0.0,0.55,6.0,0.5,2.0,0.0,0.0,2.0,0.0,0.0,2.0,0.0,0.0,2.0,0.2575,low,,,g r p,tripura,False,,,,,,
2014,telangana,warangal urban,0.0,0.0,3792.0,0.0,510.0,8.2409125416889,0.2142857142857142,0.0,0.5357142857142857,6.236369590203704,0.2142857142857142,0.0,0.5357142857142857,0.0,0.5357142857142857,,0.0,0.0,,0.0,0.0,,0.0,0.0,,0.0,0.0,0.3267857142857143,low,,,warangal,telangana,False,17.975762,79.601212,Warangal,811844.0,exact,
2014,uttar pradesh,kanpur nagar,0.0,0.0,8641.0,0.0,1923.0,9.064389316491878,0.9090909090909092,0.0,0.5064935064935064,7.562161631225652,0.961038961038961,0.0,0.5064935064935064,0.0,0.5064935064935064,7060.0,0.2239376770538243,1.0,694.0,1.7708933717579252,1.0,213.0,-1.0,1.0,0.0,0.0,1.0,0.7785714285714284,high,,,kanpur nagar,uttar pradesh,False,,,,,,4581268.0
2014,haryana,mewat,0.0,0.0,2414.0,0.0,329.0,7.789454566086673,0.2916666666666667,0.0,0.5208333333333334,5.799092654460526,0.25,0.0,0.5208333333333334,0.0,0.5208333333333334,2427.0,-0.0053564070869386,1.0,362.0,-0.0911602209944751,1.0,58.0,-1.0,1.0,0.0,0.0,1.0,0.3635416666666667,low,,,mewat,haryana,False,,,,,,1089263.0
2014,telangana,secunderabad railway,0.0,0.0,860.0,0.0,13.0,6.7580945044277305,0.0714285714285714,0.0,0.5357142857142857,2.6390573296152584,0.0714285714285714,0.0,0.5357142857142857,0.0,0.5357142857142857,,0.0,0.0,,0.0,0.0,,0.0,0.0,,0.0,0.0,0.2339285714285714,low,,,secunderabad railway,telangana,True,,,,,,
2014,telangana,total,0.0,0.0,106830.0,0.0,14871.0,11.579003425562602,1.0,0.0,0.5357142857142857,9.60723552940128,1.0,0.0,0.5357142857142857,0.0,0.5357142857142857,,0.0,0.0,,0.0,0.0,,0.0,0.0,,0.0,0.0,0.8375000000000001,high,,,total,telangana,True,,,,,,
2014,daman diu,diu,0.0,0.0,35.0,0.0,2.0,3.58351893845611,0.3333333333333333,0.0,0.6666666666666666,1.0986122886681098,0.3333333333333333,0.0,0.6666666666666666,0.0,0.6666666666666666,29.0,0.2068965517241379,1.0,3.0,-0.3333333333333333,1.0,0.0,0.0,1.0,0.0,0.0,1.0,0.4499999999999999,medium,,,diu,dadra and nagar haveli and daman and diu,False,,,,,,
2014,d n haveli,total,0.0,0.0,277.0,0.0,25.0,5.627621113690637,0.75,0.0,0.75,3.258096538021482,0.75,0.0,0.75,0.0,0.75,0.0,0.0,1.0,0.0,0.0,1.0,14.0,-1.0,1.0,0.0,0.0,1.0,0.75,high,,,total,dadra and nagar haveli and daman and diu,True,,,,,,
2014,daman diu,total,0.0,0.0,233.0,0.0,18.0,5.455321115357702,1.0,0.0,0.6666666666666666,2.9444389791664403,1.0,0.0,0.6666666666666666,0.0,0.6666666666666666,0.0,0.0,1.0,0.0,0.0,1.0,14.0,-1.0,1.0,0.0,0.0,1.0,0.8833333333333333,critical,,,total,dadra and nagar haveli and daman and diu,True,,,,,,
2014,daman diu,daman,0.0,0.0,198.0,0.0,16.0,5.293304824724492,0.6666666666666666,0.0,0.6666666666666666,2.833213344056216,0.6666666666666666,0.0,0.6666666666666666,0.0,0.6666666666666666,217.0,-0.0875576036866359,1.0,15.0,0.0666666666666666,1.0,14.0,-1.0,1.0,0.0,0.0,1.0,0.6666666666666666,medium,,,daman,dadra and nagar haveli and daman and diu,False,20.3973736,72.8327991,Daman,191173.0,exact,
2014,haryana,gurgaon,0.0,0.0,11444.0,0.0,1426.0,9.345308232386667,0.9583333333333334,0.0,0.5208333333333334,7.263329617476836,0.9583333333333334,0.0,0.5208333333333334,0.0,0.5208333333333334,9729.0,0.1762771096721143,1.0,713.0,1.0,1.0,212.0,-1.0,1.0,0.0,0.0,1.0,0.8052083333333334,high,,,gurugram,haryana,False,28.4594965,77.0266383,Gurgaon,901968.0,exact,1514432.0
2014,madhya pradesh,total,0.0,0.0,272423.0,0.0,57101.0,12.515114955103286,1.0,0.0,0.5089285714285714,10.9525944213004,1.0,0.0,0.5089285714285714,0.0,0.5089285714285714,0.0,0.0,1.0,0.0,0.0,1.0,8247.0,-1.0,1.0,0.0,0.0,1.0,0.8281250000000001,high,,,total,madhya pradesh,True,,,,,,
2014,delhi ut,crime branch,0.0,0.0,52.0,0.0,12.0,3.970291913552122,0.15,0.0,0.525,2.5649493574615367,0.15,0.0,0.525,0.0,0.525,80.0,-0.35,1.0,4.0,2.0,1.0,4.0,-1.0,1.0,0.0,0.0,1.0,0.28125,low,,,crime branch,delhi,True,,,,,,
2014,haryana,g r p,0.0,0.0,1139.0,0.0,139.0,7.038783541388542,0.0833333333333333,0.0,0.5208333333333334,4.941642422609304,0.0833333333333333,0.0,0.5208333333333334,0.0,0.5208333333333334,,0.0,0.0,,0.0,0.0,,0.0,0.0,,0.0,0.0,0.2364583333333333,low,,,g r p,haryana,False,,,,,,
2014,delhi ut,metro,0.0,0.0,2309.0,0.0,274.0,7.745002803515839,0.4,0.0,0.525,5.616771097666572,0.45,0.0,0.525,0.0,0.525,,0.0,0.0,,0.0,0.0,,0.0,0.0,,0.0,0.0,0.45375,medium,,,metro,delhi,False,,,,,,
2014,delhi ut,eow,0.0,0.0,85.0,0.0,22.0,4.454347296253507,0.2,0.0,0.525,3.1354942159291497,0.25,0.0,0.525,0.0,0.525,163.0,-0.4785276073619632,1.0,0.0,0.0,1.0,0.0,0.0,1.0,0.0,0.0,1.0,0.32375,low,,,eow,delhi,False,,,,,,
2014,delhi ut,east,0.0,0.0,18642.0,0.0,2673.0,9.83322601949546,0.9,0.0,0.525,7.891330757661889,0.85,0.0,0.525,0.0,0.525,10388.0,0.7945706584520601,1.0,1392.0,0.9202586206896552,1.0,772.0,-1.0,1.0,0.0,0.0,1.0,0.75875,high,,,east,delhi,False,,,,,,
2014,delhi ut,central,0.0,0.0,8932.0,0.0,834.0,9.09750756370184,0.55,0.0,0.525,6.727431724850855,0.5,0.0,0.525,0.0,0.525,4562.0,0.9579131959666812,1.0,438.0,0.9041095890410958,1.0,299.0,-1.0,1.0,0.0,0.0,1.0,0.53125,medium,,,central,delhi,False,,,,,,
2014,tripura,total,0.0,0.0,5499.0,0.0,1737.0,8.612503371220562,1.0,0.0,0.55,7.460490305825338,1.0,0.0,0.55,0.0,0.55,0.0,0.0,1.0,0.0,0.0,1.0,100.0,-1.0,1.0,0.0,0.0,1.0,0.8425000000000001,high,,,total,tripura,True,,,,,,
2014,uttar pradesh,allahabad,0.0,0.0,9909.0,0.0,1568.0,9.201299627324032,0.948051948051948,0.0,0.5064935064935064,7.358193752733032,0.9090909090909092,0.0,0.5064935064935064,0.0,0.5064935064935064,8357.0,0.1857125762833552,1.0,944.0,0.6610169491525424,1.0,173.0,-1.0,1.0,0.0,0.0,1.0,0.7857142857142856,high,,,prayagraj,uttar pradesh,False,25.4358011,81.846311,Allahabad,1216719.0,exact,5954391.0
2014,delhi ut,west,0.0,0.0,18488.0,0.0,2883.0,9.824931239630352,0.85,0.0,0.525,7.96693349840484,0.9,0.0,0.525,0.0,0.525,8813.0,1.0978100533303077,1.0,1653.0,0.7441016333938294,1.0,923.0,-1.0,1.0,0.0,0.0,1.0,0.74625,high,,,west,delhi,False,,,,,,
2014,goa,c i d,0.0,0.0,112.0,0.0,27.0,4.727387818712341,0.25,0.0,0.625,3.332204510175204,0.25,0.0,0.625,0.0,0.625,,0.0,0.0,,0.0,0.0,,0.0,0.0,,0.0,0.0,0.38125,low,,,c i d,goa,False,,,,,,
2014,delhi ut,total,0.0,0.0,155654.0,0.0,22255.0,11.955397298707489,1.0,0.0,0.525,10.010366914163225,1.0,0.0,0.525,0.0,0.525,0.0,0.0,1.0,0.0,0.0,1.0,7199.0,-1.0,1.0,0.0,0.0,1.0,0.83375,high,,,total,delhi,True,,,,,,
2014,delhi ut,vigilance,0.0,0.0,0.0,0.0,0.0,0.0,0.05,0.0,0.525,0.0,0.075,0.0,0.525,0.0,0.525,,0.0,0.0,,0.0,0.0,,0.0,0.0,,0.0,0.0,0.22125,low,,,vigilance,delhi,True,,,,,,
2014,gujarat,total,0.0,0.0,131385.0,0.0,13669.0,11.78589483445527,1.0,0.0,0.5119047619047619,9.522958929717996,1.0,0.0,0.5119047619047619,0.0,0.5119047619047619,0.0,0.0,1.0,0.0,0.0,1.0,2076.0,-1.0,1.0,0.0,0.0,1.0,0.8291666666666667,high,,,total,gujarat,True,,,,,,
2014,delhi ut,spl cell,0.0,0.0,14.0,0.0,0.0,2.70805020110221,0.1,0.0,0.525,0.0,0.075,0.0,0.525,0.0,0.525,133.0,-0.8947368421052632,2.0,0.0,0.0,2.0,0.0,0.0,2.0,0.0,0.0,2.0,0.24375,low,,,spl cell,delhi,False,,,,,,
2014,delhi ut,spuwac,0.0,0.0,161.0,0.0,161.0,5.087596335232384,0.25,0.0,0.525,5.087596335232384,0.35,0.0,0.525,0.0,0.525,,0.0,0.0,,0.0,0.0,,0.0,0.0,,0.0,0.0,0.3662499999999999,low,,,spuwac,delhi,False,,,,,,
2014,delhi ut,south east,0.0,0.0,14914.0,0.0,1968.0,9.61012269694885,0.7,0.0,0.525,7.585281078639126,0.65,0.0,0.525,0.0,0.525,8608.0,0.7325743494423792,1.0,1351.0,0.4566987416728349,1.0,808.0,-1.0,1.0,0.0,0.0,1.0,0.62875,medium,,,south east,delhi,False,,,,,,
2014,delhi ut,south,0.0,0.0,17371.0,0.0,2468.0,9.762614993654712,0.8,0.0,0.525,7.81156848934518,0.75,0.0,0.525,0.0,0.525,8593.0,1.0215291516350518,1.0,1297.0,0.902852737085582,1.0,589.0,-1.0,1.0,0.0,0.0,1.0,0.69375,medium,,,south,delhi,False,,,,,,
2014,delhi ut,new delhi,0.0,0.0,2421.0,0.0,229.0,7.792348924113037,0.45,0.0,0.525,5.438079308923196,0.4,0.0,0.525,0.0,0.525,1458.0,0.6604938271604939,1.0,163.0,0.4049079754601227,1.0,89.0,-1.0,1.0,0.0,0.0,1.0,0.46625,medium,,,new delhi,delhi,False,,,,,,
2014,delhi ut,north,0.0,0.0,8201.0,0.0,918.0,9.012133305952004,0.5,0.0,0.525,6.823286122355687,0.55,0.0,0.525,0.0,0.525,4081.0,1.0095564812545943,1.0,509.0,0.8035363457760314,1.0,285.0,-1.0,1.0,0.0,0.0,1.0,0.51875,medium,,,north,delhi,False,,,,,,
2014,delhi ut,igi airport,0.0,0.0,453.0,0.0,16.0,6.118097198041348,0.3,0.0,0.525,2.833213344056216,0.2,0.0,0.525,0.0,0.525,351.0,0.2905982905982906,1.0,15.0,0.0666666666666666,1.0,1.0,-1.0,1.0,0.0,0.0,1.0,0.35875,low,,,igi airport,delhi,False,,,,,,
2014,delhi ut,south west,0.0,0.0,11320.0,0.0,2216.0,9.334414687078109,0.6,0.0,0.525,7.703910209616311,0.7,0.0,0.525,0.0,0.525,5963.0,0.89837330202918,1.0,1488.0,0.489247311827957,1.0,690.0,-1.0,1.0,0.0,0.0,1.0,0.59375,medium,,,south west,delhi,False,,,,,,
2014,delhi ut,north west,0.0,0.0,13251.0,0.0,1641.0,9.491903763419788,0.65,0.0,0.525,7.403670290012373,0.6,0.0,0.525,0.0,0.525,6564.0,1.0187385740402193,1.0,1085.0,0.5124423963133641,1.0,680.0,-1.0,1.0,0.0,0.0,1.0,0.5962500000000001,medium,,,north west,delhi,False,,,,,,
2014,delhi ut,outer,0.0,0.0,20320.0,0.0,3303.0,9.919410113079945,0.95,0.0,0.525,8.102889134640868,0.95,0.0,0.525,0.0,0.525,9579.0,1.1213070257855726,1.0,1675.0,0.9719402985074628,1.0,1038.0,-1.0,1.0,0.0,0.0,1.0,0.8012499999999999,high,,,outer,delhi,False,,,,,,
2014,delhi ut,railway,0.0,0.0,1816.0,0.0,47.0,7.504942068396171,0.35,0.0,0.525,3.871201010907891,0.3,0.0,0.525,0.0,0.525,,0.0,0.0,,0.0,0.0,,0.0,0.0,,0.0,0.0,0.40125,medium,,,railway,delhi,True,,,,,,
2014,delhi ut,north east,0.0,0.0,16904.0,0.0,2590.0,9.735364715141989,0.75,0.0,0.525,7.85979918056211,0.8,0.0,0.525,0.0,0.525,9041.0,0.8697046786859861,1.0,1524.0,0.699475065616798,1.0,980.0,-1.0,1.0,0.0,0.0,1.0,0.68125,medium,,,north east,delhi,False,,,,,,
2014,punjab,total,0.0,0.0,37162.0,0.0,6481.0,10.523068921638984,1.0,0.0,0.5172413793103449,8.776784383701493,1.0,0.0,0.5172413793103449,0.0,0.5172413793103449,0.0,0.0,1.0,0.0,0.0,1.0,1336.0,-1.0,1.0,0.0,0.0,1.0,0.8310344827586207,high,,,total,punjab,True,,,,,,
2014,uttar pradesh,g r p,0.0,0.0,5158.0,0.0,576.0,8.54849804124465,0.8701298701298701,0.0,0.5064935064935064,6.3578422665081,0.5454545454545454,0.0,0.5064935064935064,0.0,0.5064935064935064,4169.0,0.2372271527944351,1.0,119.0,3.8403361344537816,1.0,41.0,-1.0,1.0,0.0,0.0,1.0,0.6779220779220778,medium,,,g r p,uttar pradesh,False,,,,,,
2014,goa,total,0.0,0.0,4466.0,0.0,576.0,8.404472321352118,1.0,0.0,0.625,6.3578422665081,1.0,0.0,0.625,0.0,0.625,0.0,0.0,1.0,0.0,0.0,1.0,270.0,-1.0,1.0,0.0,0.0,1.0,0.86875,high,,,total,goa,True,,,,,,
2014,uttar pradesh,faizabad,0.0,0.0,2426.0,0.0,570.0,7.794411205726601,0.5454545454545454,0.0,0.5064935064935064,6.3473892096560105,0.5324675324675324,0.0,0.5064935064935064,0.0,0.5064935064935064,2150.0,0.1283720930232558,1.0,268.0,1.126865671641791,1.0,127.0,-1.0,1.0,0.0,0.0,1.0,0.5292207792207793,medium,,,faizabad,uttar pradesh,False,26.7732476,82.1441643,Faizabad,642381.0,exact,2470996.0
2014,gujarat,c i d crime,0.0,0.0,8.0,0.0,0.0,2.19722457733622,0.0238095238095238,0.0,0.5119047619047619,0.0,0.0238095238095238,0.0,0.5119047619047619,0.0,0.5119047619047619,,0.0,0.0,,0.0,0.0,,0.0,0.0,,0.0,0.0,0.1946428571428571,low,,,c i d crime,gujarat,False,,,,,,
2014,rajasthan,praapgarh,0.0,0.0,3124.0,0.0,999.0,8.047189562170502,0.2790697674418604,0.0,0.5116279069767442,6.907755278982137,0.7674418604651163,0.0,0.5116279069767442,0.0,0.5116279069767442,,0.0,0.0,,0.0,0.0,,0.0,0.0,,0.0,0.0,0.458139534883721,medium,,,praapgarh,rajasthan,False,,,,,,
2014,kerala,kannur,0.0,0.0,6716.0,0.0,1032.0,8.812396905266864,0.4090909090909091,0.0,0.5227272727272727,6.940222469119639,0.8181818181818182,0.0,0.5227272727272727,0.0,0.5227272727272727,6899.0,-0.0265255834178866,1.0,615.0,0.6780487804878049,1.0,99.0,-1.0,1.0,0.0,0.0,1.0,0.5306818181818181,medium,,,kannur,kerala,False,11.8744775,75.3703662,Kannur,232634.0,exact,2523003.0
2014,karnataka,ramanagar,0.0,0.0,4249.0,0.0,433.0,8.354674261918463,0.7297297297297297,0.0,0.5135135135135135,6.073044534100405,0.5945945945945946,0.0,0.5135135135135135,0.0,0.5135135135135135,4363.0,-0.0261288104515241,1.0,271.0,0.5977859778597786,1.0,1.0,-1.0,1.0,0.0,0.0,1.0,0.6270270270270271,medium,,,ramanagar,karnataka,False,12.7094487,77.2807423,Ramanagara,95167.0,fuzzy:ramnagar,
2014,andhra pradesh,nellore,0.0,0.0,8175.0,0.0,1185.0,9.008958312443486,0.8095238095238095,0.0,0.5238095238095238,7.078341579557671,0.6666666666666666,0.0,0.5238095238095238,0.0,0.5238095238095238,7326.0,0.1158886158886158,1.0,973.0,0.2178828365878725,1.0,137.0,-1.0,1.0,0.0,0.0,1.0,0.680952380952381,medium,,,nellore,andhra pradesh,False,14.4425987,79.986456,Nellore,499575.0,exact,
2014,west bengal,sealdah g r p,0.0,0.0,655.0,0.0,89.0,6.486160788944089,0.1290322580645161,0.0,0.5161290322580645,4.499809670330265,0.1290322580645161,0.0,0.5161290322580645,0.0,0.5161290322580645,647.0,0.0123647604327666,1.0,60.0,0.4833333333333333,1.0,0.0,0.0,1.0,0.0,0.0,1.0,0.2645161290322581,low,,,sealdah g r p,west bengal,False,,,,,,
2020,madhya pradesh,indore,1386.0,43.0,20420.0,10488.0,2295.0,9.92431906211606,0.9649122807017544,9.258082367961604,0.9824561403508772,7.738923757439457,0.9824561403508772,7.234898420314831,0.9824561403508772,3.784189633918261,0.9473684210526316,23992.0,-0.1488829609869956,6.0,2791.0,-0.1777140809745611,6.0,0.0,0.0,6.0,0.0,0.0,6.0,0.9692982456140352,critical,,,indore,madhya pradesh,False,22.7195687,75.8577258,Indore,2167447.0,exact,3276697.0
2020,madhya pradesh,hoshangabad,390.0,0.0,5083.0,2384.0,567.0,8.533853632309345,0.5964912280701754,7.776954403322442,0.4385964912280701,6.342121418721152,0.6403508771929824,5.968707559985366,0.7017543859649122,0.0,0.1666666666666666,4870.0,0.0437371663244353,6.0,1110.0,-0.4891891891891892,6.0,0.0,0.0,6.0,0.0,0.0,6.0,0.5355263157894737,medium,,,hoshangabad,madhya pradesh,False,22.744108,77.736967,Hoshangabad,117956.0,exact,1241350.0
2020,jammu kashmir,crime srinagar,0.0,9.0,43.0,34.0,0.0,3.784189633918261,0.25,3.555348061489413,0.21875,0.0,0.109375,0.0,0.109375,2.302585092994046,0.84375,43.0,0.0,6.0,1.0,-1.0,6.0,0.0,0.0,6.0,0.0,0.0,6.0,0.2937499999999999,low,,,crime srinagar,jammu and kashmir,False,,,,,,
2020,jammu kashmir,crime jammu,0.0,10.0,33.0,11.0,0.0,3.5263605246161616,0.21875,2.4849066497880004,0.125,0.0,0.109375,0.0,0.109375,2.3978952727983707,0.90625,14.0,1.3571428571428572,6.0,0.0,0.0,6.0,0.0,0.0,6.0,0.0,0.0,6.0,0.2796875,low,,,crime jammu,jammu and kashmir,False,,,,,,
2020,madhya pradesh,bhopal,872.0,6.0,21677.0,10038.0,1928.0,9.984053200375696,0.9824561403508772,9.214232786691529,0.9649122807017544,7.564757012905729,0.9649122807017544,6.771935555839602,0.9298245614035088,1.9459101490553128,0.5877192982456141,16094.0,0.3468994656393687,6.0,2651.0,-0.2727272727272727,6.0,0.0,0.0,6.0,0.0,0.0,6.0,0.912719298245614,critical,,,bhopal,madhya pradesh,False,23.2599333,77.412615,Bhopal,1883381.0,exact,2371061.0
2020,sikkim,south,46.0,0.0,108.0,63.0,42.0,4.691347882229144,0.6666666666666666,4.158883083359672,0.6666666666666666,3.7612001156935615,0.6666666666666666,3.8501476017100575,0.6666666666666666,0.0,0.5833333333333334,290.0,-0.6275862068965518,6.0,42.0,0.0,6.0,0.0,0.0,6.0,0.0,0.0,6.0,0.6541666666666667,medium,,,south,sikkim,False,,,,,,146850.0
2020,sikkim,north,16.0,0.0,14.0,15.0,14.0,2.70805020110221,0.3333333333333333,2.772588722239781,0.3333333333333333,2.70805020110221,0.3333333333333333,2.833213344056216,0.3333333333333333,0.0,0.5833333333333334,52.0,-0.7307692307692307,6.0,4.0,2.5,6.0,0.0,0.0,6.0,0.0,0.0,6.0,0.3708333333333333,low,,,north,sikkim,False,,,,,,43709.0
2020,sikkim,east,63.0,0.0,321.0,89.0,54.0,5.7745515455444085,0.8333333333333334,4.499809670330265,0.8333333333333334,4.007333185232471,0.8333333333333334,4.158883083359672,0.8333333333333334,0.0,0.5833333333333334,589.0,-0.4550084889643463,6.0,67.0,-0.1940298507462686,6.0,0.0,0.0,6.0,0.0,0.0,6.0,0.7958333333333335,high,,,east,sikkim,False,,,,,,283583.0
2020,sikkim,west,24.0,0.0,76.0,29.0,19.0,4.343805421853684,0.5,3.4011973816621555,0.5,2.995732273553991,0.5,3.218875824868201,0.5,0.0,0.5833333333333334,127.0,-0.4015748031496063,6.0,24.0,-0.2083333333333333,6.0,0.0,0.0,6.0,0.0,0.0,6.0,0.5125000000000001,medium,,,west,sikkim,False,,,,,,136435.0
2022,kerala,all districts,281.0,46.0,8939.0,10139.0,822.0,9.09829086816756,0.4782608695652174,9.224243277145174,0.4782608695652174,6.71295620067707,0.7391304347826086,5.641907070938114,0.6956521739130435,3.8501476017100575,0.782608695652174,,0.0,0.0,,0.0,0.0,,0.0,0.0,,0.0,0.0,0.5978260869565217,medium,,,all districts,kerala,False,,,,,,
2022,nagaland,clarifications are pending,0.0,0.0,0.0,0.0,0.0,0.0,0.0769230769230769,0.0,0.0769230769230769,0.0,0.0769230769230769,0.0,0.1153846153846153,0.0,0.4230769230769231,,0.0,0.0,,0.0,0.0,,0.0,0.0,,0.0,0.0,0.1326923076923077,low,,,clarifications are pending,nagaland,False,,,,,,
2022,uttar pradesh,vasanasi dehat,0.0,0.0,0.0,0.0,0.0,0.0,0.0253164556962025,0.0,0.0253164556962025,0.0,0.0253164556962025,0.0,0.0253164556962025,0.0,0.0253164556962025,3531.0,-1.0,2.0,385.0,-1.0,2.0,141.0,-1.0,2.0,59.0,-1.0,2.0,0.0253164556962025,low,,,vasanasi dehat,uttar pradesh,False,,,,,,
2022,uttar pradesh,lucknow grameen,0.0,0.0,0.0,0.0,0.0,0.0,0.0253164556962025,0.0,0.0253164556962025,0.0,0.0253164556962025,0.0,0.0253164556962025,0.0,0.0253164556962025,634.0,-1.0,2.0,173.0,-1.0,2.0,39.0,-1.0,2.0,17.0,-1.0,2.0,0.0253164556962025,low,,,lucknow grameen,uttar pradesh,False,,,,,,
2022,uttar pradesh,kanpur outer,0.0,0.0,0.0,0.0,0.0,0.0,0.0253164556962025,0.0,0.0253164556962025,0.0,0.0253164556962025,0.0,0.0253164556962025,0.0,0.0253164556962025,2719.0,-1.0,2.0,549.0,-1.0,2.0,169.0,-1.0,2.0,34.0,-1.0,2.0,0.0253164556962025,low,,,kanpur outer,uttar pradesh,False,,,,,,
2022,maharashtra,osmanabad,162.0,39.0,4154.0,2474.0,496.0,8.332067707289548,0.36,7.813995675002791,0.34,6.208590026096629,0.34,5.093750200806762,0.22,3.688879454113936,0.42,4167.0,-0.0031197504199664,2.0,491.0,0.010183299389002,2.0,160.0,0.0125,2.0,41.0,-0.048780487804878,2.0,0.3490000000000001,low,,,osmanabad,maharashtra,False,18.1860659,76.0419409,Osmanabad,112085.0,exact,1657576.0
2022,maharashtra,aurangabad rural,223.0,57.0,5838.0,3114.0,809.0,8.672314828283538,0.46,8.043984431221553,0.5,6.697034247666484,0.54,5.41164605185504,0.35,4.060443010546419,0.58,5013.0,0.1645721125074805,2.0,646.0,0.2523219814241486,2.0,192.0,0.1614583333333333,2.0,17.0,2.3529411764705883,2.0,0.487,medium,,,aurangabad,maharashtra,False,19.8761653,75.3433139,Aurangabad,1171330.0,exact,3701282.0
2022,maharashtra,aurangabad commr,349.0,96.0,5345.0,1796.0,834.0,8.584103896698863,0.42,7.493873886783559,0.24,6.727431724850855,0.56,5.857933154483459,0.6,4.574710978503383,0.76,7366.0,-0.2743687211512354,2.0,757.0,0.1017173051519154,2.0,288.0,0.2118055555555555,2.0,80.0,0.2,2.0,0.499,medium,,,aurangabad commr,maharashtra,False,,,,,,
2022,maharashtra,aurangabad railway,12.0,0.0,3575.0,54.0,20.0,8.182000136293405,0.28,4.007333185232471,0.06,3.044522437723423,0.06,2.5649493574615367,0.06,0.0,0.04,1934.0,0.8485005170630817,2.0,16.0,0.25,2.0,9.0,0.3333333333333333,2.0,0.0,0.0,2.0,0.156,low,,,aurangabad railway,maharashtra,True,,,,,,
2022,karnataka,k g f,56.0,55.0,855.0,370.0,120.0,6.752270376141742,0.0256410256410256,5.916202062607435,0.1282051282051282,4.795790545596741,0.0512820512820512,4.04305126783455,0.0512820512820512,4.02535169073515,0.6025641025641025,604.0,0.4155629139072848,2.0,68.0,0.7647058823529411,2.0,34.0,0.6470588235294118,2.0,53.0,0.0377358490566037,2.0,0.1301282051282051,low,,,k g f,karnataka,False,,,,,,
2022,karnataka,k railways,12.0,0.0,1296.0,57.0,9.0,7.167809184316444,0.1025641025641025,4.060443010546419,0.0256410256410256,2.302585092994046,0.0256410256410256,2.5649493574615367,0.0256410256410256,0.0,0.0256410256410256,889.0,0.4578177727784027,2.0,7.0,0.2857142857142857,2.0,5.0,1.4,2.0,0.0,0.0,2.0,0.0602564102564102,low,,,k railways,karnataka,True,,,,,,
2022,rajasthan,sog,0.0,0.0,22.0,4.0,0.0,3.1354942159291497,0.1020408163265306,1.6094379124341005,0.0408163265306122,0.0,0.0510204081632653,0.0,0.0510204081632653,0.0,0.0510204081632653,31.0,-0.2903225806451613,2.0,0.0,0.0,2.0,1.0,-1.0,2.0,0.0,0.0,2.0,0.0729591836734693,low,,,sog,rajasthan,False,,,,,,
2023,maharashtra,pimpri chinchwad city,794.0,244.0,10238.0,3950.0,1514.0,9.233959237574815,0.8,8.281723990411392,0.58,7.323170717943469,0.84,6.678342114654332,0.84,5.501258210544727,0.88,9538.0,0.0733906479345774,1.0,1508.0,0.0039787798408488,1.0,772.0,0.0284974093264248,1.0,214.0,0.1401869158878504,1.0,0.802,high,,,pimpri chinchwad,maharashtra,False,,,,,,
2023,maharashtra,ahmednagar,827.0,75.0,19422.0,8726.0,2196.0,9.874213209832131,0.96,9.074176947163313,0.9,7.69484807238461,0.92,6.71901315438526,0.88,4.330733340286331,0.76,16283.0,0.1927777436590309,1.0,2202.0,-0.0027247956403269,1.0,892.0,-0.0728699551569506,1.0,100.0,-0.25,1.0,0.908,critical,,,ahmednagar,maharashtra,False,19.0952075,74.7495916,Ahmednagar,350000.0,exact,
2024,west bengal,purulia,137.0,7.0,2201.0,1047.0,460.0,7.697121317282625,0.25,6.954638864880987,0.85,6.133398042996649,0.25,4.927253685157205,0.3,2.079441541679836,0.625,2506.0,-0.1217079010375099,1.0,452.0,0.0176991150442477,1.0,122.0,0.1229508196721311,1.0,8.0,-0.125,1.0,0.37125,low,,,purulia,west bengal,False,23.3320779,86.365208,Purulia,126894.0,exact,
2024,arunachal pradesh,crime branch,0.0,74.0,8.0,74.0,5.0,2.19722457733622,0.0535714285714285,4.31748811353631,0.9285714285714286,1.791759469228055,0.4642857142857143,0.0,0.0892857142857142,4.31748811353631,0.9642857142857144,3.0,1.6666666666666667,1.0,0.0,0.0,1.0,0.0,0.0,1.0,0.0,0.0,1.0,0.3633928571428571,low,,,crime branch,arunachal pradesh,True,,,,,,
2024,west bengal,siliguri pc,213.0,33.0,4484.0,1240.0,898.0,8.408493774492896,0.65,7.123672785204607,0.9,6.80128303447162,0.575,5.365976015021851,0.475,3.5263605246161616,0.975,4709.0,-0.0477808451900615,1.0,964.0,-0.0684647302904564,1.0,293.0,-0.273037542662116,1.0,2.0,15.5,1.0,0.6912499999999999,medium,,,siliguri pc,west bengal,False,,,,,,
2024,a n islands,north middle andaman,35.0,10.0,110.0,416.0,39.0,4.709530201312334,0.5,6.0330862217988015,0.5,3.688879454113936,0.5,3.58351893845611,0.5,2.3978952727983707,0.5,88.0,0.25,1.0,49.0,-0.2040816326530612,1.0,41.0,-0.1463414634146341,1.0,11.0,-0.0909090909090909,1.0,0.5,medium,,,north middle andaman,andaman and nicobar islands,False,,,,,,
2024,a n islands,nicobar,28.0,1.0,17.0,128.0,29.0,2.8903717578961645,0.25,4.859812404361672,0.25,3.4011973816621555,0.25,3.367295829986474,0.25,0.6931471805599453,0.25,11.0,0.5454545454545454,1.0,31.0,-0.064516129032258,1.0,29.0,-0.0344827586206896,1.0,5.0,-0.8,1.0,0.25,low,,,nicobar,andaman and nicobar islands,False,,,,,,
2024,odisha,dcp ctc,270.0,53.0,5976.0,1292.0,1055.0,8.695674048824253,0.7027027027027027,7.164720378771857,0.6486486486486487,6.962243464266207,0.6756756756756757,5.602118820879701,0.6216216216216216,3.9889840465642745,0.4864864864864865,6251.0,-0.0439929611262198,1.0,892.0,0.1827354260089686,1.0,285.0,-0.0526315789473684,1.0,71.0,-0.2535211267605634,1.0,0.6513513513513515,medium,,,dcp ctc,odisha,False,,,,,,
2024,a n islands,total districts,138.0,28.0,522.0,1175.0,156.0,6.259581464064923,1.0,7.069874128458572,1.0,5.056245805348308,1.0,4.934473933130692,1.0,3.367295829986474,1.0,587.0,-0.110732538330494,1.0,205.0,-0.2390243902439024,1.0,161.0,-0.1428571428571428,1.0,47.0,-0.4042553191489361,1.0,1.0,critical,,,total districts,andaman and nicobar islands,True,,,,,,
2024,a n islands,south andaman,75.0,17.0,395.0,631.0,88.0,5.981414211254481,0.75,6.448889394146858,0.75,4.48863636973214,0.75,4.330733340286331,0.75,2.8903717578961645,0.75,488.0,-0.1905737704918032,1.0,125.0,-0.296,1.0,91.0,-0.1758241758241758,1.0,31.0,-0.4516129032258064,1.0,0.75,high,,,south andaman,andaman and nicobar islands,False,11.6233774,92.7264828,Port Blair,108058.0,exact,238142.0
2024,kerala,kasargod,240.0,52.0,3864.0,10071.0,400.0,8.259716961021523,0.2608695652173913,9.217514575724184,0.2608695652173913,5.993961427306569,0.1739130434782608,5.484796933490655,0.2608695652173913,3.970291913552122,0.217391304347826,3290.0,0.1744680851063829,1.0,422.0,-0.0521327014218009,1.0,265.0,-0.0943396226415094,1.0,67.0,-0.2238805970149253,1.0,0.2369565217391304,low,,,kasargod,kerala,False,12.5102239,74.9851678,Kasaragod,192856.0,fuzzy:kasaragod,
2024,kerala,kozhikode commr,245.0,106.0,10310.0,5444.0,665.0,9.240966565517944,0.6956521739130435,8.602453035367061,0.0869565217391304,6.501289670540389,0.4347826086956521,5.5053315359323625,0.3478260869565217,4.672828834461906,0.5217391304347826,10605.0,-0.0278170674210278,1.0,627.0,0.0606060606060606,1.0,250.0,-0.02,1.0,114.0,-0.0701754385964912,1.0,0.5217391304347826,medium,,,kozhikode commr,kerala,False,,,,,,
2024,kerala,kottayam,326.0,75.0,9678.0,27258.0,853.0,9.17771386914909,0.6086956521739131,10.21313902079189,0.9130434782608696,6.74993119378857,0.7391304347826086,5.7899601708972535,0.7391304347826086,4.330733340286331,0.4347826086956521,30534.0,-0.6830418549813323,1.0,848.0,0.0058962264150943,1.0,315.0,0.0349206349206349,1.0,205.0,-0.6341463414634146,1.0,0.6521739130434783,medium,,,kottayam,kerala,False,9.5915668,76.5221531,Kottayam,129894.0,exact,1974551.0
2024,kerala,kollam rural,264.0,56.0,7727.0,17842.0,672.0,8.952605375892354,0.4347826086956521,9.789366553431428,0.7391304347826086,6.511745329644728,0.4782608695652174,5.579729825986222,0.4347826086956521,4.04305126783455,0.2608695652173913,8672.0,-0.1089714022140221,1.0,740.0,-0.0918918918918919,1.0,269.0,-0.0185873605947955,1.0,94.0,-0.4042553191489361,1.0,0.4478260869565217,medium,,,kollam,kerala,False,8.8932118,76.6141396,Kollam,349033.0,exact,2635375.0
2024,kerala,kollam commr,266.0,126.0,10349.0,14577.0,708.0,9.244741798693514,0.7391304347826086,9.58726882194216,0.6521739130434783,6.563855526532128,0.5652173913043478,5.58724865840025,0.5,4.844187086458591,0.6521739130434783,11191.0,-0.0752390313644893,1.0,707.0,0.0014144271570014,1.0,165.0,0.6121212121212121,1.0,63.0,1.0,1.0,0.658695652173913,medium,,,kollam commr,kerala,False,,,,,,
2024,odisha,cid cb,0.0,60.0,90.0,10.0,1.0,4.51085950651685,0.027027027027027,2.3978952727983707,0.027027027027027,0.6931471805599453,0.027027027027027,0.0,0.027027027027027,4.110873864173311,0.5405405405405406,82.0,0.0975609756097561,1.0,2.0,-0.5,1.0,2.0,-1.0,1.0,36.0,0.6666666666666666,1.0,0.104054054054054,low,,,cid cb,odisha,True,,,,,,
2024,odisha,bolangir,329.0,135.0,6202.0,1957.0,661.0,8.732788324973118,0.7567567567567568,7.579678823090456,0.8918918918918919,6.495265555937008,0.4864864864864865,5.799092654460526,0.7027027027027027,4.912654885736052,0.8918918918918919,5573.0,0.1128656020096895,1.0,602.0,0.0980066445182724,1.0,361.0,-0.0886426592797784,1.0,110.0,0.2272727272727272,1.0,0.731081081081081,high,,,bolangir,odisha,False,20.7074234,83.4842725,Balangir,98238.0,fuzzy:balangir,
2024,odisha,dcp bbsr,418.0,230.0,12765.0,1663.0,541.0,9.454540665816005,0.945945945945946,7.416979621381154,0.7837837837837838,6.295266001439646,0.3783783783783784,6.037870919922137,0.8378378378378378,5.442417710521793,0.972972972972973,10740.0,0.1885474860335195,1.0,409.0,0.3227383863080684,1.0,339.0,0.2330383480825958,1.0,135.0,0.7037037037037037,1.0,0.8094594594594594,high,,,dcp bbsr,odisha,False,,,,,,
2024,odisha,cuttack,372.0,62.0,4768.0,1173.0,1114.0,8.469891918298224,0.5405405405405406,7.068172000388042,0.4864864864864865,7.016609683894219,0.7567567567567568,5.921578419643816,0.7297297297297297,4.143134726391533,0.5675675675675675,4924.0,-0.0316815597075548,1.0,1098.0,0.0145719489981785,1.0,288.0,0.2916666666666667,1.0,45.0,0.3777777777777777,1.0,0.6013513513513513,medium,,,cuttack,odisha,False,20.462521,85.8829895,Cuttack,658986.0,exact,
2024,west bengal,kolkata,468.0,21.0,11864.0,1355.0,1958.0,9.381348168869865,0.975,7.212294468500341,0.975,7.580189417944541,0.95,6.150602768446279,0.85,3.091042453358316,0.8875,10943.0,0.0841633921228182,1.0,1746.0,0.1214203894616265,1.0,297.0,0.5757575757575758,1.0,21.0,0.0,1.0,0.944375,critical,,,kolkata,west bengal,False,22.572646,88.363895,Kolkata,14112536.0,exact,4496694.0
2024,west bengal,krishnagar,194.0,15.0,5786.0,396.0,1115.0,8.663369301573839,0.8,5.983936280687191,0.35,7.017506142941256,0.675,5.272999558563747,0.45,2.772588722239781,0.7625,5782.0,0.0006918021445866,1.0,1084.0,0.0285977859778597,1.0,307.0,-0.3680781758957654,1.0,10.0,0.5,1.0,0.6893750000000001,medium,,,krishnagar,west bengal,False,,,,,,
2024,arunachal pradesh,lower siang,6.0,0.0,38.0,3.0,9.0,3.6635616461296463,0.4464285714285714,1.3862943611198906,0.2678571428571428,2.302585092994046,0.625,1.9459101490553128,0.7142857142857143,0.0,0.4464285714285714,42.0,-0.0952380952380952,1.0,7.0,0.2857142857142857,1.0,3.0,1.0,1.0,0.0,0.0,1.0,0.4910714285714286,medium,,,lower siang,arunachal pradesh,False,,,,,,
2024,arunachal pradesh,namsai,11.0,2.0,106.0,25.0,11.0,4.672828834461906,0.75,3.258096538021482,0.7857142857142857,2.4849066497880004,0.7142857142857143,2.4849066497880004,0.8214285714285714,1.0986122886681098,0.9107142857142856,118.0,-0.1016949152542373,1.0,21.0,-0.4761904761904761,1.0,18.0,-0.3888888888888889,1.0,0.0,0.0,1.0,0.7776785714285714,high,,,namsai,arunachal pradesh,False,,,,,,
2024,odisha,angul,213.0,54.0,9192.0,1836.0,842.0,9.126197603863757,0.918918918918919,7.515889085215125,0.8648648648648649,6.736966958001855,0.6216216216216216,5.365976015021851,0.3513513513513513,4.007333185232471,0.5135135135135135,9796.0,-0.0616578195181706,1.0,873.0,-0.0355097365406643,1.0,198.0,0.0757575757575757,1.0,56.0,-0.0357142857142857,1.0,0.7364864864864865,high,,,angul,odisha,False,,,,,,
2024,nagaland,zunheboto,0.0,0.0,13.0,31.0,2.0,2.6390573296152584,0.4444444444444444,3.4657359027997265,0.5555555555555556,1.0986122886681098,0.6111111111111112,0.0,0.25,0.0,0.3611111111111111,42.0,-0.6904761904761905,1.0,4.0,-0.5,1.0,2.0,-1.0,1.0,1.0,-1.0,1.0,0.4569444444444444,medium,,,zunheboto,nagaland,False,,,,,,140757.0
2024,nagaland,wokha,4.0,0.0,38.0,33.0,0.0,3.6635616461296463,0.7777777777777778,3.5263605246161616,0.6111111111111112,0.0,0.1666666666666666,1.6094379124341005,0.75,0.0,0.3611111111111111,50.0,-0.24,1.0,2.0,-1.0,1.0,0.0,0.0,1.0,0.0,0.0,1.0,0.5736111111111111,medium,,,wokha,nagaland,False,,,,,,166343.0
2024,odisha,baragarh,220.0,85.0,3714.0,2276.0,516.0,8.220133957151859,0.4324324324324324,7.7306140660637395,0.918918918918919,6.248042874508429,0.3513513513513513,5.3981627015177525,0.4189189189189189,4.454347296253507,0.7027027027027027,3864.0,-0.0388198757763975,1.0,742.0,-0.3045822102425876,1.0,194.0,0.134020618556701,1.0,120.0,-0.2916666666666667,1.0,0.5040540540540541,medium,,,baragarh,odisha,False,,,,,,
2024,odisha,balasore,708.0,78.0,7025.0,1069.0,1059.0,8.857372832825773,0.8108108108108109,6.975413927455952,0.4324324324324324,6.966024187106113,0.7027027027027027,6.563855526532128,0.972972972972973,4.3694478524670215,0.5945945945945946,6933.0,0.0132698687436896,1.0,987.0,0.0729483282674772,1.0,557.0,0.2710951526032316,1.0,67.0,0.1641791044776119,1.0,0.7351351351351352,high,,,balasore,odisha,False,21.504467,86.922227,Balasore,177557.0,exact,
2024,odisha,gajapati,102.0,31.0,1163.0,590.0,280.0,7.059617628291383,0.054054054054054,6.3818160174060985,0.1621621621621621,5.638354669333745,0.1621621621621621,4.634728988229636,0.1621621621621621,3.4657359027997265,0.2567567567567567,1088.0,0.0689338235294117,1.0,246.0,0.1382113821138211,1.0,79.0,0.2911392405063291,1.0,35.0,-0.1142857142857142,1.0,0.1277027027027027,low,,,gajapati,odisha,False,,,,,,
2024,odisha,dhenkanal,253.0,46.0,6033.0,992.0,1279.0,8.705165419719007,0.7297297297297297,6.900730664045173,0.3783783783783784,7.154615356913663,0.8918918918918919,5.537334267018537,0.5675675675675675,3.8501476017100575,0.4324324324324324,5957.0,0.0127580997146214,1.0,1046.0,0.2227533460803059,1.0,224.0,0.1294642857142857,1.0,70.0,-0.3428571428571428,1.0,0.6662162162162162,medium,,,dhenkanal,odisha,False,,,,,,
2024,maharashtra,jalgaon,550.0,100.0,8280.0,6218.0,1252.0,9.0217190130337,0.72,8.735364401103888,0.72,7.133295954896068,0.78,6.311734809152915,0.78,4.61512051684126,0.82,8189.0,0.011112467944804,1.0,1263.0,-0.0087094220110847,1.0,471.0,0.167728237791932,1.0,68.0,0.4705882352941176,1.0,0.753,high,,,jalgaon,maharashtra,False,21.0076578,75.5626039,Jalgaon,460000.0,exact,4229917.0
2024,maharashtra,hingoli,113.0,7.0,3714.0,3572.0,411.0,8.220133957151859,0.24,8.181160858023409,0.46,6.021023349349527,0.24,4.736198448394496,0.1,2.079441541679836,0.12,3874.0,-0.0413009808982963,1.0,355.0,0.1577464788732394,1.0,90.0,0.2555555555555555,1.0,7.0,0.0,1.0,0.23,low,,,hingoli,maharashtra,False,,,,,,1177345.0
2024,maharashtra,gondia,241.0,30.0,3922.0,3858.0,394.0,8.274611946209552,0.28,8.258163361537619,0.52,5.978885764901122,0.22,5.488937726156687,0.28,3.4339872044851463,0.48,3294.0,0.1906496660595021,1.0,369.0,0.067750677506775,1.0,215.0,0.1209302325581395,1.0,36.0,-0.1666666666666666,1.0,0.322,low,,,gondia,maharashtra,False,21.4624491,80.2209773,Gondia,132821.0,exact,
2024,maharashtra,latur,356.0,58.0,6165.0,4691.0,961.0,8.726805608446096,0.48,8.453614209773367,0.58,6.8690144506657065,0.6,5.877735781779639,0.48,4.07753744390572,0.66,6423.0,-0.0401681457262961,1.0,926.0,0.0377969762419006,1.0,347.0,0.0259365994236311,1.0,41.0,0.4146341463414634,1.0,0.5409999999999999,medium,,,latur,maharashtra,False,18.4087934,76.5603828,Latur,410873.0,exact,2454196.0
2024,gujarat,navsari,53.0,12.0,2009.0,15810.0,49.0,7.605890001053122,0.3725490196078431,9.668461179310146,0.8431372549019608,3.912023005428146,0.2941176470588235,3.9889840465642745,0.3529411764705882,2.5649493574615367,0.3529411764705882,4726.0,-0.5749047820567076,1.0,30.0,0.6333333333333333,1.0,29.0,0.8275862068965517,1.0,15.0,-0.2,1.0,0.3990196078431373,low,,,navsari,gujarat,False,20.9467019,72.9520348,Navsari,160941.0,exact,1329672.0
2024,punjab,pathankot,49.0,22.0,573.0,319.0,95.0,6.352629396319567,0.2285714285714285,5.768320995793772,0.2571428571428571,4.564348191467836,0.2285714285714285,3.912023005428146,0.3142857142857143,3.1354942159291497,0.6571428571428571,430.0,0.3325581395348837,1.0,64.0,0.484375,1.0,26.0,0.8846153846153846,1.0,11.0,1.0,1.0,0.3042857142857142,low,,,pathankot,punjab,False,32.2643375,75.6421121,Pathankot,143357.0,exact,
2024,punjab,nri wing,0.0,0.0,547.0,78.0,179.0,6.306275286948016,0.1714285714285714,4.3694478524670215,0.0857142857142857,5.19295685089021,0.7142857142857143,0.0,0.0714285714285714,0.0,0.0571428571428571,120.0,3.558333333333333,1.0,41.0,3.365853658536585,1.0,0.0,0.0,1.0,0.0,0.0,1.0,0.2442857142857143,low,,,nri wing,punjab,False,,,,,,
2024,punjab,muktsar,60.0,13.0,1018.0,744.0,101.0,6.926577033222725,0.4,6.61338421837956,0.6285714285714286,4.624972813284271,0.2857142857142857,4.110873864173311,0.4857142857142857,2.6390573296152584,0.3571428571428571,769.0,0.3237971391417425,1.0,75.0,0.3466666666666667,1.0,48.0,0.25,1.0,5.0,1.6,1.0,0.4021428571428571,medium,,,muktsar,punjab,False,30.476681,74.511289,Muktasar,117085.0,exact,901896.0
2024,gujarat,porbandar,43.0,15.0,1030.0,5080.0,60.0,6.93828448401696,0.2549019607843137,8.533263371593732,0.3137254901960784,4.110873864173311,0.3333333333333333,3.784189633918261,0.3137254901960784,2.772588722239781,0.4313725490196078,983.0,0.0478128179043743,1.0,58.0,0.0344827586206896,1.0,46.0,-0.0652173913043478,1.0,10.0,0.5,1.0,0.3088235294117647,low,,,porbandar,gujarat,False,21.6417069,69.6292654,Porbandar,151770.0,exact,585449.0
2024,gujarat,morbi,74.0,24.0,4343.0,8937.0,91.0,8.37655086161377,0.7254901960784313,9.098067129493398,0.5882352941176471,4.5217885770490405,0.4117647058823529,4.31748811353631,0.4313725490196078,3.218875824868201,0.6764705882352942,4287.0,0.0130627478423139,1.0,142.0,-0.3591549295774648,1.0,102.0,-0.2745098039215686,1.0,10.0,1.4,1.0,0.6122549019607842,medium,,,morbi,gujarat,False,22.8119895,70.8236195,Morbi,194947.0,exact,
2024,gujarat,mehsana,160.0,32.0,3199.0,10663.0,235.0,8.070906088787819,0.5294117647058824,9.274628861858544,0.7450980392156863,5.4638318050256105,0.8431372549019608,5.081404364984463,0.8431372549019608,3.49650756146648,0.7745098039215687,3266.0,-0.0205143906919779,1.0,220.0,0.0681818181818181,1.0,148.0,0.081081081081081,1.0,23.0,0.391304347826087,1.0,0.6818627450980392,medium,,,mehsana,gujarat,False,23.5879607,72.3693252,Mehsana,84133.0,exact,
2024,gujarat,panchmahal,176.0,39.0,4162.0,8748.0,236.0,8.333991247194975,0.7058823529411765,9.076694687106263,0.5490196078431373,5.468060141135132,0.8627450980392157,5.176149732573829,0.9215686274509804,3.688879454113936,0.8627450980392157,3840.0,0.0838541666666666,1.0,199.0,0.185929648241206,1.0,171.0,0.0292397660818713,1.0,39.0,0.0,1.0,0.7666666666666667,high,,,panchmahal,gujarat,False,22.7788044,73.6142795,Godhra,143644.0,exact,
2024,uttar pradesh,basti,260.0,94.0,3475.0,2158.0,499.0,8.153637486385282,0.3376623376623376,7.677400430514807,0.2597402597402597,6.214608098422191,0.2987012987012987,5.564520407322694,0.6103896103896104,4.553876891600541,0.6103896103896104,3549.0,-0.020850943927867,1.0,580.0,-0.1396551724137931,1.0,258.0,0.0077519379844961,1.0,50.0,0.88,1.0,0.3902597402597402,low,,,basti,uttar pradesh,False,26.8176796,82.7633133,Basti,114651.0,exact,2464464.0
2024,gujarat,narmada,48.0,3.0,3220.0,7067.0,51.0,8.0774471493312,0.5490196078431373,8.863332833439587,0.4313725490196078,3.951243718581428,0.3137254901960784,3.8918202981106265,0.3333333333333333,1.3862943611198906,0.0784313725490196,2930.0,0.098976109215017,1.0,55.0,-0.0727272727272727,1.0,49.0,-0.0204081632653061,1.0,4.0,-0.25,1.0,0.3980392156862745,low,,,narmada,gujarat,False,,,,,,590297.0
2024,uttar pradesh,baghpat,149.0,142.0,3495.0,3544.0,523.0,8.159374736775426,0.3506493506493506,8.173293438966228,0.6753246753246753,6.261491684321042,0.3116883116883117,5.010635294096256,0.2727272727272727,4.962844630259907,0.7597402597402597,3281.0,0.065224017067967,1.0,534.0,-0.0205992509363295,1.0,221.0,-0.3257918552036199,1.0,335.0,-0.5761194029850746,1.0,0.4288961038961039,medium,,,baghpat,uttar pradesh,False,,,,,,1303048.0
2024,uttar pradesh,badaun,319.0,64.0,5098.0,3384.0,1055.0,8.536799721055155,0.5324675324675324,8.127109185346375,0.6363636363636364,6.962243464266207,0.7012987012987013,5.768320995793772,0.6883116883116883,4.174387269895637,0.3246753246753247,5639.0,-0.0959389962759354,1.0,1183.0,-0.1081994928148774,1.0,202.0,0.5792079207920792,1.0,66.0,-0.0303030303030303,1.0,0.5610389610389611,medium,,,badaun,uttar pradesh,False,,,,,,
2024,uttar pradesh,azamgarh,461.0,311.0,9020.0,2888.0,1612.0,9.10731047165664,0.8701298701298701,7.968665700466235,0.4415584415584415,7.385851078125209,0.8896103896103896,6.135564891081739,0.8441558441558441,5.7430031878094825,0.8961038961038961,9332.0,-0.0334333476210887,1.0,1746.0,-0.0767468499427262,1.0,563.0,-0.1811722912966252,1.0,203.0,0.5320197044334976,1.0,0.8324675324675325,high,,,azamgarh,uttar pradesh,False,26.0737044,83.1859458,Azamgarh,116165.0,exact,4613913.0
2024,uttar pradesh,balrampur,173.0,46.0,2662.0,1069.0,401.0,7.887208585813932,0.1428571428571428,6.975413927455952,0.0389610389610389,5.996452088619021,0.1948051948051948,5.159055299214529,0.4025974025974026,3.8501476017100575,0.1558441558441558,3396.0,-0.2161366313309776,1.0,571.0,-0.297723292469352,1.0,182.0,-0.0494505494505494,1.0,68.0,-0.3235294117647059,1.0,0.1707792207792208,low,,,balrampur,uttar pradesh,False,,,,,,2148665.0
2024,uttar pradesh,bhadohi,166.0,34.0,1241.0,1445.0,297.0,7.124478262493424,0.0129870129870129,7.27655640271871,0.1558441558441558,5.697093486505405,0.0519480519480519,5.117993812416755,0.3571428571428571,3.555348061489413,0.0779220779220779,1319.0,-0.0591357088703563,1.0,241.0,0.2323651452282157,1.0,132.0,0.2575757575757575,1.0,38.0,-0.1052631578947368,1.0,0.0792207792207792,low,,,bhadohi,uttar pradesh,False,,,,,,
2024,uttar pradesh,bareilly,325.0,372.0,12919.0,8605.0,2196.0,9.466531777336591,0.935064935064935,9.060214913398545,0.948051948051948,7.69484807238461,0.961038961038961,5.786897381366708,0.7012987012987013,5.921578419643816,0.922077922077922,9728.0,0.3280222039473684,1.0,1965.0,0.1175572519083969,1.0,245.0,0.3265306122448979,1.0,290.0,0.2827586206896552,1.0,0.9162337662337662,critical,,,bareilly,uttar pradesh,False,28.3670355,79.4304381,Bareilly,979933.0,exact,4448359.0
2024,gujarat,cyber bhavnagar range,0.0,8.0,8.0,0.0,0.0,2.19722457733622,0.1372549019607843,0.0,0.0490196078431372,0.0,0.0686274509803921,0.0,0.0980392156862745,2.19722457733622,0.284313725490196,7.0,0.1428571428571428,1.0,0.0,0.0,1.0,0.0,0.0,1.0,7.0,0.1428571428571428,1.0,0.1328431372549019,low,,,cyber bhavnagar range,gujarat,True,,,,,,
2024,gujarat,kachchh west,73.0,17.0,3427.0,9090.0,133.0,8.13973227971767,0.5686274509803921,9.115040192121858,0.6274509803921569,4.897839799950911,0.5294117647058824,4.30406509320417,0.4117647058823529,2.8903717578961645,0.5098039215686274,3358.0,0.0205479452054794,1.0,164.0,-0.1890243902439024,1.0,83.0,-0.1204819277108433,1.0,22.0,-0.2272727272727272,1.0,0.5421568627450981,medium,,,kachchh west,gujarat,False,,,,,,
2024,gujarat,junagadh,124.0,10.0,2734.0,8328.0,270.0,7.913886714856082,0.4313725490196078,9.02749867993534,0.4901960784313725,5.602118820879701,0.8823529411764706,4.8283137373023015,0.7058823529411765,2.3978952727983707,0.3333333333333333,2819.0,-0.0301525363604114,1.0,214.0,0.2616822429906542,1.0,74.0,0.6756756756756757,1.0,11.0,-0.0909090909090909,1.0,0.5401960784313726,medium,,,junagadh,gujarat,False,21.522184,70.4578768,Junagadh,319462.0,exact,2743082.0
2024,gujarat,kachchh east,103.0,32.0,2842.0,6854.0,177.0,7.952615111651,0.4509803921568627,8.832733591996416,0.4117647058823529,5.181783550292085,0.7058823529411765,4.6443908991413725,0.4901960784313725,3.49650756146648,0.7745098039215687,2564.0,0.1084243369734789,1.0,179.0,-0.0111731843575419,1.0,112.0,-0.0803571428571428,1.0,23.0,0.391304347826087,1.0,0.5504901960784314,medium,,,kachchh east,gujarat,False,,,,,,
2024,uttar pradesh,ballia,176.0,122.0,5556.0,4080.0,911.0,8.622813673279921,0.5714285714285714,8.314097335405807,0.7402597402597403,6.815639990074331,0.5974025974025974,5.176149732573829,0.4155844155844156,4.812184355372417,0.7012987012987013,5256.0,0.0570776255707762,1.0,677.0,0.345642540620384,1.0,218.0,-0.1926605504587156,1.0,82.0,0.4878048780487805,1.0,0.5974025974025973,medium,,,ballia,uttar pradesh,False,25.7584381,84.1487319,Ballia,111287.0,exact,3239774.0
2024,gujarat,mahisagar,108.0,16.0,1243.0,5046.0,84.0,7.126087273299125,0.2941176470588235,8.526549286340263,0.2941176470588235,4.442651256490317,0.3725490196078431,4.691347882229144,0.5392156862745098,2.833213344056216,0.4705882352941176,1351.0,-0.079940784603997,1.0,105.0,-0.2,1.0,52.0,1.0769230769230769,1.0,9.0,0.7777777777777778,1.0,0.3607843137254902,low,,,mahisagar,gujarat,False,,,,,,
2024,gujarat,kheda,128.0,57.0,3441.0,6827.0,219.0,8.143807976771484,0.5882352941176471,8.828787083914332,0.392156862745098,5.393627546352362,0.8235294117647058,4.859812404361672,0.7450980392156863,4.060443010546419,0.9019607843137256,3894.0,-0.1163328197226502,1.0,210.0,0.0428571428571428,1.0,130.0,-0.0153846153846153,1.0,129.0,-0.5581395348837209,1.0,0.6784313725490195,medium,,,kheda,gujarat,False,22.6915853,72.8633635,Nadiad,218095.0,exact,2299885.0
2024,uttar pradesh,barabanki,157.0,119.0,8333.0,6496.0,1114.0,9.0280988119824,0.8181818181818182,8.77909581088053,0.8831168831168831,7.016609683894219,0.7402597402597403,5.062595033026967,0.3051948051948052,4.787491742782046,0.6883116883116883,7537.0,0.1056123125912166,1.0,1179.0,-0.0551314673452078,1.0,440.0,-0.6431818181818182,1.0,127.0,-0.0629921259842519,1.0,0.7383116883116884,high,,,barabanki,uttar pradesh,False,26.9400001,81.19,Barabanki,154692.0,exact,
2024,maharashtra,kolhapur,520.0,31.0,7152.0,8043.0,916.0,8.875287128108384,0.56,8.992681750892542,0.88,6.821107472256465,0.56,6.255750041753367,0.72,3.4657359027997265,0.51,9426.0,-0.2412476129853596,1.0,1079.0,-0.1510658016682113,1.0,572.0,-0.0909090909090909,1.0,39.0,-0.2051282051282051,1.0,0.6005,medium,,,kolhapur,maharashtra,False,16.7049873,74.2432527,Kolhapur,549618.0,exact,3876001.0
2024,uttar pradesh,banda,345.0,111.0,4145.0,1791.0,916.0,8.329899292995725,0.4285714285714285,7.491087593534876,0.2207792207792207,6.821107472256465,0.6103896103896104,5.846438775057725,0.7142857142857143,4.718498871295094,0.6623376623376623,4516.0,-0.0821523472099202,1.0,763.0,0.200524246395806,1.0,358.0,-0.0363128491620111,1.0,88.0,0.2613636363636363,1.0,0.5077922077922078,medium,,,banda,uttar pradesh,False,25.4796224,80.3380213,Banda,160432.0,exact,1799410.0
2024,maharashtra,gadchiroli,166.0,5.0,1703.0,2767.0,211.0,7.440733707389261,0.1,7.92588031673756,0.32,5.356586274672012,0.12,5.117993812416755,0.18,1.791759469228055,0.1,2154.0,-0.2093779015784586,1.0,202.0,0.0445544554455445,1.0,154.0,0.0779220779220779,1.0,10.0,-0.5,1.0,0.134,low,,,gadchiroli,maharashtra,False,,,,,,1072942.0
2024,punjab,patiala,120.0,13.0,3497.0,1262.0,341.0,8.159946655578548,0.9428571428571428,7.141245122350491,0.9428571428571428,5.834810737062605,0.9142857142857144,4.795790545596741,0.8857142857142857,2.6390573296152584,0.3571428571428571,3137.0,0.1147593241950908,1.0,381.0,-0.1049868766404199,1.0,147.0,-0.1836734693877551,1.0,9.0,0.4444444444444444,1.0,0.8435714285714286,high,,,patiala,punjab,False,30.3397809,76.3868797,Patiala,445196.0,exact,1895686.0
2024,maharashtra,jalna,282.0,43.0,6341.0,3167.0,1141.0,8.754949455098293,0.5,8.060855752934316,0.42,7.040536390215956,0.72,5.645446897643238,0.4,3.784189633918261,0.61,6767.0,-0.0629525639131077,1.0,1137.0,0.0035180299032541,1.0,244.0,0.1557377049180328,1.0,79.0,-0.4556962025316455,1.0,0.5425000000000001,medium,,,jalna,maharashtra,False,19.842614,75.894805,Jalna,285577.0,exact,1959046.0
2024,uttar pradesh,amethi,63.0,38.0,2798.0,1361.0,400.0,7.937017489515454,0.1818181818181818,7.216709486709457,0.1168831168831168,5.993961427306569,0.1818181818181818,4.158883083359672,0.0649350649350649,3.6635616461296463,0.0909090909090909,2744.0,0.0196793002915451,1.0,377.0,0.0610079575596817,1.0,47.0,0.3404255319148936,1.0,15.0,1.5333333333333334,1.0,0.15,low,,,amethi,uttar pradesh,False,,,,,,
2024,gujarat,patan,102.0,20.0,3670.0,9536.0,172.0,8.208219383496834,0.6078431372549019,9.162934249578912,0.6666666666666666,5.153291594497779,0.6862745098039216,4.634728988229636,0.4705882352941176,3.044522437723423,0.6274509803921569,3751.0,-0.0215942415355905,1.0,142.0,0.2112676056338028,1.0,81.0,0.2592592592592592,1.0,20.0,0.0,1.0,0.6186274509803922,medium,,,patan,gujarat,False,23.8493246,72.1266255,Patan,125497.0,exact,1343734.0
2024,uttar pradesh,bahraich,568.0,80.0,7711.0,2876.0,1612.0,8.950532836290382,0.7792207792207793,7.964503363551548,0.4285714285714285,7.385851078125209,0.8896103896103896,6.343880434126331,0.8961038961038961,4.394449154672439,0.512987012987013,8485.0,-0.0912197996464348,1.0,2074.0,-0.2227579556412729,1.0,474.0,0.1983122362869198,1.0,125.0,-0.36,1.0,0.737987012987013,high,,,bahraich,uttar pradesh,False,27.5708377,81.5980246,Bahraich,186241.0,exact,3487731.0
2024,gujarat,jamnagar,95.0,16.0,4888.0,12752.0,181.0,8.494743062578646,0.8235294117647058,9.4535218170269,0.803921568627451,5.204006687076795,0.7352941176470589,4.564348191467836,0.4509803921568627,2.833213344056216,0.4705882352941176,4747.0,0.0297029702970297,1.0,141.0,0.2836879432624113,1.0,101.0,-0.0594059405940594,1.0,15.0,0.0666666666666666,1.0,0.7137254901960784,high,,,jamnagar,gujarat,False,22.4707019,70.05773,Jamnagar,479920.0,exact,2160119.0
2024,maharashtra,buldhana,424.0,80.0,7982.0,7765.0,969.0,8.9850695596458,0.7,8.957510510291613,0.82,6.877296071497429,0.64,6.052089168924417,0.6,4.394449154672439,0.74,7909.0,0.0092299911493235,1.0,873.0,0.1099656357388316,1.0,351.0,0.2079772079772079,1.0,61.0,0.3114754098360656,1.0,0.6960000000000001,medium,,,buldhana,maharashtra,False,20.707117,76.571995,Khamgaon,94191.0,exact,
2024,gujarat,surat rural,104.0,36.0,6860.0,14210.0,131.0,8.833608482690892,0.9411764705882352,9.561771591591862,0.8235294117647058,4.882801922586371,0.5098039215686274,4.653960350157523,0.5098039215686274,3.610917912644224,0.8431372549019608,6114.0,0.1220150474321229,1.0,164.0,-0.2012195121951219,1.0,148.0,-0.2972972972972973,1.0,117.0,-0.6923076923076923,1.0,0.7852941176470589,high,,,surat,gujarat,False,21.1702401,72.8310607,Surat,4462002.0,exact,6081322.0
2024,gujarat,surat city,559.0,266.0,11233.0,51933.0,945.0,9.326700173092378,0.9607843137254902,10.857728960638758,0.9803921568627452,6.852242569051878,0.9607843137254902,6.327936783729195,0.9607843137254902,5.58724865840025,0.9607843137254902,11453.0,-0.01920894088885,1.0,869.0,0.0874568469505178,1.0,550.0,0.0163636363636363,1.0,397.0,-0.3299748110831234,1.0,0.9627450980392156,critical,,,surat,gujarat,False,21.1702401,72.8310607,Surat,4462002.0,exact,6081322.0
2024,gujarat,sabarkantha,116.0,5.0,3735.0,10205.0,165.0,8.225770799348734,0.6274509803921569,9.230731061623915,0.7254901960784313,5.111987788356544,0.6078431372549019,4.762173934797756,0.6274509803921569,1.791759469228055,0.1764705882352941,3757.0,-0.0058557359595421,1.0,175.0,-0.0571428571428571,1.0,103.0,0.1262135922330097,1.0,28.0,-0.8214285714285714,1.0,0.5656862745098039,medium,,,sabarkantha,gujarat,False,,,,,,
2024,uttar pradesh,amroha,99.0,91.0,4081.0,2269.0,529.0,8.31434234336979,0.4155844155844156,7.727535110475448,0.2987012987012987,6.272877006546167,0.3246753246753247,4.605170185988092,0.1428571428571428,4.5217885770490405,0.577922077922078,3954.0,0.032119372787051,1.0,474.0,0.1160337552742616,1.0,77.0,0.2857142857142857,1.0,46.0,0.9782608695652174,1.0,0.3827922077922078,low,,,amroha,uttar pradesh,False,28.9043537,78.4673426,Amroha,197135.0,exact,
2024,gujarat,surendranagar,109.0,13.0,5291.0,8463.0,149.0,8.573951525234847,0.8627450980392157,9.04357715409808,0.5098039215686274,5.010635294096256,0.5882352941176471,4.700480365792417,0.5784313725490197,2.6390573296152584,0.3725490196078431,3722.0,0.4215475550779151,1.0,113.0,0.3185840707964602,1.0,85.0,0.2823529411764706,1.0,6.0,1.1666666666666667,1.0,0.6705882352941177,medium,,,surendranagar,gujarat,False,22.7201319,71.649536,Surendranagar,177851.0,exact,1756268.0
2024,uttar pradesh,auraiya,221.0,57.0,3235.0,2833.0,436.0,8.082093278178382,0.2857142857142857,7.949444420250626,0.4155844155844156,6.07993319509559,0.2597402597402597,5.402677381872279,0.5064935064935064,4.060443010546419,0.2597402597402597,3690.0,-0.1233062330623306,1.0,674.0,-0.3531157270029673,1.0,145.0,0.5241379310344828,1.0,75.0,-0.24,1.0,0.3116883116883117,low,,,auraiya,uttar pradesh,False,26.4625957,79.5097549,Auraiya,99674.0,exact,1379545.0
2024,uttar pradesh,ayodhya,216.0,62.0,5475.0,2230.0,728.0,8.60813018640834,0.5584415584415584,7.710205194432532,0.2857142857142857,6.591673732008658,0.4935064935064935,5.37989735354046,0.4805194805194805,4.143134726391533,0.2987012987012987,5499.0,-0.0043644298963447,1.0,786.0,-0.0737913486005089,1.0,271.0,-0.2029520295202952,1.0,80.0,-0.225,1.0,0.4714285714285714,medium,,,ayodhya,uttar pradesh,False,,,,,,
2024,maharashtra,chhatrapati sambhajinagar rural,323.0,21.0,6031.0,4045.0,1015.0,8.704833909687792,0.46,8.305484017727691,0.54,6.923628628138427,0.66,5.780743515792329,0.46,3.091042453358316,0.3,5811.0,0.0378592324901049,1.0,1056.0,-0.0388257575757575,1.0,291.0,0.1099656357388316,1.0,48.0,-0.5625,1.0,0.484,medium,,,chhatrapati sambhajinagar,maharashtra,False,,,,,,
2024,maharashtra,bhandara,178.0,24.0,3072.0,4377.0,279.0,8.030409562130485,0.18,8.384347278082808,0.56,5.634789603169249,0.14,5.187385805840755,0.2,3.218875824868201,0.32,3030.0,0.0138613861386138,1.0,297.0,-0.0606060606060606,1.0,193.0,-0.077720207253886,1.0,28.0,-0.1428571428571428,1.0,0.233,low,,,bhandara,maharashtra,False,21.1750113,79.6558242,Bhandara,91845.0,exact,1200334.0
2024,maharashtra,beed,407.0,85.0,7246.0,3826.0,1421.0,8.888342869109282,0.6,8.249836485425702,0.5,7.259819610363186,0.82,6.0112671744041615,0.58,4.454347296253507,0.76,7062.0,0.0260549419427924,1.0,1406.0,0.0106685633001422,1.0,374.0,0.088235294117647,1.0,82.0,0.0365853658536585,1.0,0.6560000000000001,medium,,,beed,maharashtra,False,18.9890893,75.7600785,Beed,146709.0,exact,
2024,maharashtra,dharashiv,227.0,27.0,4106.0,2810.0,556.0,8.320448113956559,0.36,7.941295570906532,0.36,6.322565239927284,0.36,5.429345628954441,0.26,3.332204510175204,0.39,4200.0,-0.0223809523809523,1.0,553.0,0.0054249547920434,1.0,210.0,0.0809523809523809,1.0,50.0,-0.46,1.0,0.3545,low,,,dharashiv,maharashtra,False,,,,,,
2024,maharashtra,chandrapur,445.0,74.0,6868.0,5715.0,764.0,8.834773814213882,0.54,8.651024539049757,0.68,6.639875833826536,0.46,6.100318952020064,0.66,4.31748811353631,0.71,8527.0,-0.1945584613580391,1.0,861.0,-0.1126596980255516,1.0,398.0,0.1180904522613065,1.0,45.0,0.6444444444444445,1.0,0.5755000000000001,medium,,,chandrapur,maharashtra,False,19.9704597,79.3014845,Chandrapur,325000.0,exact,2204307.0
2024,maharashtra,nagpur commr,977.0,253.0,15787.0,6111.0,1513.0,9.667005436782738,0.92,8.718009330846357,0.7,7.322510433997394,0.84,6.885509670034818,0.92,5.537334267018537,0.88,17297.0,-0.0872983754408278,1.0,1556.0,-0.0276349614395886,1.0,802.0,0.2182044887780548,1.0,309.0,-0.1812297734627831,1.0,0.876,high,,,nagpur commr,maharashtra,False,,,,,,
2024,maharashtra,mumbai railway,311.0,20.0,13965.0,137.0,143.0,9.54438108340598,0.9,4.927253685157205,0.08,4.969813299576001,0.1,5.7430031878094825,0.42,3.044522437723423,0.28,15662.0,-0.1083514238283744,1.0,124.0,0.1532258064516129,1.0,358.0,-0.1312849162011173,1.0,26.0,-0.2307692307692307,1.0,0.517,medium,,,mumbai railway,maharashtra,True,,,,,,
2024,punjab,jalandhar rural,84.0,32.0,1585.0,682.0,161.0,7.368970402194793,0.6,6.52649485957079,0.5428571428571428,5.087596335232384,0.6428571428571429,4.442651256490317,0.6714285714285714,3.49650756146648,0.8714285714285714,1650.0,-0.0393939393939393,1.0,211.0,-0.2369668246445497,1.0,114.0,-0.2631578947368421,1.0,20.0,0.6,1.0,0.6507142857142857,medium,,,jalandhar,punjab,False,31.3260152,75.5761829,Jalandhar,862196.0,exact,2193590.0
2024,maharashtra,nanded,431.0,27.0,8512.0,4748.0,1069.0,9.049349685884057,0.76,8.465689348549121,0.6,6.975413927455952,0.7,6.068425588244111,0.64,3.332204510175204,0.39,7621.0,0.1169137908410969,1.0,993.0,0.0765357502517623,1.0,353.0,0.2209631728045325,1.0,32.0,-0.15625,1.0,0.6645000000000001,medium,,,nanded,maharashtra,False,19.1382514,77.3209555,Nanded,550564.0,exact,3361292.0
2024,uttar pradesh,chitrakoot,157.0,43.0,1937.0,1649.0,322.0,7.569411792450712,0.0649350649350649,7.408530566894626,0.1818181818181818,5.777652323222656,0.0779220779220779,5.062595033026967,0.3051948051948052,3.784189633918261,0.1038961038961039,1621.0,0.1949413942011104,1.0,314.0,0.0254777070063694,1.0,89.0,0.7640449438202247,1.0,66.0,-0.3484848484848485,1.0,0.1090909090909091,low,,,chitrakoot,uttar pradesh,False,,,,,,991730.0
2024,punjab,mansa,53.0,16.0,1800.0,605.0,113.0,7.496097345175956,0.6571428571428571,6.406879986069314,0.4857142857142857,4.736198448394496,0.4,3.9889840465642745,0.4,2.833213344056216,0.5428571428571428,1787.0,0.0072747621712367,1.0,119.0,-0.0504201680672268,1.0,62.0,-0.1451612903225806,1.0,13.0,0.2307692307692307,1.0,0.5457142857142857,medium,,,mansa,punjab,False,,,,,,769751.0
2024,punjab,malerkotla,36.0,4.0,549.0,316.0,70.0,6.309918278226516,0.2,5.75890177387728,0.2285714285714285,4.262679877041316,0.1714285714285714,3.610917912644224,0.2,1.6094379124341005,0.1571428571428571,509.0,0.0785854616895874,1.0,68.0,0.0294117647058823,1.0,17.0,1.1176470588235294,1.0,2.0,1.0,1.0,0.1907142857142857,low,,,malerkotla,punjab,False,,,,,,
2024,uttar pradesh,chandoli,93.0,84.0,2249.0,3355.0,351.0,7.718685495198466,0.0779220779220779,8.118505067587098,0.6103896103896104,5.863631175598097,0.1298701298701298,4.543294782270004,0.1038961038961039,4.442651256490317,0.5454545454545454,2242.0,0.0031222123104371,1.0,341.0,0.0293255131964809,1.0,95.0,-0.0210526315789473,1.0,45.0,0.8666666666666667,1.0,0.2142857142857142,low,,,chandoli,uttar pradesh,False,,,,,,
2024,uttar pradesh,bulandshahar,240.0,192.0,7781.0,5492.0,1115.0,8.9595686535445,0.7922077922077922,8.61122983334262,0.8571428571428571,7.017506142941256,0.7532467532467533,5.484796933490655,0.5584415584415584,5.262690188904886,0.8051948051948052,7059.0,0.1022807763139254,1.0,969.0,0.1506707946336429,1.0,213.0,0.1267605633802817,1.0,226.0,-0.1504424778761062,1.0,0.7694805194805195,high,,,bulandshahar,uttar pradesh,False,28.406963,77.8498292,Bulandshahr,235310.0,fuzzy:bulandshahr,
2024,uttar pradesh,bijnor,163.0,345.0,6026.0,4976.0,1009.0,8.704004653483045,0.6493506493506493,8.512582578858554,0.8051948051948052,6.917705609835305,0.6753246753246753,5.099866427824199,0.3246753246753247,5.846438775057725,0.9090909090909092,6505.0,-0.0736356648731744,1.0,1261.0,-0.1998413957176844,1.0,157.0,0.0382165605095541,1.0,392.0,-0.1198979591836734,1.0,0.6766233766233766,medium,,,bijnor,uttar pradesh,False,29.3724422,78.1358472,Bijnor,115381.0,exact,3682713.0
2024,gujarat,dahod,196.0,20.0,4345.0,21924.0,212.0,8.377011160816375,0.7450980392156863,9.995382817240383,0.9215686274509804,5.3612921657094255,0.803921568627451,5.2832037287379885,0.9411764705882352,3.044522437723423,0.6274509803921569,3709.0,0.1714747910488002,1.0,228.0,-0.0701754385964912,1.0,197.0,-0.0050761421319796,1.0,39.0,-0.4871794871794871,1.0,0.7764705882352941,high,,,dahod,gujarat,False,22.8379314,74.2531465,Dahod,118846.0,exact,
2024,gujarat,cid crime,0.0,43.0,108.0,42.0,6.0,4.691347882229144,0.196078431372549,3.7612001156935615,0.196078431372549,1.9459101490553128,0.2156862745098039,0.0,0.0980392156862745,3.784189633918261,0.8823529411764706,51.0,1.1176470588235294,1.0,1.0,5.0,1.0,0.0,0.0,1.0,6.0,6.166666666666667,1.0,0.2931372549019608,low,,,cid crime,gujarat,True,,,,,,
2024,gujarat,gir somnath,58.0,14.0,1907.0,9596.0,108.0,7.553810852008231,0.3529411764705882,9.169205828617628,0.6862745098039216,4.691347882229144,0.4509803921568627,4.07753744390572,0.392156862745098,2.70805020110221,0.4019607843137255,1699.0,0.1224249558563861,1.0,61.0,0.7704918032786885,1.0,45.0,0.2888888888888888,1.0,6.0,1.3333333333333333,1.0,0.417156862745098,medium,,,gir somnath,gujarat,False,20.91424,70.3611,Veraval,154636.0,exact,
2024,gujarat,gandhinagar,121.0,18.0,4124.0,5406.0,170.0,8.324821298768782,0.6862745098039216,8.595449689382004,0.3333333333333333,5.14166355650266,0.6568627450980392,4.804021044733257,0.6764705882352942,2.9444389791664403,0.5294117647058824,4074.0,0.0122729504172803,1.0,219.0,-0.2237442922374429,1.0,152.0,-0.2039473684210526,1.0,29.0,-0.3793103448275862,1.0,0.6205882352941176,medium,,,gandhinagar,gujarat,False,23.2156354,72.6369415,Gandhinagar,206167.0,exact,1391753.0
2024,gujarat,dang,6.0,8.0,348.0,1204.0,13.0,5.855071922202427,0.2156862745098039,7.094234845924755,0.2156862745098039,2.6390573296152584,0.2352941176470588,1.9459101490553128,0.2156862745098039,2.19722457733622,0.284313725490196,335.0,0.0388059701492537,1.0,11.0,0.1818181818181818,1.0,5.0,0.2,1.0,3.0,1.6666666666666667,1.0,0.2299019607843137,low,,,dang,gujarat,False,,,,,,
2024,gujarat,devbhumi dwarka,41.0,19.0,1710.0,7291.0,87.0,7.444833273892193,0.3333333333333333,8.894533135798554,0.4509803921568627,4.477336814478207,0.392156862745098,3.737669618283368,0.2941176470588235,2.995732273553991,0.5686274509803921,1633.0,0.0471524800979791,1.0,77.0,0.1298701298701298,1.0,41.0,0.0,1.0,25.0,-0.24,1.0,0.388235294117647,low,,,devbhumi dwarka,gujarat,False,,,,,,
2024,maharashtra,chhatrapati sambhajinagar commr,427.0,74.0,5994.0,2362.0,1064.0,8.698681067461614,0.44,7.767687277186908,0.26,6.970730078143525,0.68,6.059123195581797,0.62,4.31748811353631,0.71,5814.0,0.0309597523219814,1.0,977.0,0.0890481064483111,1.0,420.0,0.0166666666666666,1.0,72.0,0.0277777777777777,1.0,0.5285,medium,,,chhatrapati sambhajinagar commr,maharashtra,False,,,,,,
2024,maharashtra,dhule,248.0,11.0,3939.0,2781.0,825.0,8.27893600229198,0.3,7.930925372483388,0.34,6.716594773520978,0.5,5.517452896464707,0.3,2.4849066497880004,0.14,4086.0,-0.0359765051395007,1.0,706.0,0.1685552407932011,1.0,242.0,0.024793388429752,1.0,9.0,0.2222222222222222,1.0,0.32,low,,,dhule,maharashtra,False,20.9042201,74.7748979,Dhule,380000.0,exact,2050862.0
2024,maharashtra,chhatrapati sambhajinagar railway,16.0,2.0,3436.0,62.0,35.0,8.142354276849835,0.2,4.143134726391533,0.04,3.58351893845611,0.06,2.833213344056216,0.06,1.0986122886681098,0.07,4565.0,-0.2473165388828039,1.0,24.0,0.4583333333333333,1.0,5.0,2.2,1.0,1.0,1.0,1.0,0.1225,low,,,chhatrapati sambhajinagar railway,maharashtra,True,,,,,,
2024,uttar pradesh,agra,238.0,288.0,13426.0,2229.0,2017.0,9.505022884072709,0.948051948051948,7.709756864454165,0.2727272727272727,7.609862200913554,0.948051948051948,5.476463551931511,0.5454545454545454,5.666426688112432,0.8831168831168831,11725.0,0.1450746268656716,1.0,1891.0,0.0666314119513484,1.0,248.0,-0.0403225806451612,1.0,213.0,0.352112676056338,1.0,0.8305194805194804,high,,,agra,uttar pradesh,False,27.1766701,78.0080745,Agra,1746467.0,exact,4418797.0
2024,punjab,sbs nagar,57.0,24.0,722.0,809.0,126.0,6.583409222158765,0.2571428571428571,6.697034247666484,0.6857142857142857,4.844187086458591,0.4857142857142857,4.060443010546419,0.4571428571428571,3.218875824868201,0.6857142857142857,691.0,0.044862518089725,1.0,82.0,0.5365853658536586,1.0,39.0,0.4615384615384615,1.0,3.0,7.0,1.0,0.43,medium,,,sbs nagar,punjab,False,,,,,,
2024,punjab,sas nagar,122.0,14.0,3431.0,903.0,480.0,8.140898460607852,0.9142857142857144,6.806829360392176,0.7428571428571429,6.175867270105761,0.9428571428571428,4.812184355372417,0.9142857142857144,2.70805020110221,0.4571428571428571,3213.0,0.067849361967009,1.0,420.0,0.1428571428571428,1.0,194.0,-0.3711340206185567,1.0,10.0,0.4,1.0,0.8342857142857143,high,,,sas nagar,punjab,False,,,,,,
2024,gujarat,vadodara city,174.0,76.0,4448.0,9717.0,286.0,8.400434630806041,0.7647058823529411,9.181735114965848,0.7058823529411765,5.659482215759621,0.9019607843137256,5.1647859739235145,0.9019607843137256,4.343805421853684,0.9411764705882352,4320.0,0.0296296296296296,1.0,300.0,-0.0466666666666666,1.0,144.0,0.2083333333333333,1.0,61.0,0.2459016393442623,1.0,0.8264705882352942,high,,,vadodara,gujarat,False,22.3071588,73.1812187,Vadodara,1670806.0,exact,4165626.0
2024,gujarat,tapi,29.0,7.0,3800.0,8579.0,31.0,8.24301946898925,0.6470588235294118,9.057189192482008,0.5294117647058824,3.4657359027997265,0.2745098039215686,3.4011973816621555,0.2745098039215686,2.079441541679836,0.2254901960784313,3400.0,0.1176470588235294,1.0,27.0,0.1481481481481481,1.0,29.0,0.0,1.0,14.0,-0.5,1.0,0.4602941176470588,medium,,,tapi,gujarat,False,,,,,,807022.0
2024,gujarat,w rly ahmedabad,9.0,5.0,938.0,1387.0,3.0,6.844815479208263,0.2352941176470588,7.23561914106675,0.2352941176470588,1.3862943611198906,0.196078431372549,2.302585092994046,0.2352941176470588,1.791759469228055,0.1764705882352941,1271.0,-0.2619984264358773,1.0,6.0,-0.5,1.0,4.0,1.25,1.0,0.0,0.0,1.0,0.2186274509803921,low,,,w rly ahmedabad,gujarat,False,,,,,,
2024,gujarat,valsad,134.0,14.0,6851.0,26523.0,104.0,8.832295859444011,0.9215686274509804,10.185805262488758,0.9607843137254902,4.653960350157523,0.4313725490196078,4.90527477843843,0.803921568627451,2.70805020110221,0.4019607843137255,6847.0,0.000584197458741,1.0,91.0,0.1428571428571428,1.0,103.0,0.3009708737864077,1.0,17.0,-0.1764705882352941,1.0,0.7377450980392157,high,,,valsad,gujarat,False,20.3893155,72.9106202,Vapi,163630.0,exact,1705678.0
2024,gujarat,vadodara rural,145.0,8.0,6369.0,11010.0,120.0,8.759354748566208,0.9019607843137256,9.306650052113593,0.7647058823529411,4.795790545596741,0.4901960784313725,4.983606621708336,0.8235294117647058,2.19722457733622,0.284313725490196,5522.0,0.1533864541832669,1.0,146.0,-0.1780821917808219,1.0,150.0,-0.0333333333333333,1.0,4.0,1.0,1.0,0.705392156862745,high,,,vadodara,gujarat,False,22.3071588,73.1812187,Vadodara,1670806.0,exact,4165626.0
2024,gujarat,total districts,5394.0,1592.0,165419.0,449988.0,7606.0,12.016242973245898,1.0,13.016978417003289,1.0,8.936824154997302,1.0,8.593227877692234,1.0,7.373374309910049,1.0,170657.0,-0.0306931447289006,1.0,7805.0,-0.0254964766175528,1.0,5083.0,0.0611843399567184,1.0,1995.0,-0.2020050125313283,1.0,1.0,critical,,,total districts,gujarat,True,,,,,,
2024,haryana,ambala,293.0,23.0,3930.0,1036.0,563.0,8.27664912542186,0.5555555555555556,6.944087208229528,0.7037037037037037,6.335054251498059,0.6296296296296297,5.683579767338681,0.6296296296296297,3.1780538303479458,0.7777777777777778,4892.0,-0.1966475878986099,1.0,765.0,-0.2640522875816993,1.0,283.0,0.0353356890459364,1.0,15.0,0.5333333333333333,1.0,0.625925925925926,medium,,,ambala,haryana,False,30.3781788,76.7766974,Ambala,407934.0,exact,1128350.0
2024,gujarat,w rly vadodara,10.0,4.0,1097.0,4798.0,16.0,7.001245622069476,0.2745098039215686,8.476162841858246,0.2549019607843137,2.833213344056216,0.2549019607843137,2.3978952727983707,0.2549019607843137,1.6094379124341005,0.1274509803921568,1228.0,-0.1066775244299674,1.0,14.0,0.1428571428571428,1.0,10.0,0.0,1.0,1.0,3.0,1.0,0.2446078431372549,low,,,w rly vadodara,gujarat,False,,,,,,
2024,uttar pradesh,ambedkar nagar,103.0,66.0,4551.0,3251.0,608.0,8.423321975806166,0.4675324675324675,8.087025470667701,0.5844155844155844,6.411818267709897,0.4025974025974026,4.6443908991413725,0.1688311688311688,4.204692619390966,0.3766233766233766,4058.0,0.1214884179398718,1.0,619.0,-0.0177705977382875,1.0,161.0,-0.3602484472049689,1.0,101.0,-0.3465346534653465,1.0,0.4227272727272727,medium,,,ambedkar nagar,uttar pradesh,False,26.4407468,82.5537514,Akbarpur,111594.0,exact,2397888.0
2024,gujarat,cyber surat range,0.0,0.0,0.0,0.0,0.0,0.0,0.0294117647058823,0.0,0.0490196078431372,0.0,0.0686274509803921,0.0,0.0980392156862745,0.0,0.0294117647058823,10.0,-1.0,1.0,0.0,0.0,1.0,0.0,0.0,1.0,10.0,-1.0,1.0,0.046078431372549,low,,,cyber surat range,gujarat,True,,,,,,
2024,gujarat,chhotaudepur,111.0,5.0,3806.0,9068.0,109.0,8.244596756382498,0.6666666666666666,9.112617283447568,0.6078431372549019,4.700480365792417,0.4705882352941176,4.718498871295094,0.6078431372549019,1.791759469228055,0.1764705882352941,3319.0,0.1467309430551371,1.0,100.0,0.09,1.0,107.0,0.0373831775700934,1.0,3.0,0.6666666666666666,1.0,0.542156862745098,medium,,,chhotaudepur,gujarat,False,,,,,,
2024,gujarat,bhavnagar,126.0,20.0,2973.0,16986.0,195.0,7.9976631270201,0.4901960784313725,9.74020362461931,0.8627450980392157,5.278114659230517,0.7647058823529411,4.844187086458591,0.7254901960784313,3.044522437723423,0.6274509803921569,3178.0,-0.0645059786028949,1.0,206.0,-0.0533980582524271,1.0,108.0,0.1666666666666666,1.0,26.0,-0.2307692307692307,1.0,0.6264705882352941,medium,,,bhavnagar,gujarat,False,21.768064,72.147388,Bhavnagar,593368.0,exact,2880365.0
2024,goa,cid,6.0,58.0,53.0,206.0,23.0,3.9889840465642745,0.25,5.332718793265369,0.25,3.1780538303479458,0.25,1.9459101490553128,0.25,4.07753744390572,0.75,66.0,-0.1969696969696969,1.0,17.0,0.3529411764705882,1.0,15.0,-0.6,1.0,36.0,0.6111111111111112,1.0,0.325,low,,,cid,goa,True,,,,,,
2024,gujarat,cyber rajkot range,0.0,4.0,2.0,2.0,0.0,1.0986122886681098,0.0784313725490196,1.0986122886681098,0.1568627450980392,0.0,0.0686274509803921,0.0,0.0980392156862745,1.6094379124341005,0.1274509803921568,2.0,0.0,1.0,0.0,0.0,1.0,0.0,0.0,1.0,3.0,0.3333333333333333,1.0,0.0936274509803921,low,,,cyber rajkot range,gujarat,True,,,,,,
2024,gujarat,botad,56.0,7.0,1433.0,4799.0,80.0,7.268223021159565,0.3137254901960784,8.476371196895983,0.2745098039215686,4.394449154672439,0.3529411764705882,4.04305126783455,0.3725490196078431,2.079441541679836,0.2254901960784313,1391.0,0.0301941049604601,1.0,79.0,0.0126582278481012,1.0,50.0,0.12,1.0,13.0,-0.4615384615384615,1.0,0.3102941176470588,low,,,botad,gujarat,False,22.1704232,71.6684269,Botad,130327.0,exact,
2024,gujarat,cyber border range,1.0,8.0,7.0,1.0,1.0,2.079441541679836,0.1176470588235294,0.6931471805599453,0.1176470588235294,0.6931471805599453,0.1568627450980392,0.6931471805599453,0.196078431372549,2.19722457733622,0.284313725490196,9.0,-0.2222222222222222,1.0,1.0,0.0,1.0,0.0,0.0,1.0,10.0,-0.2,1.0,0.1583333333333333,low,,,cyber border range,gujarat,True,,,,,,
2024,gujarat,cyber gandhinagar range,0.0,16.0,16.0,0.0,0.0,2.833213344056216,0.1764705882352941,0.0,0.0490196078431372,0.0,0.0686274509803921,0.0,0.0980392156862745,2.833213344056216,0.4705882352941176,12.0,0.3333333333333333,1.0,2.0,-1.0,1.0,1.0,-1.0,1.0,16.0,0.0,1.0,0.1784313725490196,low,,,cyber gandhinagar range,gujarat,True,,,,,,
2024,gujarat,cyber ahmedabad range,0.0,3.0,2.0,1.0,0.0,1.0986122886681098,0.0784313725490196,0.6931471805599453,0.1176470588235294,0.0,0.0686274509803921,0.0,0.0980392156862745,1.3862943611198906,0.0784313725490196,26.0,-0.9230769230769232,1.0,8.0,-1.0,1.0,1.0,-1.0,1.0,32.0,-0.90625,1.0,0.0823529411764705,low,,,cyber ahmedabad range,gujarat,True,,,,,,
2024,maharashtra,nagpur railway,7.0,0.0,1496.0,71.0,19.0,7.311218384419629,0.06,4.276666119016055,0.06,2.995732273553991,0.04,2.079441541679836,0.02,0.0,0.03,1559.0,-0.0404105195638229,1.0,16.0,0.1875,1.0,10.0,-0.3,1.0,0.0,0.0,1.0,0.0475,low,,,nagpur railway,maharashtra,True,,,,,,
2024,gujarat,cyber junagadh range,0.0,19.0,13.0,6.0,1.0,2.6390573296152584,0.1568627450980392,1.9459101490553128,0.1764705882352941,0.6931471805599453,0.1568627450980392,0.0,0.0980392156862745,2.995732273553991,0.5686274509803921,41.0,-0.6829268292682927,1.0,0.0,0.0,1.0,0.0,0.0,1.0,47.0,-0.5957446808510638,1.0,0.2147058823529411,low,,,cyber junagadh range,gujarat,True,,,,,,
2024,gujarat,cyber panchmahal range,0.0,3.0,2.0,1.0,1.0,1.0986122886681098,0.0784313725490196,0.6931471805599453,0.1176470588235294,0.6931471805599453,0.1568627450980392,0.0,0.0980392156862745,1.3862943611198906,0.0784313725490196,1.0,1.0,1.0,0.0,0.0,1.0,0.0,0.0,1.0,2.0,0.5,1.0,0.0999999999999999,low,,,cyber panchmahal range,gujarat,True,,,,,,
2024,gujarat,cyber vadodara range,0.0,0.0,0.0,0.0,0.0,0.0,0.0294117647058823,0.0,0.0490196078431372,0.0,0.0686274509803921,0.0,0.0980392156862745,0.0,0.0294117647058823,2.0,-1.0,1.0,0.0,0.0,1.0,0.0,0.0,1.0,2.0,-1.0,1.0,0.046078431372549,low,,,cyber vadodara range,gujarat,True,,,,,,
2024,maharashtra,mumbai commr,3388.0,4939.0,51428.0,18626.0,6358.0,10.84795749467559,0.98,9.832367420033002,0.98,8.757626411267408,0.98,8.128290171607052,0.98,8.505120610181969,0.98,44873.0,0.1460789338800615,1.0,6025.0,0.0552697095435684,1.0,3110.0,0.0893890675241157,1.0,4131.0,0.195594287097555,1.0,0.98,critical,,,mumbai commr,maharashtra,False,,,,,,
2024,maharashtra,mira bhayandar vasai virar commr,881.0,175.0,7458.0,2424.0,1893.0,8.917176635955164,0.64,7.793586803371584,0.3,7.546446273746024,0.9,6.782192056006791,0.86,5.170483995038151,0.86,8169.0,-0.0870363569592361,1.0,1556.0,0.2165809768637532,1.0,1016.0,-0.1328740157480315,1.0,184.0,-0.0489130434782608,1.0,0.7130000000000001,high,,,mira bhayandar vasai virar commr,maharashtra,False,,,,,,
2024,punjab,moga,79.0,29.0,1691.0,701.0,151.0,7.433666540166168,0.6285714285714286,6.553933404025811,0.5714285714285714,5.0238805208462765,0.5714285714285714,4.382026634673881,0.6,3.4011973816621555,0.7428571428571429,1304.0,0.2967791411042945,1.0,150.0,0.0066666666666666,1.0,82.0,-0.0365853658536585,1.0,22.0,0.3181818181818182,1.0,0.6257142857142857,medium,,,moga,punjab,False,30.8164603,75.1717093,Moga,141432.0,exact,995746.0
2024,uttar pradesh,aligarh,153.0,165.0,11523.0,7251.0,1403.0,9.35218709620442,0.9090909090909092,8.889032571874742,0.9090909090909092,7.247080584585756,0.8311688311688312,5.0369526024136295,0.2857142857142857,5.111987788356544,0.7792207792207793,13777.0,-0.1636060100166945,1.0,1707.0,-0.1780902167545401,1.0,385.0,-0.6025974025974026,1.0,183.0,-0.0983606557377049,1.0,0.8116883116883118,high,,,aligarh,uttar pradesh,False,27.8973944,78.0880129,Aligarh,909559.0,exact,3673889.0
2024,gujarat,rajkot rural,108.0,25.0,2923.0,11701.0,181.0,7.980707820869669,0.4705882352941176,9.36751504634818,0.7843137254901961,5.204006687076795,0.7352941176470589,4.691347882229144,0.5392156862745098,3.258096538021482,0.7058823529411765,2809.0,0.0405838376646493,1.0,196.0,-0.0765306122448979,1.0,110.0,-0.0181818181818181,1.0,21.0,0.1904761904761904,1.0,0.5970588235294119,medium,,,rajkot,gujarat,False,22.3038945,70.8021599,Rajkot,1286678.0,exact,3804558.0
2024,gujarat,rajkot city,171.0,58.0,5112.0,7698.0,334.0,8.53954159508,0.8431372549019608,8.94884572927805,0.4705882352941176,5.814130531825066,0.9411764705882352,5.147494476813453,0.8627450980392157,4.07753744390572,0.9215686274509804,5368.0,-0.0476900149031296,1.0,381.0,-0.1233595800524934,1.0,199.0,-0.1407035175879397,1.0,55.0,0.0545454545454545,1.0,0.8392156862745097,high,,,rajkot,gujarat,False,22.3038945,70.8021599,Rajkot,1286678.0,exact,3804558.0
2024,haryana,grp,23.0,2.0,1231.0,231.0,23.0,7.116394144093465,0.037037037037037,5.44673737166631,0.037037037037037,3.1780538303479458,0.074074074074074,3.1780538303479458,0.074074074074074,1.0986122886681098,0.1666666666666666,1387.0,-0.1124729632299927,1.0,20.0,0.15,1.0,20.0,0.15,1.0,0.0,0.0,1.0,0.0675925925925925,low,,,grp,haryana,False,,,,,,
2024,haryana,fatehabad,222.0,22.0,3052.0,994.0,315.0,8.023879992734878,0.3333333333333333,6.902742737158593,0.6666666666666666,5.755742213586912,0.2592592592592592,5.407171771460119,0.4814814814814814,3.1354942159291497,0.7407407407407407,3440.0,-0.1127906976744186,1.0,350.0,-0.1,1.0,220.0,0.009090909090909,1.0,24.0,-0.0833333333333333,1.0,0.4277777777777777,medium,,,fatehabad,haryana,False,,,,,,942011.0
2024,haryana,faridabad,968.0,53.0,9437.0,3886.0,1341.0,9.152499372286332,0.925925925925926,8.265392930852224,0.925925925925926,7.201916317531627,0.925925925925926,6.876264611890766,0.9629629629629628,3.9889840465642745,0.8888888888888888,10294.0,-0.0832523800272003,1.0,1424.0,-0.0582865168539325,1.0,780.0,0.241025641025641,1.0,49.0,0.0816326530612244,1.0,0.924074074074074,critical,,,faridabad,haryana,False,28.4089123,77.3177894,Faridabad,1404653.0,exact,1809733.0
2024,tripura,unakoti,29.0,2.0,328.0,63.0,114.0,5.796057750765372,0.6363636363636364,4.158883083359672,0.2272727272727272,4.74493212836325,0.8181818181818182,3.4011973816621555,0.4545454545454545,1.0986122886681098,0.5,406.0,-0.1921182266009852,1.0,121.0,-0.0578512396694214,1.0,31.0,-0.064516129032258,1.0,0.0,0.0,1.0,0.5931818181818181,medium,,,unakoti,tripura,False,,,,,,
2024,tripura,total districts,270.0,33.0,2994.0,1039.0,716.0,8.00469951054955,1.0,6.946975992135418,1.0,6.57507584059962,1.0,5.602118820879701,1.0,3.5263605246161616,1.0,3814.0,-0.2149973780807551,1.0,791.0,-0.0948166877370417,1.0,255.0,0.0588235294117647,1.0,36.0,-0.0833333333333333,1.0,1.0,critical,,,total districts,tripura,True,,,,,,
2024,tripura,south,40.0,5.0,283.0,66.0,83.0,5.648974238161206,0.4545454545454545,4.204692619390966,0.3636363636363636,4.430816798843313,0.5454545454545454,3.713572066704308,0.8181818181818182,1.791759469228055,0.8181818181818182,328.0,-0.1371951219512195,1.0,101.0,-0.1782178217821782,1.0,28.0,0.4285714285714285,1.0,3.0,0.6666666666666666,1.0,0.5545454545454546,medium,,,south,tripura,False,,,,,,
2024,haryana,hansi,99.0,15.0,1904.0,410.0,184.0,7.552237287560802,0.1851851851851851,6.018593214496234,0.1851851851851851,5.220355825078324,0.1481481481481481,4.605170185988092,0.2222222222222222,2.772588722239781,0.6111111111111112,2044.0,-0.0684931506849315,1.0,272.0,-0.3235294117647059,1.0,110.0,-0.1,1.0,10.0,0.5,1.0,0.2453703703703703,low,,,hansi,haryana,False,,,,,,
2024,tripura,west,64.0,16.0,963.0,233.0,174.0,6.871091294610546,0.9090909090909092,5.455321115357702,0.9090909090909092,5.1647859739235145,0.9090909090909092,4.174387269895637,0.9090909090909092,2.833213344056216,0.9090909090909092,1149.0,-0.1618798955613577,1.0,173.0,0.0057803468208092,1.0,57.0,0.1228070175438596,1.0,24.0,-0.3333333333333333,1.0,0.9090909090909092,critical,,,west,tripura,False,,,,,,
2024,maharashtra,amravati rural,391.0,43.0,7378.0,7946.0,864.0,8.906393407058367,0.62,8.98054977794018,0.86,6.762729506931879,0.54,5.971261839790462,0.56,3.784189633918261,0.61,8160.0,-0.0958333333333333,1.0,852.0,0.0140845070422535,1.0,385.0,0.0155844155844155,1.0,64.0,-0.328125,1.0,0.6205,medium,,,amravati,maharashtra,False,20.9374238,77.7795513,Amravati,646801.0,exact,2888445.0
2024,madhya pradesh,vidisha,677.0,0.0,6051.0,1974.0,852.0,8.708144074908246,0.7741935483870968,7.5883236773352225,0.4193548387096774,6.748759547491679,0.8548387096774194,6.519147287940395,0.8870967741935484,0.0,0.1693548387096774,5779.0,0.0470669666032185,1.0,664.0,0.2831325301204819,1.0,481.0,0.4074844074844075,1.0,0.0,0.0,1.0,0.6754032258064517,medium,,,vidisha,madhya pradesh,False,23.5251102,77.8081363,Vidisha,155959.0,exact,1458875.0
2024,maharashtra,ahilyanagar,955.0,29.0,16208.0,8403.0,2159.0,9.693321922512176,0.94,9.036463061964891,0.9,7.67786350067821,0.92,6.862757913051401,0.9,3.4011973816621555,0.46,,0.0,0.0,,0.0,0.0,,0.0,0.0,,0.0,0.0,0.8559999999999999,high,,,ahilyanagar,maharashtra,False,,,,,,
2024,madhya pradesh,ujjain,692.0,25.0,9542.0,3378.0,880.0,9.163563180417254,0.9032258064516128,8.12533508671429,0.7580645161290323,6.78105762593618,0.8709677419354839,6.541029999189903,0.9032258064516128,3.258096538021482,0.9032258064516128,9729.0,-0.0192208860108952,1.0,842.0,0.0451306413301662,1.0,594.0,0.1649831649831649,1.0,12.0,1.0833333333333333,1.0,0.882258064516129,critical,,,ujjain,madhya pradesh,False,23.1793013,75.7849097,Ujjain,515215.0,exact,1986864.0
2024,maharashtra,amravati commr,269.0,91.0,3883.0,2299.0,593.0,8.264620829411216,0.26,7.7406644019172415,0.22,6.386879319362645,0.4,5.598421958998375,0.38,4.5217885770490405,0.8,4656.0,-0.1660223367697594,1.0,724.0,-0.180939226519337,1.0,307.0,-0.1237785016286645,1.0,114.0,-0.2017543859649122,1.0,0.377,low,,,amravati commr,maharashtra,False,,,,,,
2024,maharashtra,navi mumbai,669.0,436.0,7199.0,2393.0,947.0,8.881836305004146,0.58,7.780720886117918,0.28,6.854354502255021,0.58,6.507277712385012,0.8,6.07993319509559,0.92,6475.0,0.1118146718146718,1.0,1048.0,-0.0963740458015267,1.0,653.0,0.0245022970903522,1.0,400.0,0.09,1.0,0.623,medium,,,navi mumbai,maharashtra,False,,,,,,
2024,maharashtra,nasik rural,814.0,33.0,8597.0,7908.0,1626.0,9.059284897056228,0.78,8.975756630519417,0.84,7.394493107219038,0.86,6.703188113240863,0.82,3.5263605246161616,0.54,8864.0,-0.0301218411552346,1.0,1379.0,0.1791153009427121,1.0,581.0,0.4010327022375215,1.0,31.0,0.064516129032258,1.0,0.7699999999999999,high,,,nasik,maharashtra,False,19.9974533,73.7898023,Nashik,1817359.0,fuzzy:nashik,
2024,maharashtra,parbhani,263.0,12.0,5313.0,3685.0,602.0,8.57810012631976,0.42,8.212297138229768,0.48,6.401917196727186,0.42,5.575949103146316,0.34,2.5649493574615367,0.18,4783.0,0.110809115617813,1.0,646.0,-0.0681114551083591,1.0,225.0,0.1688888888888889,1.0,18.0,-0.3333333333333333,1.0,0.382,low,,,parbhani,maharashtra,False,19.2609958,76.776665,Parbhani,270000.0,exact,1836086.0
2024,gujarat,banaskantha,172.0,32.0,4664.0,17305.0,327.0,8.447843113281444,0.7843137254901961,9.758808541166683,0.8823529411764706,5.793013608384144,0.9215686274509804,5.153291594497779,0.8823529411764706,3.49650756146648,0.7745098039215687,5136.0,-0.0919003115264797,1.0,292.0,0.1198630136986301,1.0,176.0,-0.0227272727272727,1.0,32.0,0.0,1.0,0.8299019607843139,high,,,banaskantha,gujarat,False,24.2585031,72.1906721,Deesa,111149.0,exact,
2024,maharashtra,nagpur rural,383.0,28.0,9516.0,7238.0,558.0,9.160834952072344,0.82,8.88723835429314,0.78,6.326149473155099,0.38,5.950642552587727,0.51,3.367295829986474,0.43,9868.0,-0.0356708552898257,1.0,517.0,0.0793036750483558,1.0,363.0,0.0550964187327823,1.0,66.0,-0.5757575757575758,1.0,0.6385000000000001,medium,,,nagpur,maharashtra,False,21.1458004,79.0881546,Nagpur,2405421.0,exact,4653570.0
2024,punjab,ludhiana rural,62.0,13.0,965.0,547.0,121.0,6.873163834212518,0.3428571428571428,6.306275286948016,0.3714285714285714,4.804021044733257,0.4571428571428571,4.143134726391533,0.5142857142857142,2.6390573296152584,0.3571428571428571,856.0,0.1273364485981308,1.0,99.0,0.2222222222222222,1.0,65.0,-0.0461538461538461,1.0,6.0,1.1666666666666667,1.0,0.3878571428571428,low,,,ludhiana,punjab,False,30.900965,75.8572758,Ludhiana,1618879.0,exact,3498739.0
2024,punjab,khanna,84.0,19.0,1073.0,447.0,111.0,6.97914527506881,0.4285714285714285,6.104793232414985,0.3142857142857143,4.718498871295094,0.3714285714285714,4.442651256490317,0.6714285714285714,2.995732273553991,0.6,1155.0,-0.070995670995671,1.0,113.0,-0.0176991150442477,1.0,77.0,0.0909090909090909,1.0,6.0,2.1666666666666665,1.0,0.4557142857142857,medium,,,khanna,punjab,False,,,,,,
2024,punjab,kapurthala,54.0,5.0,1510.0,866.0,142.0,7.32052696227274,0.5714285714285714,6.765038976780541,0.7142857142857143,4.962844630259907,0.5142857142857142,4.007333185232471,0.4285714285714285,1.791759469228055,0.2285714285714285,1407.0,0.0732054015636105,1.0,147.0,-0.0340136054421768,1.0,55.0,-0.0181818181818181,1.0,12.0,-0.5833333333333334,1.0,0.5085714285714286,medium,,,kapurthala,punjab,False,31.367197,75.374504,Kapurthala,101654.0,exact,815168.0
2024,gujarat,anand,130.0,32.0,3136.0,8895.0,170.0,8.051022208190679,0.5098039215686274,9.093357016490364,0.5686274509803921,5.14166355650266,0.6568627450980392,4.875197323201151,0.7647058823529411,3.49650756146648,0.7745098039215687,3888.0,-0.1934156378600823,1.0,168.0,0.0119047619047619,1.0,133.0,-0.0225563909774436,1.0,108.0,-0.7037037037037037,1.0,0.6102941176470589,medium,,,anand,gujarat,False,22.5645175,72.928871,Anand,198282.0,exact,2092745.0
2024,gujarat,amreli,117.0,31.0,2406.0,6355.0,200.0,7.786136437783072,0.4117647058823529,8.757154527656606,0.3529411764705882,5.303304908059076,0.7843137254901961,4.770684624465665,0.6470588235294118,3.4657359027997265,0.7254901960784313,2365.0,0.0173361522198731,1.0,156.0,0.282051282051282,1.0,107.0,0.0934579439252336,1.0,25.0,0.24,1.0,0.5509803921568628,medium,,,amreli,gujarat,False,21.6031774,71.2220832,Amreli,105573.0,exact,1514190.0
2024,gujarat,bharuch,132.0,24.0,5747.0,17950.0,168.0,8.656607247198915,0.8823529411764706,9.79540110267107,0.9019607843137256,5.1298987149230735,0.6274509803921569,4.890349128221754,0.7843137254901961,3.218875824868201,0.6764705882352942,5180.0,0.1094594594594594,1.0,224.0,-0.25,1.0,154.0,-0.1428571428571428,1.0,25.0,-0.04,1.0,0.7926470588235294,high,,,bharuch,gujarat,False,21.701963,72.99996,Bharuch,169007.0,exact,1551019.0
2024,gujarat,arvalli,109.0,19.0,2123.0,6470.0,141.0,7.66105638236183,0.392156862745098,8.775085935057266,0.3725490196078431,4.955827057601261,0.5686274509803921,4.700480365792417,0.5784313725490197,2.995732273553991,0.5686274509803921,2455.0,-0.135234215885947,1.0,119.0,0.1848739495798319,1.0,65.0,0.676923076923077,1.0,42.0,-0.5476190476190477,1.0,0.4705882352941176,medium,,,arvalli,gujarat,False,,,,,,
2024,uttar pradesh,etawah,143.0,69.0,2757.0,4125.0,346.0,7.922261058353247,0.1558441558441558,8.325063693631197,0.7532467532467533,5.849324779946859,0.1168831168831168,4.969813299576001,0.2467532467532467,4.248495242049359,0.3896103896103896,2871.0,-0.0397074190177638,1.0,439.0,-0.2118451025056947,1.0,173.0,-0.1734104046242774,1.0,39.0,0.7692307692307693,1.0,0.251948051948052,low,,,etawah,uttar pradesh,False,26.784784,79.021451,Etawah,256790.0,exact,1581810.0
2024,uttar pradesh,etah,61.0,58.0,4050.0,3174.0,334.0,8.30671904320269,0.4025974025974026,8.063062911326792,0.5194805194805194,5.814130531825066,0.1038961038961039,4.127134385045092,0.0519480519480519,4.07753744390572,0.2857142857142857,4760.0,-0.1491596638655462,1.0,361.0,-0.074792243767313,1.0,77.0,-0.2077922077922078,1.0,77.0,-0.2467532467532467,1.0,0.3019480519480519,low,,,etah,uttar pradesh,False,27.5587505,78.662567,Etah,131023.0,exact,1774480.0
2024,uttar pradesh,deoria,24.0,95.0,6599.0,1859.0,74.0,8.794824928014517,0.6883116883116883,7.528331766707247,0.2337662337662337,4.31748811353631,0.0259740259740259,3.218875824868201,0.0389610389610389,4.564348191467836,0.6233766233766234,5671.0,0.1636395697407864,1.0,108.0,-0.3148148148148148,1.0,62.0,-0.6129032258064516,1.0,69.0,0.3768115942028985,1.0,0.4357142857142857,medium,,,deoria,uttar pradesh,False,26.505358,83.784454,Deoria,129570.0,exact,3100946.0
2024,maharashtra,akola,387.0,26.0,4990.0,7234.0,828.0,8.515391569469609,0.4,8.886685639065584,0.76,6.720220155135295,0.52,5.961005339623274,0.54,3.295836866004329,0.36,5582.0,-0.1060551773557864,1.0,836.0,-0.0095693779904306,1.0,318.0,0.2169811320754717,1.0,25.0,0.04,1.0,0.468,medium,,,akola,maharashtra,False,20.7059345,77.0219019,Akola,427618.0,exact,1813906.0
2024,punjab,sangrur,114.0,57.0,2085.0,975.0,193.0,7.643003635560718,0.8,6.883462586413092,0.8,5.267858159063328,0.7428571428571429,4.74493212836325,0.8285714285714286,4.060443010546419,0.9285714285714286,1666.0,0.251500600240096,1.0,171.0,0.1286549707602339,1.0,64.0,0.78125,1.0,39.0,0.4615384615384615,1.0,0.8107142857142857,high,,,sangrur,punjab,False,30.5232076,75.8882508,Malerkotla,135424.0,exact,1655169.0
2024,punjab,ropar,47.0,25.0,932.0,397.0,108.0,6.838405200847344,0.3142857142857143,5.986452005284438,0.2857142857142857,4.691347882229144,0.3428571428571428,3.871201010907891,0.2857142857142857,3.258096538021482,0.7142857142857143,991.0,-0.0595358224016145,1.0,152.0,-0.2894736842105263,1.0,58.0,-0.1896551724137931,1.0,0.0,0.0,1.0,0.3742857142857143,low,,,ropar,punjab,False,,,,,,
2024,madhya pradesh,umaria,196.0,2.0,1084.0,929.0,277.0,6.98933526597456,0.0483870967741935,6.835184586147301,0.1370967741935483,5.627621113690637,0.2258064516129032,5.2832037287379885,0.2903225806451613,1.0986122886681098,0.3951612903225806,1934.0,-0.4395036194415718,1.0,217.0,0.2764976958525346,1.0,153.0,0.2810457516339869,1.0,0.0,0.0,1.0,0.1689516129032258,low,,,umaria,madhya pradesh,False,,,,,,644758.0
2024,rajasthan,ajmer,309.0,33.0,5305.0,1759.0,903.0,8.576593534697684,0.8307692307692308,7.473069088032197,0.7076923076923077,6.806829360392176,0.8461538461538461,5.736572297479192,0.946153846153846,3.5263605246161616,0.7538461538461538,5687.0,-0.0671707402848602,1.0,1219.0,-0.2592288761279737,1.0,341.0,-0.093841642228739,1.0,52.0,-0.3653846153846153,1.0,0.8215384615384617,high,,,ajmer,rajasthan,False,26.4498954,74.6399163,Ajmer,551101.0,exact,2583052.0
2024,haryana,irrigation power,0.0,0.0,1404.0,39398.0,0.0,7.247792581767846,0.1481481481481481,10.58149571425327,0.9629629629629628,0.0,0.037037037037037,0.0,0.037037037037037,0.0,0.0555555555555555,1686.0,-0.1672597864768683,1.0,0.0,0.0,1.0,0.0,0.0,1.0,0.0,0.0,1.0,0.1824074074074074,low,,,irrigation power,haryana,False,,,,,,
2024,haryana,gurugram,799.0,1365.0,12860.0,3324.0,1377.0,9.461954755266088,0.9629629629629628,8.109224953089955,0.8888888888888888,7.228388451573604,0.9629629629629628,6.684611727667927,0.8888888888888888,7.219642040130735,0.9629629629629628,15863.0,-0.1893084536342432,1.0,1370.0,0.0051094890510948,1.0,695.0,0.1496402877697841,1.0,319.0,3.2789968652037618,1.0,0.9481481481481482,critical,,,gurugram,haryana,False,28.4594965,77.0266383,Gurgaon,901968.0,exact,1514432.0
2024,haryana,jind,190.0,11.0,3964.0,854.0,475.0,8.285261134068948,0.5925925925925926,6.75110146893676,0.5185185185185185,6.16541785423142,0.4814814814814814,5.25227342804663,0.4074074074074074,2.4849066497880004,0.4629629629629629,4175.0,-0.0505389221556886,1.0,550.0,-0.1363636363636363,1.0,198.0,-0.0404040404040404,1.0,7.0,0.5714285714285714,1.0,0.5249999999999999,medium,,,jind,haryana,False,29.3211153,76.3058328,Jind,166225.0,exact,1334152.0
2024,haryana,jhajjar,254.0,6.0,3874.0,534.0,489.0,8.262300941787448,0.5185185185185185,6.282266746896006,0.2962962962962963,6.194405391104672,0.5185185185185185,5.541263545158426,0.5555555555555556,1.9459101490553128,0.2777777777777778,3695.0,0.0484438430311231,1.0,575.0,-0.1495652173913043,1.0,179.0,0.4189944134078212,1.0,11.0,-0.4545454545454545,1.0,0.4638888888888889,medium,,,jhajjar,haryana,False,28.6924464,76.9239727,Bahadurgarh,170426.0,exact,958405.0
2024,haryana,hissar,323.0,37.0,6009.0,835.0,576.0,8.701180027529253,0.7777777777777778,6.728628613084702,0.4814814814814814,6.3578422665081,0.6666666666666666,5.780743515792329,0.7037037037037037,3.6375861597263857,0.8518518518518519,8092.0,-0.2574147305981216,1.0,783.0,-0.264367816091954,1.0,330.0,-0.0212121212121212,1.0,61.0,-0.3934426229508196,1.0,0.7296296296296297,high,,,hissar,haryana,False,29.1491875,75.7216527,Hisar,306893.0,fuzzy:hisar,
2024,haryana,karnal,534.0,15.0,7952.0,1782.0,978.0,8.981304494957135,0.8888888888888888,7.48605261786314,0.8518518518518519,6.88653164253051,0.8518518518518519,6.282266746896006,0.8518518518518519,2.772588722239781,0.6111111111111112,9805.0,-0.188985211626721,1.0,1086.0,-0.0994475138121546,1.0,487.0,0.0965092402464065,1.0,34.0,-0.5588235294117647,1.0,0.8324074074074075,high,,,karnal,haryana,False,29.6856929,76.9904825,Karnal,303425.0,exact,1505324.0
2024,haryana,kaithal,157.0,18.0,3267.0,909.0,366.0,8.091933455979893,0.3703703703703703,6.813444599510896,0.6296296296296297,5.905361848054571,0.3333333333333333,5.062595033026967,0.3333333333333333,2.9444389791664403,0.7037037037037037,3367.0,-0.0297000297000297,1.0,478.0,-0.2343096234309623,1.0,166.0,-0.0542168674698795,1.0,16.0,0.125,1.0,0.4351851851851852,medium,,,kaithal,haryana,False,29.7856734,76.3984537,Kaithal,144633.0,exact,1074304.0
2024,tripura,sipahijala,26.0,2.0,363.0,162.0,71.0,5.8971538676367405,0.7272727272727273,5.093750200806762,0.7272727272727273,4.276666119016055,0.4545454545454545,3.295836866004329,0.3636363636363636,1.0986122886681098,0.5,484.0,-0.25,1.0,80.0,-0.1125,1.0,27.0,-0.037037037037037,1.0,1.0,1.0,1.0,0.6022727272727273,medium,,,sipahijala,tripura,False,,,,,,
2024,goa,north goa,119.0,9.0,1203.0,475.0,216.0,7.093404625868766,0.75,6.16541785423142,0.5,5.37989735354046,0.75,4.787491742782046,0.75,2.302585092994046,0.25,1228.0,-0.020358306188925,1.0,181.0,0.1933701657458563,1.0,108.0,0.1018518518518518,1.0,24.0,-0.625,1.0,0.6500000000000001,medium,,,north goa,goa,False,15.4909301,73.8278496,Panaji,114405.0,exact,818008.0
2024,uttar pradesh,ghazipur,1177.0,126.0,5197.0,1177.0,800.0,8.556029215201436,0.5454545454545454,7.071573364211532,0.0649350649350649,6.68586094706836,0.5454545454545454,7.071573364211532,0.974025974025974,4.844187086458591,0.7142857142857143,4329.0,0.2005082005082005,1.0,723.0,0.1065006915629322,1.0,575.0,1.0469565217391303,1.0,91.0,0.3846153846153846,1.0,0.5655844155844155,medium,,,ghazipur,uttar pradesh,False,25.5840419,83.5770202,Ghazipur,121136.0,exact,3620268.0
2024,uttar pradesh,ghaziabad,1291.0,1051.0,14147.0,2903.0,2399.0,9.557328550325373,0.961038961038961,7.973844375944687,0.4675324675324675,7.783224016336037,0.974025974025974,7.163946684342547,0.987012987012987,6.958448393297656,0.974025974025974,14589.0,-0.0302967989581191,1.0,1686.0,0.4228944246737841,1.0,383.0,2.370757180156658,1.0,1097.0,-0.0419325432999088,1.0,0.9188311688311688,critical,,,ghaziabad,uttar pradesh,False,28.6691565,77.4537578,Ghaziabad,2358525.0,exact,4681645.0
2024,delhi,outer north,1024.0,79.0,14316.0,1754.0,1216.0,9.569202921360327,0.5416666666666666,7.470224135899966,0.8333333333333334,7.104144092987527,0.875,6.932447891572509,0.9583333333333334,4.382026634673881,0.9583333333333334,15993.0,-0.1048583755392984,1.0,1215.0,0.0008230452674897,1.0,1007.0,0.0168818272095332,1.0,69.0,0.144927536231884,1.0,0.7416666666666667,high,,,outer north,delhi,False,,,,,,
2024,delhi,north west,460.0,24.0,24329.0,1718.0,748.0,10.099465435777567,0.9583333333333334,7.449498005382849,0.75,6.618738983517219,0.5416666666666666,6.133398042996649,0.625,3.218875824868201,0.7083333333333334,28431.0,-0.1442791319334529,1.0,803.0,-0.0684931506849315,1.0,438.0,0.0502283105022831,1.0,9.0,1.6666666666666667,1.0,0.7833333333333332,high,,,north west,delhi,False,,,,,,
2024,gujarat,ahmedabad city,942.0,396.0,22806.0,26444.0,1059.0,10.03482278536615,0.9803921568627452,10.18282238350008,0.9411764705882352,6.966024187106113,0.9803921568627452,6.849066282633458,0.9803921568627452,5.983936280687191,0.9803921568627452,29238.0,-0.2199876872563103,1.0,1360.0,-0.2213235294117647,1.0,832.0,0.1322115384615384,1.0,246.0,0.6097560975609756,1.0,0.976470588235294,critical,,,ahmedabad,gujarat,False,23.022505,72.5713621,Ahmedabad,6577940.0,exact,
2024,delhi,west,447.0,44.0,19383.0,1762.0,825.0,9.87220326249636,0.7083333333333334,7.47477218239787,0.875,6.716594773520978,0.6666666666666666,6.104793232414985,0.5833333333333334,3.80666248977032,0.875,27606.0,-0.2978700282547272,1.0,904.0,-0.0873893805309734,1.0,510.0,-0.1235294117647058,1.0,83.0,-0.4698795180722891,1.0,0.7291666666666667,high,,,west,delhi,False,,,,,,
2024,delhi,total districts,7662.0,404.0,275402.0,22264.0,13396.0,12.525990758463548,1.0,10.010771217755805,1.0,9.502786080276984,1.0,8.944158830970403,1.0,6.003887067106539,1.0,324257.0,-0.1506675260672861,1.0,13439.0,-0.0031996428305677,1.0,7769.0,-0.0137726863174153,1.0,407.0,-0.0073710073710073,1.0,1.0,critical,,,total districts,delhi,True,,,,,,
2024,goa,total districts,207.0,77.0,2121.0,1176.0,356.0,7.660114319173928,1.0,7.0707241072602764,1.0,5.877735781779639,1.0,5.337538079701318,1.0,4.356708826689592,1.0,2094.0,0.0128939828080229,1.0,286.0,0.2447552447552447,1.0,196.0,0.0561224489795918,1.0,86.0,-0.1046511627906976,1.0,1.0,critical,,,total districts,goa,True,,,,,,
2024,goa,south goa,82.0,10.0,865.0,495.0,117.0,6.763884908562435,0.5,6.206575926724928,0.75,4.770684624465665,0.5,4.418840607796598,0.5,2.3978952727983707,0.5,800.0,0.08125,1.0,88.0,0.3295454545454545,1.0,73.0,0.1232876712328767,1.0,26.0,-0.6153846153846154,1.0,0.525,medium,,,south goa,goa,False,15.3860329,73.8440398,Vasco,100485.0,exact,640537.0
2024,maharashtra,palghar,220.0,17.0,3555.0,824.0,320.0,8.176391596633795,0.22,6.715383386334681,0.12,5.771441123130016,0.19,5.3981627015177525,0.22,2.8903717578961645,0.24,3594.0,-0.0108514190317195,1.0,359.0,-0.1086350974930362,1.0,265.0,-0.1698113207547169,1.0,20.0,-0.15,1.0,0.207,low,,,palghar,maharashtra,False,,,,,,
2024,uttar pradesh,fatehpur,556.0,99.0,4550.0,2335.0,654.0,8.423102268016642,0.4545454545454545,7.756195343948118,0.3116883116883117,6.484635235635252,0.4415584415584415,6.322565239927284,0.8831168831168831,4.605170185988092,0.6363636363636364,4439.0,0.0250056318990763,1.0,717.0,-0.0878661087866108,1.0,574.0,-0.0313588850174216,1.0,69.0,0.4347826086956521,1.0,0.5077922077922078,medium,,,fatehpur,uttar pradesh,False,25.9200736,80.8099941,Fatehpur,193801.0,exact,2632733.0
2024,uttar pradesh,fatehgarh,183.0,53.0,2568.0,2583.0,446.0,7.851271997109883,0.1298701298701298,7.857093864902493,0.3506493506493506,6.102558594613569,0.2727272727272727,5.214935757608986,0.4415584415584415,3.9889840465642745,0.1883116883116883,3309.0,-0.2239347234814143,1.0,582.0,-0.2336769759450171,1.0,223.0,-0.179372197309417,1.0,108.0,-0.5092592592592593,1.0,0.2204545454545454,low,,,fatehgarh,uttar pradesh,False,,,,,,
2024,gujarat,ahmedabad rural,121.0,33.0,4868.0,9280.0,135.0,8.4906438561827,0.803921568627451,9.135724578595394,0.6470588235294118,4.912654885736052,0.5490196078431373,4.804021044733257,0.6764705882352942,3.5263605246161616,0.8235294117647058,4569.0,0.0654410155395053,1.0,152.0,-0.1118421052631579,1.0,96.0,0.2604166666666667,1.0,187.0,-0.8235294117647058,1.0,0.7274509803921568,high,,,ahmedabad,gujarat,False,23.022505,72.5713621,Ahmedabad,6577940.0,exact,
2024,maharashtra,pimpri chinchwad commr,867.0,283.0,7902.0,5066.0,1388.0,8.974997713204976,0.68,8.53050420547591,0.64,7.236339342754344,0.8,6.766191714660351,0.84,5.648974238161206,0.9,,0.0,0.0,,0.0,0.0,,0.0,0.0,,0.0,0.0,0.7490000000000001,high,,,pimpri chinchwad commr,maharashtra,False,,,,,,
2024,uttar pradesh,firozabad,375.0,134.0,6979.0,5140.0,1270.0,8.850804195756417,0.7012987012987013,8.545002892055505,0.8181818181818182,7.147559271189454,0.7792207792207793,5.929589143389895,0.7662337662337663,4.90527477843843,0.7272727272727273,9485.0,-0.2642066420664206,1.0,2177.0,-0.4166283876894809,1.0,348.0,0.0775862068965517,1.0,78.0,0.717948717948718,1.0,0.7389610389610389,high,,,firozabad,uttar pradesh,False,27.1591006,78.3957574,Firozabad,603797.0,exact,2498156.0
2024,maharashtra,nasik commr,493.0,143.0,4763.0,1281.0,813.0,8.46884293047519,0.38,7.156176637480615,0.16,6.70196036600254,0.48,6.202535517187923,0.7,4.969813299576001,0.84,4768.0,-0.0010486577181208,1.0,702.0,0.1581196581196581,1.0,396.0,0.2449494949494949,1.0,96.0,0.4895833333333333,1.0,0.479,medium,,,nasik commr,maharashtra,False,,,,,,
2024,maharashtra,nandurbar,145.0,12.0,1947.0,3146.0,320.0,7.57455848420248,0.12,8.054204897064407,0.4,5.771441123130016,0.19,4.983606621708336,0.12,2.5649493574615367,0.18,2252.0,-0.1354351687388987,1.0,284.0,0.1267605633802817,1.0,132.0,0.0984848484848484,1.0,8.0,0.5,1.0,0.171,low,,,nandurbar,maharashtra,False,21.3755507,74.2427644,Nandurbar,329786.0,exact,1648295.0
2024,tripura,crime branch,0.0,0.0,1.0,0.0,0.0,0.6931471805599453,0.0909090909090909,0.0,0.0909090909090909,0.0,0.1363636363636363,0.0,0.1363636363636363,0.0,0.1363636363636363,,0.0,0.0,,0.0,0.0,,0.0,0.0,,0.0,0.0,0.1113636363636363,low,,,crime branch,tripura,True,,,,,,
2024,tripura,north,32.0,3.0,385.0,128.0,84.0,5.955837369464831,0.8181818181818182,4.859812404361672,0.6363636363636364,4.442651256490317,0.6363636363636364,3.49650756146648,0.6363636363636364,1.3862943611198906,0.7272727272727273,424.0,-0.0919811320754716,1.0,107.0,-0.2149532710280373,1.0,33.0,-0.0303030303030303,1.0,4.0,-0.25,1.0,0.7318181818181818,high,,,north,tripura,False,,,,,,
2024,tripura,kowai,30.0,2.0,180.0,82.0,53.0,5.198497031265826,0.2727272727272727,4.418840607796598,0.5454545454545454,3.9889840465642745,0.3636363636363636,3.4339872044851463,0.5454545454545454,1.0986122886681098,0.5,239.0,-0.2468619246861924,1.0,51.0,0.0392156862745098,1.0,20.0,0.5,1.0,3.0,-0.3333333333333333,1.0,0.3795454545454546,low,,,kowai,tripura,False,,,,,,
2024,haryana,bhiwani,128.0,13.0,3371.0,476.0,463.0,8.123261319121745,0.4444444444444444,6.1675164908883415,0.2222222222222222,6.139884552226255,0.4444444444444444,4.859812404361672,0.2592592592592592,2.6390573296152584,0.5185185185185185,4019.0,-0.1612341378452351,1.0,535.0,-0.1345794392523364,1.0,206.0,-0.3786407766990291,1.0,7.0,0.8571428571428571,1.0,0.4148148148148147,medium,,,bhiwani,haryana,False,28.7990445,76.1335112,Bhiwani,197662.0,exact,1634445.0
2024,haryana,charkhi dadri,82.0,6.0,1266.0,299.0,228.0,7.144407180321139,0.1111111111111111,5.703782474656201,0.074074074074074,5.43372200355424,0.1851851851851851,4.418840607796598,0.1851851851851851,1.9459101490553128,0.2777777777777778,1539.0,-0.1773879142300194,1.0,240.0,-0.05,1.0,66.0,0.2424242424242424,1.0,4.0,0.5,1.0,0.1546296296296296,low,,,charkhi dadri,haryana,False,,,,,,
2024,haryana,dabwali,67.0,1.0,1253.0,563.0,114.0,7.134093721192866,0.074074074074074,6.335054251498059,0.3333333333333333,4.74493212836325,0.1111111111111111,4.219507705176107,0.1111111111111111,0.6931471805599453,0.1111111111111111,,0.0,0.0,,0.0,0.0,,0.0,0.0,,0.0,0.0,0.1166666666666666,low,,,dabwali,haryana,False,,,,,,
2024,haryana,panchkula,213.0,10.0,2538.0,593.0,396.0,7.839525581704678,0.2222222222222222,6.386879319362645,0.3703703703703703,5.983936280687191,0.4074074074074074,5.365976015021851,0.4444444444444444,2.3978952727983707,0.4074074074074074,3032.0,-0.1629287598944591,1.0,413.0,-0.0411622276029055,1.0,205.0,0.0390243902439024,1.0,14.0,-0.2857142857142857,1.0,0.324074074074074,low,,,panchkula,haryana,False,30.6942091,76.860565,Panchkula,210175.0,exact,561293.0
2024,tripura,gomati,35.0,2.0,286.0,77.0,96.0,5.659482215759621,0.5454545454545454,4.356708826689592,0.4545454545454545,4.574710978503383,0.7272727272727273,3.58351893845611,0.7272727272727273,1.0986122886681098,0.5,461.0,-0.3796095444685466,1.0,98.0,-0.0204081632653061,1.0,36.0,-0.0277777777777777,1.0,1.0,1.0,1.0,0.5840909090909091,medium,,,gomati,tripura,False,,,,,,
2024,tripura,dhalai,14.0,1.0,197.0,63.0,41.0,5.288267030694535,0.3636363636363636,4.158883083359672,0.2272727272727272,3.737669618283368,0.2727272727272727,2.70805020110221,0.2727272727272727,0.6931471805599453,0.2727272727272727,305.0,-0.3540983606557377,1.0,60.0,-0.3166666666666666,1.0,23.0,-0.391304347826087,1.0,0.0,0.0,1.0,0.3090909090909091,low,,,dhalai,tripura,False,,,,,,378230.0
2024,haryana,rewari,342.0,6.0,4237.0,349.0,561.0,8.351846738828245,0.6296296296296297,5.857933154483459,0.1111111111111111,6.331501849893691,0.5925925925925926,5.83773044716594,0.7777777777777778,1.9459101490553128,0.2777777777777778,3910.0,0.0836317135549872,1.0,621.0,-0.0966183574879227,1.0,230.0,0.4869565217391304,1.0,10.0,-0.4,1.0,0.5324074074074074,medium,,,rewari,haryana,False,28.1927631,76.6239423,Rewari,140864.0,exact,900332.0
2024,haryana,panipat,887.0,11.0,6800.0,868.0,1002.0,8.824824939175638,0.8518518518518519,6.767343125265392,0.5555555555555556,6.910750787961936,0.8888888888888888,6.78897174299217,0.925925925925926,2.4849066497880004,0.4629629629629629,8003.0,-0.1503186305135574,1.0,1026.0,-0.023391812865497,1.0,623.0,0.4237560192616372,1.0,23.0,-0.5217391304347826,1.0,0.7787037037037037,high,,,panipat,haryana,False,29.3909464,76.9635023,Panipat,442277.0,exact,1205437.0
2024,haryana,rohtak,412.0,9.0,5831.0,479.0,693.0,8.671115273688494,0.7037037037037037,6.173786103901937,0.2592592592592592,6.542471960506805,0.7037037037037037,6.023447592961033,0.8148148148148148,2.302585092994046,0.3703703703703703,6358.0,-0.0828877005347593,1.0,721.0,-0.0388349514563106,1.0,327.0,0.2599388379204893,1.0,14.0,-0.3571428571428571,1.0,0.6203703703703705,medium,,,rohtak,haryana,False,28.8955152,76.606611,Rohtak,373133.0,exact,1061204.0
2024,tripura,grp,0.0,0.0,8.0,165.0,0.0,2.19722457733622,0.1818181818181818,5.111987788356544,0.8181818181818182,0.0,0.1363636363636363,0.0,0.1363636363636363,0.0,0.1363636363636363,18.0,-0.5555555555555556,1.0,0.0,0.0,1.0,0.0,0.0,1.0,0.0,0.0,1.0,0.225,low,,,grp,tripura,False,,,,,,
2024,madhya pradesh,sidhi,311.0,0.0,4394.0,2621.0,391.0,8.388222810119277,0.5645161290322581,7.871692664323645,0.6129032258064516,5.971261839790462,0.3709677419354839,5.7430031878094825,0.4516129032258064,0.0,0.1693548387096774,3879.0,0.1327661768497035,1.0,500.0,-0.218,1.0,374.0,-0.1684491978609625,1.0,12.0,-1.0,1.0,0.4600806451612904,medium,,,sidhi,madhya pradesh,False,,,,,,1127033.0
2024,madhya pradesh,shivpuri,503.0,0.0,6316.0,2686.0,637.0,8.7509996908987,0.7903225806451613,7.8961806086154915,0.6451612903225806,6.45833828334479,0.7096774193548387,6.222576268071369,0.7741935483870968,0.0,0.1693548387096774,6469.0,-0.0236512598546916,1.0,738.0,-0.1368563685636856,1.0,540.0,-0.0685185185185185,1.0,0.0,0.0,1.0,0.6649193548387096,medium,,,shivpuri,madhya pradesh,False,25.4357869,77.665066,Shivpuri,179972.0,exact,1726050.0
2024,madhya pradesh,sheopur,185.0,0.0,1790.0,1192.0,171.0,7.490529402060711,0.1612903225806451,7.084226422097916,0.1935483870967742,5.147494476813453,0.1129032258064516,5.225746673713202,0.2580645161290322,0.0,0.1693548387096774,1888.0,-0.0519067796610169,1.0,165.0,0.0363636363636363,1.0,124.0,0.4919354838709677,1.0,0.0,0.0,1.0,0.1657258064516129,low,,,sheopur,madhya pradesh,False,,,,,,687861.0
2024,madhya pradesh,total districts,21908.0,1081.0,282874.0,152005.0,32832.0,12.55276038293584,1.0,11.93167527273356,1.0,10.399189386156271,1.0,9.99465279028822,1.0,6.9865664594064265,1.0,297689.0,-0.0497667028341658,1.0,32342.0,0.0151505781955352,1.0,22393.0,-0.0216585540124145,1.0,685.0,0.5781021897810219,1.0,1.0,critical,,,total districts,madhya pradesh,True,,,,,,
2024,madhya pradesh,tikamgarh,313.0,9.0,3400.0,1808.0,345.0,8.131824785007195,0.4193548387096774,7.500529485395295,0.3870967741935484,5.846438775057725,0.2903225806451613,5.749392985908253,0.4677419354838709,2.302585092994046,0.7258064516129032,3282.0,0.0359536867763558,1.0,379.0,-0.0897097625329815,1.0,304.0,0.0296052631578947,1.0,9.0,0.0,1.0,0.4411290322580645,medium,,,tikamgarh,madhya pradesh,False,,,,,,1445166.0
2024,maharashtra,raigad,257.0,35.0,3962.0,1511.0,447.0,8.284756593190435,0.32,7.321188556739478,0.2,6.104793232414985,0.28,5.552959584921617,0.32,3.58351893845611,0.58,4526.0,-0.1246133451171011,1.0,438.0,0.0205479452054794,1.0,253.0,0.0158102766798418,1.0,39.0,-0.1025641025641025,1.0,0.3390000000000001,low,,,raigad,maharashtra,False,,,,,,
2024,maharashtra,pune rural,904.0,45.0,11662.0,6237.0,1676.0,9.36417671669105,0.86,8.738414897167749,0.74,7.424761761823209,0.88,6.807934943699926,0.88,3.828641396489095,0.64,17644.0,-0.3390387667195647,1.0,1825.0,-0.0816438356164383,1.0,878.0,0.0296127562642369,1.0,49.0,-0.0816326530612244,1.0,0.821,high,,,pune,maharashtra,False,18.5204303,73.8567437,Pune,3115431.0,exact,9429408.0
2024,maharashtra,sindhudurg,88.0,34.0,1344.0,730.0,134.0,7.20414929203594,0.04,6.594413459749778,0.1,4.90527477843843,0.08,4.48863636973214,0.08,3.555348061489413,0.56,1604.0,-0.1620947630922693,1.0,187.0,-0.2834224598930481,1.0,65.0,0.3538461538461538,1.0,48.0,-0.2916666666666667,1.0,0.136,low,,,sindhudurg,maharashtra,False,,,,,,849651.0
2024,maharashtra,satara,540.0,31.0,9187.0,5312.0,962.0,9.125653563808989,0.8,8.577911926450943,0.66,6.870053411798126,0.62,6.293419278846481,0.76,3.4657359027997265,0.51,10461.0,-0.1217856801453016,1.0,874.0,0.1006864988558352,1.0,468.0,0.1538461538461538,1.0,26.0,0.1923076923076923,1.0,0.7025000000000001,high,,,satara,maharashtra,False,17.6804639,74.018261,Satara,149335.0,exact,3003741.0
2024,delhi,south west,484.0,12.0,9899.0,1139.0,716.0,9.20029003612268,0.4166666666666667,7.038783541388542,0.5416666666666666,6.57507584059962,0.5,6.184148890937483,0.6666666666666666,2.5649493574615367,0.5,12083.0,-0.1807498137879665,1.0,702.0,0.0199430199430199,1.0,486.0,-0.0041152263374485,1.0,0.0,0.0,1.0,0.4833333333333333,medium,,,south west,delhi,False,,,,,,
2024,punjab,hoshiarpur,116.0,31.0,1915.0,992.0,270.0,7.557994958530806,0.7142857142857143,6.900730664045173,0.8571428571428571,5.602118820879701,0.8571428571428571,4.762173934797756,0.8571428571428571,3.4657359027997265,0.8142857142857143,1972.0,-0.0289046653144016,1.0,303.0,-0.1089108910891089,1.0,114.0,0.0175438596491228,1.0,32.0,-0.03125,1.0,0.7864285714285715,high,,,hoshiarpur,punjab,False,31.5143178,75.911483,Hoshiarpur,168443.0,exact,1586625.0
2024,punjab,gurdaspur,52.0,16.0,762.0,480.0,106.0,6.637258031284457,0.2857142857142857,6.175867270105761,0.3428571428571428,4.672828834461906,0.3142857142857143,3.970291913552122,0.3714285714285714,2.833213344056216,0.5428571428571428,873.0,-0.127147766323024,1.0,124.0,-0.1451612903225806,1.0,37.0,0.4054054054054054,1.0,13.0,0.2307692307692307,1.0,0.3442857142857143,low,,,gurdaspur,punjab,False,31.8183238,75.2070644,Batala,151400.0,exact,2298323.0
2024,delhi,vigilance,0.0,0.0,0.0,8.0,0.0,0.0,0.0416666666666666,2.19722457733622,0.125,0.0,0.0625,0.0,0.0833333333333333,0.0,0.1666666666666666,0.0,0.0,1.0,0.0,0.0,1.0,0.0,0.0,1.0,0.0,0.0,1.0,0.0770833333333333,low,,,vigilance,delhi,True,,,,,,
2024,delhi,shahdara,384.0,29.0,13982.0,1179.0,808.0,9.54559758504085,0.5,7.07326971745971,0.5833333333333334,6.695798917058491,0.625,5.953243334287785,0.5,3.4011973816621555,0.7916666666666666,15210.0,-0.0807363576594345,1.0,903.0,-0.1052048726467331,1.0,457.0,-0.1597374179431072,1.0,41.0,-0.2926829268292683,1.0,0.5770833333333334,medium,,,shahdara,delhi,False,,,,,,
2024,uttar pradesh,hamirpur,119.0,55.0,2992.0,4723.0,425.0,8.0040315078527,0.2467532467532467,8.460411177317253,0.7922077922077922,6.054439346269371,0.2337662337662337,4.787491742782046,0.2077922077922078,4.02535169073515,0.2207792207792207,3406.0,-0.1215502055196711,1.0,489.0,-0.130879345603272,1.0,146.0,-0.184931506849315,1.0,29.0,0.896551724137931,1.0,0.2909090909090909,low,,,hamirpur,uttar pradesh,False,,,,,,1104285.0
2024,delhi,spuwac,0.0,0.0,95.0,0.0,95.0,4.564348191467836,0.125,0.0,0.0625,4.564348191467836,0.3333333333333333,0.0,0.0833333333333333,0.0,0.1666666666666666,111.0,-0.1441441441441441,1.0,111.0,-0.1441441441441441,1.0,0.0,0.0,1.0,0.0,0.0,1.0,0.1625,low,,,spuwac,delhi,False,,,,,,
2024,delhi,south east,638.0,21.0,22363.0,1988.0,1280.0,10.015207802146536,0.8333333333333334,7.595387278853972,0.9166666666666666,7.155396301896734,0.9583333333333334,6.459904454377535,0.7916666666666666,3.091042453358316,0.6458333333333334,25732.0,-0.1309264728742422,1.0,1166.0,0.0977701543739279,1.0,586.0,0.0887372013651877,1.0,21.0,0.0,1.0,0.834375,high,,,south east,delhi,False,,,,,,
2024,delhi,south,568.0,62.0,18913.0,1588.0,1227.0,9.847657667575458,0.6666666666666666,7.370860166536716,0.6666666666666666,7.113142108707088,0.9166666666666666,6.343880434126331,0.75,4.143134726391533,0.9166666666666666,24309.0,-0.2219754000575918,1.0,1073.0,0.1435228331780056,1.0,566.0,0.0035335689045936,1.0,47.0,0.3191489361702128,1.0,0.7625,high,,,south,delhi,False,,,,,,
2024,uttar pradesh,gautambudh nagar,95.0,419.0,8385.0,8087.0,431.0,9.034318927730707,0.8311688311688312,8.998136760700307,0.935064935064935,6.068425588244111,0.2467532467532467,4.564348191467836,0.1168831168831168,6.040254711277414,0.935064935064935,8332.0,0.006361017762842,1.0,764.0,-0.4358638743455497,1.0,175.0,-0.4571428571428571,1.0,582.0,-0.2800687285223368,1.0,0.6688311688311689,medium,,,gautambudh nagar,uttar pradesh,False,28.4743879,77.5039904,Greater Noida,107676.0,fuzzy:gautam budh nagar,
2024,delhi,spl cell,1.0,8.0,444.0,136.0,3.0,6.09807428216624,0.2083333333333333,4.919980925828125,0.25,1.3862943611198906,0.1666666666666666,0.6931471805599453,0.2083333333333333,2.19722457733622,0.375,173.0,1.5664739884393064,1.0,1.0,2.0,1.0,0.0,0.0,1.0,12.0,-0.3333333333333333,1.0,0.2291666666666666,low,,,spl cell,delhi,False,,,,,,
2024,haryana,sonipat,325.0,16.0,6345.0,815.0,818.0,8.75557997214314,0.8148148148148148,6.704414354964107,0.4444444444444444,6.70808408385307,0.8148148148148148,5.786897381366708,0.7407407407407407,2.833213344056216,0.6666666666666666,7040.0,-0.0987215909090909,1.0,960.0,-0.1479166666666666,1.0,112.0,1.9017857142857144,1.0,0.0,0.0,1.0,0.7481481481481481,high,,,sonipat,haryana,False,28.9287735,77.091281,Sonipat,292339.0,exact,1450001.0
2024,madhya pradesh,singrauli,449.0,9.0,5392.0,3028.0,717.0,8.592857095337227,0.6612903225806451,8.015987811027237,0.7258064516129032,6.576469569048224,0.7580645161290323,6.1092475827643655,0.7258064516129032,2.302585092994046,0.7258064516129032,4582.0,0.1767786992579659,1.0,565.0,0.2690265486725663,1.0,360.0,0.2472222222222222,1.0,15.0,-0.4,1.0,0.7032258064516129,high,,,singrauli,madhya pradesh,False,24.200261,82.663989,Singrauli,220295.0,exact,1178273.0
2024,punjab,total districts,2468.0,888.0,47677.0,21278.0,5348.0,10.772225354550736,1.0,9.965475949870196,1.0,8.58466490653125,1.0,7.81156848934518,1.0,6.790097235513905,1.0,44872.0,0.0625111428062043,1.0,5258.0,0.0171167744389501,1.0,2462.0,0.0024370430544272,1.0,511.0,0.7377690802348337,1.0,1.0,critical,,,total districts,punjab,True,,,,,,
2024,punjab,tarn taran,92.0,32.0,1973.0,1063.0,161.0,7.587817219993427,0.7428571428571429,6.96979066990159,0.8857142857142857,5.087596335232384,0.6428571428571429,4.532599493153256,0.7142857142857143,3.49650756146648,0.8714285714285714,1597.0,0.2354414527238572,1.0,139.0,0.158273381294964,1.0,104.0,-0.1153846153846153,1.0,16.0,1.0,1.0,0.7535714285714286,high,,,tarn taran,punjab,False,,,,,,1119627.0
2024,punjab,special task force,0.0,0.0,7.0,201.0,0.0,2.079441541679836,0.0285714285714285,5.308267697401205,0.1428571428571428,0.0,0.0428571428571428,0.0,0.0714285714285714,0.0,0.0571428571428571,9.0,-0.2222222222222222,1.0,0.0,0.0,1.0,0.0,0.0,1.0,0.0,0.0,1.0,0.0514285714285714,low,,,special task force,punjab,False,,,,,,
2024,telangana,suryapet,169.0,218.0,5304.0,669.0,864.0,8.576405051048084,0.6774193548387096,6.507277712385012,0.6129032258064516,6.762729506931879,0.7741935483870968,5.135798437050262,0.5806451612903226,5.389071729816501,0.6451612903225806,4778.0,0.1100879028882377,1.0,858.0,0.0069930069930069,1.0,133.0,0.2706766917293233,1.0,213.0,0.0234741784037558,1.0,0.6758064516129032,medium,,,suryapet,telangana,False,,,,,,
2024,rajasthan,baran,238.0,17.0,3832.0,2178.0,653.0,8.251403065380556,0.6153846153846154,7.68662133494462,0.8,6.483107351457199,0.5846153846153846,5.476463551931511,0.7692307692307693,2.8903717578961645,0.5307692307692308,3731.0,0.0270704904851246,1.0,851.0,-0.2326674500587544,1.0,239.0,-0.00418410041841,1.0,27.0,-0.3703703703703703,1.0,0.6303846153846155,medium,,,baran,rajasthan,False,25.1011438,76.5131637,Baran,117992.0,exact,1222755.0
2024,rajasthan,banswara,289.0,34.0,2852.0,2259.0,614.0,7.9561263512135,0.4615384615384615,7.723120092266331,0.8153846153846154,6.421622267806518,0.5230769230769231,5.66988092298052,0.9076923076923076,3.555348061489413,0.7769230769230769,3249.0,-0.1221914435210834,1.0,857.0,-0.2835472578763127,1.0,377.0,-0.2334217506631299,1.0,22.0,0.5454545454545454,1.0,0.6011538461538461,medium,,,banswara,rajasthan,False,23.5461394,74.4349761,Banswara,100128.0,exact,1797485.0
2024,haryana,total districts,7547.0,1815.0,113101.0,64494.0,13945.0,11.63604534541382,1.0,11.074342980399235,1.0,9.542948007780955,1.0,8.92903790648844,1.0,7.504391559161238,1.0,129294.0,-0.1252416972171949,1.0,15758.0,-0.1150526716588399,1.0,6401.0,0.1790345258553351,1.0,751.0,1.4167776298268977,1.0,1.0,critical,,,total districts,haryana,True,,,,,,
2024,telangana,vikarabad,176.0,191.0,2509.0,479.0,356.0,7.828038032125829,0.2903225806451613,6.173786103901937,0.3225806451612903,5.877735781779639,0.2580645161290322,5.176149732573829,0.7258064516129032,5.2574953720277815,0.4838709677419355,1915.0,0.3101827676240208,1.0,315.0,0.1301587301587301,1.0,144.0,0.2222222222222222,1.0,42.0,3.5476190476190474,1.0,0.3596774193548386,low,,,vikarabad,telangana,False,,,,,,
2024,haryana,sirsa,154.0,6.0,3324.0,1266.0,352.0,8.109224953089955,0.4074074074074074,7.144407180321139,0.7777777777777778,5.8664680569332965,0.2962962962962963,5.043425116919247,0.2962962962962963,1.9459101490553128,0.2777777777777778,5426.0,-0.3873940287504607,1.0,603.0,-0.4162520729684908,1.0,218.0,-0.2935779816513761,1.0,6.0,0.0,1.0,0.3916666666666666,low,,,sirsa,haryana,False,29.5335931,75.0177029,Sirsa,183282.0,exact,1295189.0
2024,himachal pradesh,baddi,68.0,8.0,740.0,391.0,98.0,6.608000625296087,0.5,5.971261839790462,0.5,4.59511985013459,0.5277777777777778,4.23410650459726,0.7222222222222222,2.19722457733622,0.8888888888888888,753.0,-0.0172642762284196,1.0,91.0,0.0769230769230769,1.0,44.0,0.5454545454545454,1.0,4.0,1.0,1.0,0.5861111111111111,medium,,,baddi,himachal pradesh,False,,,,,,
2024,haryana,yamunanagar,318.0,14.0,5960.0,901.0,769.0,8.692993531219926,0.7407407407407407,6.804614520062624,0.5925925925925926,6.646390514847729,0.7777777777777778,5.765191102784844,0.6666666666666666,2.70805020110221,0.5555555555555556,5850.0,0.0188034188034188,1.0,844.0,-0.0888625592417061,1.0,293.0,0.0853242320819112,1.0,19.0,-0.2631578947368421,1.0,0.6981481481481481,medium,,,yamunanagar,haryana,False,30.1290485,77.2673901,Yamunanagar,383318.0,exact,1214205.0
2024,haryana,kurukshetra,262.0,30.0,4434.0,1444.0,717.0,8.39728289474368,0.6666666666666666,7.275864600546533,0.8148148148148148,6.576469569048224,0.7407407407407407,5.572154032177765,0.5925925925925926,3.4339872044851463,0.8148148148148148,4678.0,-0.0521590423257802,1.0,711.0,0.0084388185654008,1.0,209.0,0.2535885167464115,1.0,28.0,0.0714285714285714,1.0,0.711111111111111,high,,,kurukshetra,haryana,False,29.9696148,76.8197522,Thanesar,154962.0,exact,964655.0
2024,telangana,sangareddy,173.0,892.0,4274.0,1115.0,517.0,8.360539381370861,0.5483870967741935,7.017506142941256,0.8064516129032258,6.249975242259483,0.5161290322580645,5.159055299214529,0.6290322580645161,6.794586580876499,0.8709677419354839,3848.0,0.1107068607068607,1.0,495.0,0.0444444444444444,1.0,148.0,0.1689189189189189,1.0,363.0,1.4573002754820936,1.0,0.6241935483870967,medium,,,sangareddy,telangana,False,,,,,,
2024,himachal pradesh,bilaspur,32.0,1.0,959.0,366.0,98.0,6.866933284461882,0.6666666666666666,5.905361848054571,0.4444444444444444,4.59511985013459,0.5277777777777778,3.49650756146648,0.3333333333333333,0.6931471805599453,0.2777777777777778,1077.0,-0.1095636025998143,1.0,96.0,0.0208333333333333,1.0,34.0,-0.0588235294117647,1.0,2.0,-0.5,1.0,0.525,medium,,,bilaspur,himachal pradesh,False,,,,,,381956.0
2024,telangana,total districts,6767.0,27230.0,190704.0,27272.0,24495.0,12.158483010437244,1.0,10.213652480789968,1.0,10.106265117897465,1.0,8.81996090128606,1.0,10.212111309194738,1.0,156737.0,0.2167133478374602,1.0,23678.0,0.0345046034293436,1.0,6113.0,0.1069851136921315,1.0,18236.0,0.4932002632156174,1.0,1.0,critical,,,total districts,telangana,True,,,,,,
2024,uttar pradesh,hathras,265.0,53.0,3577.0,4465.0,714.0,8.182559264068665,0.3766233766233766,8.404248432400102,0.7792207792207793,6.572282542694008,0.4805194805194805,5.583496308781699,0.6233766233766234,3.9889840465642745,0.1883116883116883,3324.0,0.0761131167268351,1.0,649.0,0.1001540832049306,1.0,328.0,-0.1920731707317073,1.0,36.0,0.4722222222222222,1.0,0.4340909090909091,medium,,,hathras,uttar pradesh,False,27.6056212,78.0537813,Hathras,161289.0,exact,
2024,uttar pradesh,hardoi,1010.0,65.0,7687.0,5597.0,1698.0,8.947415950650129,0.7662337662337663,8.630164670075398,0.8701298701298701,7.4377951216719325,0.9090909090909092,6.918695219020472,0.961038961038961,4.189654742026425,0.3571428571428571,8381.0,-0.0828063476912063,1.0,1009.0,0.6828543111992071,1.0,162.0,5.234567901234568,1.0,0.0,0.0,1.0,0.7633116883116884,high,,,hardoi,uttar pradesh,False,27.3986345,80.1316927,Hardoi,197046.0,exact,4092845.0
2024,d n haveli and daman diu,d n haveli,56.0,2.0,316.0,37.0,54.0,5.75890177387728,0.75,3.6375861597263857,0.75,4.007333185232471,0.75,4.04305126783455,0.75,1.0986122886681098,0.5,547.0,-0.4223034734917733,1.0,72.0,-0.25,1.0,77.0,-0.2727272727272727,1.0,5.0,-0.6,1.0,0.7124999999999999,high,,,d n haveli,dadra and nagar haveli and daman and diu,False,,,,,,
2024,chhattisgarh,total districts,6964.0,660.0,72410.0,42248.0,8601.0,11.190113500534707,1.0,10.65133596386616,1.0,9.05975001334368,1.0,8.848652886213905,1.0,6.493753839851686,1.0,67961.0,0.0654640161268963,1.0,8035.0,0.0704418170504044,1.0,5904.0,0.1795392953929539,1.0,473.0,0.3953488372093023,1.0,1.0,critical,,,total districts,chhattisgarh,True,,,,,,
2024,uttar pradesh,gorakhpur,243.0,194.0,16213.0,3864.0,1459.0,9.693630345547652,0.987012987012987,8.259716961021523,0.7272727272727273,7.286191714702382,0.8441558441558441,5.497168225293202,0.5714285714285714,5.272999558563747,0.8181818181818182,15877.0,0.0211626881652705,1.0,2597.0,-0.438197920677705,1.0,514.0,-0.5272373540856031,1.0,230.0,-0.1565217391304348,1.0,0.8655844155844156,high,,,gorakhpur,uttar pradesh,False,26.7605545,83.3731675,Gorakhpur,692519.0,exact,4440895.0
2024,delhi,north east,731.0,14.0,22786.0,1719.0,1145.0,10.033945476892104,0.875,7.450079569807499,0.7916666666666666,7.044032897274685,0.75,6.595780513961311,0.9166666666666666,2.70805020110221,0.5833333333333334,26663.0,-0.1454074935303604,1.0,1176.0,-0.026360544217687,1.0,702.0,0.0413105413105413,1.0,4.0,2.5,1.0,0.8020833333333333,high,,,north east,delhi,False,,,,,,
2024,delhi,rohini,487.0,13.0,16479.0,1562.0,883.0,9.709902803463462,0.5833333333333334,7.354362330421477,0.625,6.784457062637643,0.7083333333333334,6.190315405853148,0.7083333333333334,2.6390573296152584,0.5416666666666666,18264.0,-0.0977332457293035,1.0,882.0,0.0011337868480725,1.0,503.0,-0.0318091451292246,1.0,9.0,0.4444444444444444,1.0,0.61875,medium,,,rohini,delhi,False,,,,,,
2024,delhi,outer,642.0,25.0,21699.0,2081.0,1179.0,9.98506753952855,0.7916666666666666,7.641084249174914,0.9583333333333334,7.07326971745971,0.8333333333333334,6.466144724237619,0.8333333333333334,3.258096538021482,0.75,23750.0,-0.0863578947368421,1.0,1063.0,0.1091251175917215,1.0,712.0,-0.098314606741573,1.0,11.0,1.2727272727272727,1.0,0.8145833333333334,high,,,outer,delhi,False,,,,,,
2024,uttar pradesh,gonda,879.0,77.0,5759.0,2779.0,1790.0,8.658692753689937,0.6233766233766234,7.930206206684683,0.3896103896103896,7.490529402060711,0.922077922077922,6.779921907472252,0.935064935064935,4.356708826689592,0.474025974025974,6602.0,-0.1276885792184186,1.0,1016.0,0.7618110236220472,1.0,282.0,2.117021276595745,1.0,62.0,0.2419354838709677,1.0,0.6685064935064935,medium,,,gonda,uttar pradesh,False,27.1339913,81.9618968,Gonda,138929.0,exact,3433919.0
2024,delhi,railway,32.0,0.0,5147.0,168.0,21.0,8.546363568716018,0.3333333333333333,5.1298987149230735,0.2916666666666667,3.091042453358316,0.2083333333333333,3.49650756146648,0.3333333333333333,0.0,0.1666666666666666,5008.0,0.0277555910543131,1.0,26.0,-0.1923076923076923,1.0,36.0,-0.1111111111111111,1.0,0.0,0.0,1.0,0.2791666666666666,low,,,railway,delhi,True,,,,,,
2024,uttar pradesh,hapur,272.0,114.0,2976.0,3198.0,566.0,7.998671361015776,0.2207792207792207,8.070593539949519,0.5454545454545454,6.340359303727752,0.3766233766233766,5.60947179518496,0.6493506493506493,4.74493212836325,0.6753246753246753,2890.0,0.029757785467128,1.0,674.0,-0.1602373887240356,1.0,164.0,0.6585365853658537,1.0,89.0,0.2808988764044944,1.0,0.3954545454545455,low,,,hapur,uttar pradesh,False,28.7305798,77.7758825,Hapur,262801.0,exact,
2024,uttar pradesh,grp,10.0,7.0,5649.0,865.0,60.0,8.639410824140487,0.5974025974025974,6.763884908562435,0.0129870129870129,4.110873864173311,0.0129870129870129,2.3978952727983707,0.0259740259740259,2.079441541679836,0.0129870129870129,5372.0,0.0515636634400595,1.0,65.0,-0.0769230769230769,1.0,22.0,-0.5454545454545454,1.0,2.0,2.5,1.0,0.2772727272727272,low,,,grp,uttar pradesh,False,,,,,,
2024,maharashtra,sangli,383.0,28.0,6358.0,3028.0,746.0,8.757626411267408,0.52,8.015987811027237,0.38,6.616065185132817,0.44,5.950642552587727,0.51,3.367295829986474,0.43,8078.0,-0.2129239910869027,1.0,911.0,-0.1811196487376509,1.0,446.0,-0.1412556053811659,1.0,25.0,0.12,1.0,0.4755,medium,,,sangli,maharashtra,False,16.8541887,74.6049061,Sangli-Miraj-Kupwad,513862.0,exact,2822143.0
2024,maharashtra,pune commr,1330.0,1504.0,13708.0,4852.0,2631.0,9.5258078304359,0.88,8.487352349405215,0.62,7.875499292445208,0.96,7.193685818395112,0.94,7.316548177182976,0.96,12542.0,0.0929676287673417,1.0,2550.0,0.0317647058823529,1.0,1234.0,0.0777957860615883,1.0,487.0,2.0882956878850103,1.0,0.8880000000000001,critical,,,pune commr,maharashtra,False,,,,,,
2024,maharashtra,pune railway,9.0,0.0,1334.0,18.0,7.0,7.19668657083435,0.02,2.9444389791664403,0.02,2.079441541679836,0.02,2.302585092994046,0.04,0.0,0.03,1338.0,-0.0029895366218236,1.0,10.0,-0.3,1.0,12.0,-0.25,1.0,0.0,0.0,1.0,0.0235,low,,,pune railway,maharashtra,True,,,,,,
2024,punjab,intelligence wing,0.0,0.0,8.0,114.0,0.0,2.19722457733622,0.0571428571428571,4.74493212836325,0.1142857142857142,0.0,0.0428571428571428,0.0,0.0714285714285714,0.0,0.0571428571428571,9.0,-0.1111111111111111,1.0,0.0,0.0,1.0,0.0,0.0,1.0,0.0,0.0,1.0,0.0614285714285714,low,,,intelligence wing,punjab,False,,,,,,
2024,maharashtra,ratnagiri,157.0,90.0,1645.0,1407.0,281.0,7.406103381237015,0.08,7.249925536717988,0.18,5.641907070938114,0.16,5.062595033026967,0.14,4.51085950651685,0.78,1628.0,0.0104422604422604,1.0,302.0,-0.0695364238410596,1.0,186.0,-0.1559139784946236,1.0,70.0,0.2857142857142857,1.0,0.217,low,,,ratnagiri,maharashtra,False,,,,,,1615069.0
2024,telangana,siddipet commissionerate,175.0,215.0,4555.0,776.0,601.0,8.424200324567073,0.6129032258064516,6.655440350367647,0.6451612903225806,6.400257445308821,0.5806451612903226,5.170483995038151,0.6774193548387096,5.375278407684165,0.6129032258064516,4280.0,0.0642523364485981,1.0,593.0,0.0134907251264755,1.0,140.0,0.25,1.0,249.0,-0.1365461847389558,1.0,0.6161290322580646,medium,,,siddipet,telangana,False,,,,,,
2024,haryana,palwal,242.0,124.0,3662.0,1218.0,522.0,8.206037762778815,0.4814814814814814,7.105786129481271,0.7407407407407407,6.259581464064923,0.5555555555555556,5.493061443340548,0.5185185185185185,4.8283137373023015,0.925925925925926,4299.0,-0.1481739939520819,1.0,661.0,-0.2102874432677761,1.0,180.0,0.3444444444444444,1.0,57.0,1.1754385964912282,1.0,0.5925925925925926,medium,,,palwal,haryana,False,28.1487362,77.3320262,Palwal,131121.0,exact,1042708.0
2024,haryana,nuh,176.0,2.0,2649.0,667.0,385.0,7.882314918980268,0.2962962962962963,6.504288173536645,0.4074074074074074,5.955837369464831,0.3703703703703703,5.176149732573829,0.3703703703703703,1.0986122886681098,0.1666666666666666,3011.0,-0.1202258385918299,1.0,388.0,-0.0077319587628865,1.0,164.0,0.073170731707317,1.0,11.0,-0.8181818181818182,1.0,0.3101851851851852,low,,,nuh,haryana,False,,,,,,
2024,haryana,mahendergarh,77.0,0.0,2547.0,363.0,238.0,7.843064016692054,0.2592592592592592,5.8971538676367405,0.1481481481481481,5.476463551931511,0.2222222222222222,4.356708826689592,0.1481481481481481,0.0,0.0555555555555555,3389.0,-0.2484508704632635,1.0,362.0,-0.3425414364640884,1.0,100.0,-0.23,1.0,12.0,-1.0,1.0,0.199074074074074,low,,,mahendergarh,haryana,False,,,,,,
2024,madhya pradesh,sehore,364.0,16.0,5421.0,1485.0,633.0,8.598220030058611,0.6935483870967742,7.303843225277705,0.2741935483870967,6.452048954437226,0.6935483870967742,5.899897353582492,0.6290322580645161,2.833213344056216,0.8870967741935484,5121.0,0.0585823081429408,1.0,591.0,0.0710659898477157,1.0,383.0,-0.0496083550913838,1.0,0.0,0.0,1.0,0.6741935483870969,medium,,,sehore,madhya pradesh,False,23.205012,77.0850781,Sehore,109025.0,exact,1311332.0
2024,himachal pradesh,cyber,0.0,111.0,20.0,91.0,0.0,3.044522437723423,0.1666666666666666,4.5217885770490405,0.2222222222222222,0.0,0.1111111111111111,0.0,0.0833333333333333,4.718498871295094,0.9444444444444444,19.0,0.0526315789473684,1.0,0.0,0.0,1.0,1.0,-1.0,1.0,85.0,0.3058823529411765,1.0,0.2694444444444444,low,,,cyber,himachal pradesh,False,,,,,,
2024,telangana,nalgonda,148.0,209.0,5971.0,836.0,779.0,8.69483715865908,0.7419354838709677,6.729824070489475,0.6774193548387096,6.659293919683638,0.7096774193548387,5.003946305945459,0.532258064516129,5.3471075307174685,0.5806451612903226,5318.0,0.1227905227529146,1.0,773.0,0.0077619663648124,1.0,177.0,-0.1638418079096045,1.0,88.0,1.375,1.0,0.6838709677419356,medium,,,nalgonda,telangana,False,17.057358,79.268649,Nalgonda,135744.0,exact,
2024,telangana,narayanpet,120.0,25.0,1379.0,395.0,247.0,7.22983877815125,0.0967741935483871,5.981414211254481,0.2258064516129032,5.513428746164983,0.1612903225806451,4.795790545596741,0.4838709677419355,3.258096538021482,0.064516129032258,1140.0,0.2096491228070175,1.0,168.0,0.4702380952380952,1.0,78.0,0.5384615384615384,1.0,45.0,-0.4444444444444444,1.0,0.1564516129032258,low,,,narayanpet,telangana,False,,,,,,
2024,himachal pradesh,grp,1.0,0.0,13.0,2.0,0.0,2.6390573296152584,0.1111111111111111,1.0986122886681098,0.1111111111111111,0.0,0.1111111111111111,0.6931471805599453,0.1944444444444444,0.0,0.1111111111111111,19.0,-0.3157894736842105,1.0,0.0,0.0,1.0,0.0,0.0,1.0,0.0,0.0,1.0,0.1194444444444444,low,,,grp,himachal pradesh,False,,,,,,
2024,rajasthan,anupgarh,140.0,3.0,2202.0,1039.0,394.0,7.697575346802343,0.2923076923076923,6.946975992135418,0.4461538461538462,5.978885764901122,0.3230769230769231,4.948759890378168,0.5923076923076923,1.3862943611198906,0.1769230769230769,2428.0,-0.0930807248764415,1.0,767.0,-0.4863102998696219,1.0,159.0,-0.1194968553459119,1.0,9.0,-0.6666666666666666,1.0,0.3265384615384615,low,,,anupgarh,rajasthan,False,,,,,,
2024,telangana,nirmal,62.0,48.0,2602.0,446.0,380.0,7.864419904994565,0.3870967741935484,6.102558594613569,0.2903225806451613,5.942799375126701,0.2903225806451613,4.143134726391533,0.1935483870967742,3.8918202981106265,0.1935483870967742,1686.0,0.5432977461447213,1.0,265.0,0.4339622641509434,1.0,23.0,1.6956521739130437,1.0,27.0,0.7777777777777778,1.0,0.3096774193548387,low,,,nirmal,telangana,False,,,,,,
2024,telangana,nizamabad commissionerate,220.0,402.0,6135.0,911.0,777.0,8.721928343047091,0.7741935483870968,6.815639990074331,0.7419354838709677,6.656726524178391,0.6774193548387096,5.3981627015177525,0.7741935483870968,5.998936561946683,0.8064516129032258,5751.0,0.0667709963484611,1.0,772.0,0.0064766839378238,1.0,162.0,0.3580246913580246,1.0,308.0,0.3051948051948052,1.0,0.7564516129032258,high,,,nizamabad,telangana,False,18.673421,78.092593,Nizamabad,311152.0,exact,
2024,madhya pradesh,seoni,334.0,6.0,4121.0,4475.0,565.0,8.324093761450404,0.5483870967741935,8.406485069431817,0.8870967741935484,6.338594078203183,0.6290322580645161,5.814130531825066,0.5403225806451613,1.9459101490553128,0.5967741935483871,3700.0,0.1137837837837837,1.0,525.0,0.0761904761904762,1.0,329.0,0.0151975683890577,1.0,12.0,-0.5,1.0,0.6048387096774194,medium,,,seoni,madhya pradesh,False,22.0868691,79.5434841,Seoni,102377.0,exact,1379131.0
2024,rajasthan,bhilwara,269.0,56.0,5541.0,1768.0,966.0,8.620110725422924,0.8615384615384616,7.478169694159785,0.7230769230769231,6.874198495453294,0.8923076923076924,5.598421958998375,0.8615384615384616,4.04305126783455,0.8384615384615385,6330.0,-0.1246445497630331,1.0,1290.0,-0.2511627906976744,1.0,317.0,-0.1514195583596214,1.0,81.0,-0.3086419753086419,1.0,0.8503846153846154,high,,,bhilwara,rajasthan,False,25.321377,74.586953,Bhilwara,359483.0,exact,2408523.0
2024,madhya pradesh,shajapur,338.0,10.0,5875.0,2439.0,543.0,8.678631537293768,0.7258064516129032,7.799753318287247,0.532258064516129,6.298949246855942,0.5645161290322581,5.82600010738045,0.5645161290322581,2.3978952727983707,0.7661290322580645,3298.0,0.7813826561552456,1.0,378.0,0.4365079365079365,1.0,230.0,0.4695652173913043,1.0,6.0,0.6666666666666666,1.0,0.6641129032258064,medium,,,shajapur,madhya pradesh,False,,,,,,1512681.0
2024,madhya pradesh,shahdol,424.0,15.0,2686.0,2868.0,676.0,7.8961806086154915,0.3064516129032258,7.961718815981363,0.6935483870967742,6.517671272912275,0.7419354838709677,6.052089168924417,0.7096774193548387,2.772588722239781,0.8629032258064516,3939.0,-0.3181010408733181,1.0,580.0,0.1655172413793103,1.0,442.0,-0.0407239819004524,1.0,19.0,-0.2105263157894736,1.0,0.5560483870967743,medium,,,shahdol,madhya pradesh,False,23.2307927,81.4690932,Dhanpuri,94799.0,exact,1066063.0
2024,delhi,dwarka,662.0,31.0,17317.0,1641.0,1177.0,9.759501702007746,0.625,7.403670290012373,0.7083333333333334,7.071573364211532,0.7916666666666666,6.496774990185863,0.875,3.4657359027997265,0.8333333333333334,23346.0,-0.2582455238584768,1.0,1329.0,-0.1143717080511663,1.0,682.0,-0.0293255131964809,1.0,19.0,0.631578947368421,1.0,0.7229166666666667,high,,,dwarka,delhi,False,,,,,,
2024,maharashtra,thane commr,1751.0,778.0,31785.0,10111.0,2605.0,10.366781220256764,0.96,9.221478116386638,0.92,7.8655717576847906,0.94,7.468513271496337,0.96,6.658011045870748,0.94,13561.0,1.3438536981048594,1.0,2395.0,0.0876826722338204,1.0,1638.0,0.0689865689865689,1.0,639.0,0.217527386541471,1.0,0.949,critical,,,thane commr,maharashtra,False,,,,,,
2024,maharashtra,washim,162.0,12.0,4060.0,3565.0,486.0,8.309184527686298,0.34,8.179199798423086,0.44,6.18826412308259,0.32,5.093750200806762,0.16,2.5649493574615367,0.18,4499.0,-0.0975772393865303,1.0,519.0,-0.0635838150289017,1.0,150.0,0.08,1.0,11.0,0.0909090909090909,1.0,0.304,low,,,washim,maharashtra,False,,,,,,1197160.0
2024,maharashtra,wardha,268.0,68.0,7604.0,10595.0,412.0,8.936561204693394,0.66,9.26823185039196,0.94,6.023447592961033,0.26,5.594711379601839,0.36,4.23410650459726,0.68,7482.0,0.016305800588078,1.0,409.0,0.0073349633251833,1.0,268.0,0.0,1.0,66.0,0.0303030303030303,1.0,0.5810000000000001,medium,,,wardha,maharashtra,False,20.5505728,78.8411405,Hinganghat,106984.0,exact,1300774.0
2024,punjab,ferozepur,63.0,16.0,2479.0,771.0,159.0,7.8160138391590275,0.8857142857142857,6.648984550024776,0.6571428571428571,5.075173815233827,0.6,4.158883083359672,0.5428571428571428,2.833213344056216,0.5428571428571428,1370.0,0.8094890510948906,1.0,138.0,0.1521739130434782,1.0,48.0,0.3125,1.0,11.0,0.4545454545454545,1.0,0.72,high,,,ferozepur,punjab,False,,,,,,
2024,punjab,fazilka,108.0,30.0,1434.0,631.0,222.0,7.268920128193722,0.5428571428571428,6.448889394146858,0.5142857142857142,5.407171771460119,0.8,4.691347882229144,0.8,3.4339872044851463,0.7714285714285715,1281.0,0.1194379391100702,1.0,248.0,-0.1048387096774193,1.0,122.0,-0.1147540983606557,1.0,16.0,0.875,1.0,0.6514285714285715,medium,,,fazilka,punjab,False,30.1452928,74.1993043,Abohar,145238.0,exact,
2024,delhi,east,421.0,21.0,19711.0,900.0,766.0,9.888982866333246,0.75,6.803505257608338,0.4166666666666667,6.642486801367256,0.5833333333333334,6.045005314036012,0.5416666666666666,3.091042453358316,0.6458333333333334,21875.0,-0.0989257142857142,1.0,709.0,0.080394922425952,1.0,421.0,0.0,1.0,22.0,-0.0454545454545454,1.0,0.6468750000000001,medium,,,east,delhi,False,,,,,,
2024,delhi,crime branch,1.0,0.0,80.0,192.0,1.0,4.394449154672439,0.0833333333333333,5.262690188904886,0.3333333333333333,0.6931471805599453,0.125,0.6931471805599453,0.2083333333333333,0.0,0.1666666666666666,123.0,-0.3495934959349593,1.0,2.0,-0.5,1.0,3.0,-0.6666666666666666,1.0,9.0,-1.0,1.0,0.1416666666666666,low,,,crime branch,delhi,True,,,,,,
2024,delhi,igi airport,1.0,0.0,716.0,664.0,22.0,6.57507584059962,0.25,6.499787040655854,0.375,3.1354942159291497,0.25,0.6931471805599453,0.2083333333333333,0.0,0.1666666666666666,680.0,0.0529411764705882,1.0,31.0,-0.2903225806451613,1.0,1.0,0.0,1.0,0.0,0.0,1.0,0.2458333333333333,low,,,igi airport,delhi,False,,,,,,
2024,delhi,metro,8.0,0.0,7249.0,31.0,24.0,8.88875674784872,0.375,3.4657359027997265,0.1666666666666666,3.218875824868201,0.2916666666666667,2.19722457733622,0.2916666666666667,0.0,0.1666666666666666,6262.0,0.1576173746406898,1.0,25.0,-0.04,1.0,10.0,-0.2,1.0,0.0,0.0,1.0,0.2979166666666667,low,,,metro,delhi,False,,,,,,
2024,delhi,eow,0.0,0.0,144.0,0.0,0.0,4.976733742420574,0.1666666666666666,0.0,0.0625,0.0,0.0625,0.0,0.0833333333333333,0.0,0.1666666666666666,94.0,0.5319148936170213,1.0,0.0,0.0,1.0,0.0,0.0,1.0,0.0,0.0,1.0,0.1270833333333333,low,,,eow,delhi,False,,,,,,
2024,delhi,north,360.0,1.0,24275.0,1059.0,621.0,10.097243486955746,0.9166666666666666,6.966024187106113,0.5,6.432940092739179,0.4583333333333333,5.8888779583328805,0.4583333333333333,0.6931471805599453,0.3333333333333333,27193.0,-0.1073070275438532,1.0,638.0,-0.0266457680250783,1.0,339.0,0.0619469026548672,1.0,20.0,-0.95,1.0,0.6500000000000001,medium,,,north,delhi,False,,,,,,
2024,delhi,new delhi,39.0,10.0,2385.0,65.0,98.0,7.777373602657861,0.2916666666666667,4.189654742026425,0.2083333333333333,4.59511985013459,0.375,3.688879454113936,0.375,2.3978952727983707,0.4375,2784.0,-0.1433189655172413,1.0,93.0,0.053763440860215,1.0,33.0,0.1818181818181818,1.0,27.0,-0.6296296296296297,1.0,0.3302083333333334,low,,,new delhi,delhi,False,,,,,,
2024,uttar pradesh,jalaun,128.0,54.0,2764.0,1370.0,358.0,7.9247959139564355,0.1688311688311688,7.223295679562314,0.1428571428571428,5.883322388488279,0.1428571428571428,4.859812404361672,0.2207792207792207,4.007333185232471,0.2077922077922078,3279.0,-0.1570600792924672,1.0,520.0,-0.3115384615384615,1.0,263.0,-0.5133079847908745,1.0,69.0,-0.217391304347826,1.0,0.172077922077922,low,,,jalaun,uttar pradesh,False,26.00864,79.4478858,Orai,190625.0,exact,1689974.0
2024,rajasthan,ats sog,0.0,0.0,93.0,7.0,0.0,4.543294782270004,0.0769230769230769,2.079441541679836,0.0769230769230769,0.0,0.0461538461538461,0.0,0.0461538461538461,0.0,0.0461538461538461,24.0,2.875,1.0,0.0,0.0,1.0,0.0,0.0,1.0,0.0,0.0,1.0,0.063076923076923,low,,,ats sog,rajasthan,False,,,,,,
2024,rajasthan,balotra,62.0,13.0,1753.0,486.0,294.0,7.469654172932128,0.2461538461538461,6.18826412308259,0.2,5.68697535633982,0.2307692307692307,4.143134726391533,0.2384615384615384,2.6390573296152584,0.4692307692307692,2142.0,-0.1816059757236227,1.0,372.0,-0.2096774193548387,1.0,86.0,-0.2790697674418604,1.0,34.0,-0.6176470588235294,1.0,0.2711538461538462,low,,,balotra,rajasthan,False,,,,,,
2024,rajasthan,alwar,100.0,11.0,8427.0,3034.0,1717.0,9.03931477492408,0.9692307692307692,8.017966703493599,0.9384615384615383,7.4489161025442,0.9846153846153848,4.61512051684126,0.4,2.4849066497880004,0.4153846153846154,9638.0,-0.1256484747873002,1.0,1595.0,0.0764890282131661,1.0,190.0,-0.4736842105263157,1.0,91.0,-0.8791208791208791,1.0,0.8292307692307692,high,,,alwar,rajasthan,False,27.5529907,76.6345735,Alwar,341422.0,exact,3674179.0
2024,telangana,kumaram bheem asifabad,50.0,40.0,1287.0,654.0,213.0,7.160845906664299,0.064516129032258,6.484635235635252,0.5806451612903226,5.365976015021851,0.1290322580645161,3.9318256327243257,0.1612903225806451,3.713572066704308,0.1612903225806451,1046.0,0.2304015296367113,1.0,170.0,0.2529411764705882,1.0,46.0,0.0869565217391304,1.0,29.0,0.3793103448275862,1.0,0.1532258064516129,low,,,kumaram bheem asifabad,telangana,False,,,,,,
2024,rajasthan,barmer,140.0,70.0,2701.0,939.0,544.0,7.901747518520144,0.4461538461538462,6.84587987526405,0.4,6.300785794663244,0.4461538461538462,4.948759890378168,0.5923076923076923,4.262679877041316,0.8923076923076924,3088.0,-0.1253238341968912,1.0,711.0,-0.2348804500703235,1.0,227.0,-0.3832599118942731,1.0,62.0,0.1290322580645161,1.0,0.5230769230769231,medium,,,barmer,rajasthan,False,25.7531537,71.4180622,Barmer,189715.0,exact,2603751.0
2024,rajasthan,beawar,240.0,22.0,3917.0,1009.0,747.0,8.273336598504486,0.6307692307692307,6.917705609835305,0.4153846153846154,6.617402977974478,0.7076923076923077,5.484796933490655,0.7923076923076923,3.1354942159291497,0.6461538461538462,4302.0,-0.0894932589493259,1.0,1098.0,-0.319672131147541,1.0,133.0,0.8045112781954887,1.0,5.0,3.4,1.0,0.6430769230769231,medium,,,beawar,rajasthan,False,26.1007337,74.3190747,Beawar,151152.0,exact,
2024,telangana,ramagundam commissionerate,173.0,314.0,6289.0,919.0,1020.0,8.746716349694486,0.8064516129032258,6.824373670043086,0.7741935483870968,6.928537818164665,0.8387096774193549,5.159055299214529,0.6290322580645161,5.752572638825633,0.7096774193548387,5625.0,0.1180444444444444,1.0,1013.0,0.0069101678183613,1.0,139.0,0.2446043165467626,1.0,59.0,4.322033898305085,1.0,0.7774193548387096,high,,,ramagundam,telangana,False,,,,,,
2024,telangana,rachakonda commissionerate,549.0,4235.0,24884.0,3154.0,3369.0,10.122020491292654,0.9032258064516128,8.056743774975313,0.9032258064516128,8.122668023346407,0.935483870967742,6.309918278226516,0.9032258064516128,8.351374706721296,0.935483870967742,23289.0,0.0684872686676113,1.0,3610.0,-0.0667590027700831,1.0,864.0,-0.3645833333333333,1.0,2947.0,0.4370546318289786,1.0,0.914516129032258,critical,,,rachakonda,telangana,False,,,,,,
2024,telangana,khammam commissionerate,300.0,349.0,6757.0,649.0,955.0,8.818482267274236,0.8387096774193549,6.476972362889683,0.5483870967741935,6.862757913051401,0.8064516129032258,5.707110264748875,0.8387096774193549,5.857933154483459,0.7741935483870968,5436.0,0.2430095658572479,1.0,868.0,0.1002304147465437,1.0,332.0,-0.0963855421686747,1.0,302.0,0.1556291390728476,1.0,0.7935483870967741,high,,,khammam,telangana,False,17.247318,80.151443,Khammam,184210.0,exact,
2024,telangana,railway police secunderabad,19.0,0.0,1111.0,95.0,8.0,7.013915474810528,0.032258064516129,4.564348191467836,0.032258064516129,2.19722457733622,0.032258064516129,2.995732273553991,0.032258064516129,0.0,0.032258064516129,1011.0,0.0989119683481701,1.0,9.0,-0.1111111111111111,1.0,9.0,1.1111111111111112,1.0,0.0,0.0,1.0,0.032258064516129,low,,,railway police secunderabad,telangana,True,,,,,,
2024,himachal pradesh,kangra,69.0,3.0,1532.0,690.0,188.0,7.334981878871814,0.8888888888888888,6.53813982376767,0.8888888888888888,5.241747015059643,0.8888888888888888,4.248495242049359,0.7777777777777778,1.3862943611198906,0.6666666666666666,1901.0,-0.1941083640189374,1.0,222.0,-0.1531531531531531,1.0,81.0,-0.1481481481481481,1.0,4.0,-0.25,1.0,0.8444444444444444,high,,,kangra,himachal pradesh,False,,,,,,1510075.0
2024,himachal pradesh,hamirpur,41.0,1.0,688.0,204.0,88.0,6.535241271013659,0.4444444444444444,5.3230099791384085,0.3611111111111111,4.48863636973214,0.3888888888888889,3.737669618283368,0.4444444444444444,0.6931471805599453,0.2777777777777778,873.0,-0.2119129438717067,1.0,122.0,-0.2786885245901639,1.0,40.0,0.025,1.0,1.0,0.0,1.0,0.4,low,,,hamirpur,himachal pradesh,False,,,,,,454768.0
2024,telangana,rajanna siricilla,66.0,80.0,3420.0,607.0,398.0,8.137688184977605,0.4516129032258064,6.410174881966167,0.4516129032258064,5.988961416889864,0.3870967741935484,4.204692619390966,0.2258064516129032,4.394449154672439,0.2580645161290322,3221.0,0.0617820552623408,1.0,393.0,0.0127226463104325,1.0,52.0,0.2692307692307692,1.0,84.0,-0.0476190476190476,1.0,0.3870967741935484,low,,,rajanna siricilla,telangana,False,,,,,,
2024,himachal pradesh,cid,0.0,0.0,0.0,1.0,0.0,0.0,0.0555555555555555,0.6931471805599453,0.0555555555555555,0.0,0.1111111111111111,0.0,0.0833333333333333,0.0,0.1111111111111111,16.0,-1.0,1.0,0.0,0.0,1.0,0.0,0.0,1.0,0.0,0.0,1.0,0.0777777777777777,low,,,cid,himachal pradesh,True,,,,,,
2024,himachal pradesh,kullu,48.0,3.0,776.0,654.0,94.0,6.655440350367647,0.5555555555555556,6.484635235635252,0.8333333333333334,4.553876891600541,0.4444444444444444,3.8918202981106265,0.5555555555555556,1.3862943611198906,0.6666666666666666,811.0,-0.0431565967940813,1.0,94.0,0.0,1.0,55.0,-0.1272727272727272,1.0,8.0,-0.625,1.0,0.5777777777777778,medium,,,kullu,himachal pradesh,False,,,,,,437903.0
2024,himachal pradesh,kinnaur,16.0,5.0,174.0,160.0,20.0,5.1647859739235145,0.2777777777777778,5.081404364984463,0.2777777777777778,3.044522437723423,0.2777777777777778,2.833213344056216,0.2777777777777778,1.791759469228055,0.8333333333333334,268.0,-0.3507462686567164,1.0,41.0,-0.5121951219512195,1.0,22.0,-0.2727272727272727,1.0,5.0,0.0,1.0,0.3611111111111111,low,,,kinnaur,himachal pradesh,False,,,,,,84121.0
2024,telangana,mahabubabad,109.0,105.0,2477.0,1137.0,429.0,7.815207062189088,0.2580645161290322,7.037027614686276,0.8387096774193549,6.063785208687608,0.4516129032258064,4.700480365792417,0.4193548387096774,4.663439094112067,0.3387096774193548,2238.0,0.1067917783735478,1.0,397.0,0.0806045340050377,1.0,105.0,0.0380952380952381,1.0,48.0,1.1875,1.0,0.3830645161290322,low,,,mahabubabad,telangana,False,,,,,,
2024,uttar pradesh,kaushambi,200.0,45.0,2986.0,3781.0,418.0,8.00202481821611,0.2337662337662337,8.238008249218403,0.7012987012987013,6.037870919922137,0.2207792207792207,5.303304908059076,0.4545454545454545,3.828641396489095,0.1233766233766233,3381.0,-0.1168293404318249,1.0,564.0,-0.2588652482269503,1.0,287.0,-0.3031358885017421,1.0,54.0,-0.1666666666666666,1.0,0.2834415584415584,low,,,kaushambi,uttar pradesh,False,,,,,,1599596.0
2024,uttar pradesh,kasganj,291.0,45.0,3112.0,3016.0,748.0,8.043342170441608,0.2597402597402597,8.012018239159062,0.4935064935064935,6.618738983517219,0.5064935064935064,5.676753802268282,0.6753246753246753,3.828641396489095,0.1233766233766233,3142.0,-0.0095480585614258,1.0,822.0,-0.0900243309002433,1.0,335.0,-0.1313432835820895,1.0,70.0,-0.3571428571428571,1.0,0.3535714285714286,low,,,kasganj,uttar pradesh,False,27.8129344,78.649785,Kasganj,101241.0,exact,
2024,chhattisgarh,koriya,92.0,12.0,807.0,473.0,109.0,6.694562058521095,0.2,6.161207321695077,0.2857142857142857,4.700480365792417,0.2,4.532599493153256,0.2571428571428571,2.5649493574615367,0.4,835.0,-0.0335329341317365,1.0,108.0,0.0092592592592592,1.0,66.0,0.3939393939393939,1.0,3.0,3.0,1.0,0.2442857142857143,low,,,koriya,chhattisgarh,False,23.1879502,82.354162,Chirmiri,103575.0,exact,658917.0
2024,chhattisgarh,korba,427.0,17.0,4278.0,1746.0,550.0,8.361474616416817,0.8857142857142857,7.465655310134056,0.7714285714285715,6.311734809152915,0.8857142857142857,6.059123195581797,0.8857142857142857,2.8903717578961645,0.6,3101.0,0.3795549822637858,1.0,328.0,0.676829268292683,1.0,287.0,0.4878048780487805,1.0,6.0,1.8333333333333333,1.0,0.8314285714285714,high,,,korba,chhattisgarh,False,22.3594501,82.7500595,Korba,363210.0,exact,1206640.0
2024,uttar pradesh,kanpur commissionarate,379.0,449.0,12350.0,2426.0,1950.0,9.421492310438014,0.922077922077922,7.794411205726601,0.3376623376623376,7.576097340623111,0.935064935064935,5.940171252720432,0.7792207792207793,6.1092475827643655,0.948051948051948,10652.0,0.1594066841907623,1.0,2071.0,-0.0584258812168034,1.0,426.0,-0.1103286384976525,1.0,481.0,-0.0665280665280665,1.0,0.855844155844156,high,,,kanpur,uttar pradesh,False,26.447965,80.330572,Kanpur,2920067.0,exact,
2024,d n haveli and daman diu,total districts,84.0,5.0,540.0,52.0,86.0,6.293419278846481,1.0,3.970291913552122,1.0,4.465908118654584,1.0,4.442651256490317,1.0,1.791759469228055,1.0,761.0,-0.290407358738502,1.0,124.0,-0.3064516129032258,1.0,123.0,-0.3170731707317073,1.0,6.0,-0.1666666666666666,1.0,1.0,critical,,,total districts,dadra and nagar haveli and daman and diu,True,,,,,,
2024,d n haveli and daman diu,daman,26.0,3.0,180.0,12.0,28.0,5.198497031265826,0.5,2.5649493574615367,0.5,3.367295829986474,0.5,3.295836866004329,0.5,1.3862943611198906,0.75,174.0,0.0344827586206896,1.0,44.0,-0.3636363636363636,1.0,41.0,-0.3658536585365853,1.0,1.0,2.0,1.0,0.5375,medium,,,daman,dadra and nagar haveli and daman and diu,False,20.3973736,72.8327991,Daman,191173.0,exact,
2024,d n haveli and daman diu,diu,2.0,0.0,44.0,3.0,4.0,3.80666248977032,0.25,1.3862943611198906,0.25,1.6094379124341005,0.25,1.0986122886681098,0.25,0.0,0.25,40.0,0.1,1.0,8.0,-0.5,1.0,5.0,-0.6,1.0,0.0,0.0,1.0,0.25,low,,,diu,dadra and nagar haveli and daman and diu,False,,,,,,
2024,maharashtra,thane rural,315.0,18.0,2820.0,991.0,470.0,7.944846711001996,0.16,6.899723107284872,0.14,6.154858094016418,0.3,5.755742213586912,0.44,2.9444389791664403,0.26,3023.0,-0.0671518359245782,1.0,414.0,0.1352657004830917,1.0,239.0,0.3179916317991632,1.0,12.0,0.5,1.0,0.229,low,,,thane,maharashtra,False,19.2812547,73.0482912,Bhiwandi,711329.0,exact,11060148.0
2024,uttar pradesh,jhansi,165.0,75.0,4714.0,3269.0,647.0,8.458504195067558,0.4805194805194805,8.0925452638913,0.5974025974025974,6.473890696352274,0.422077922077922,5.111987788356544,0.3376623376623376,4.330733340286331,0.4415584415584415,3800.0,0.2405263157894736,1.0,582.0,0.1116838487972508,1.0,162.0,0.0185185185185185,1.0,115.0,-0.3478260869565217,1.0,0.4603896103896103,medium,,,jhansi,uttar pradesh,False,25.4484257,78.5684594,Jhansi,549391.0,exact,1998603.0
2024,uttar pradesh,jaunpur,365.0,230.0,8181.0,3408.0,899.0,9.009691898489343,0.8051948051948052,8.134174272137903,0.6623376623376623,6.802394763324311,0.5844155844155844,5.902633333401366,0.7402597402597403,5.442417710521793,0.8311688311688312,6381.0,0.2820874471086037,1.0,716.0,0.2555865921787709,1.0,354.0,0.0310734463276836,1.0,107.0,1.1495327102803738,1.0,0.7441558441558441,high,,,jaunpur,uttar pradesh,False,25.7490034,82.6987002,Jaunpur,168128.0,exact,4494204.0
2024,delhi,central,272.0,10.0,13690.0,910.0,541.0,9.524493961633755,0.4583333333333333,6.814542897259958,0.4583333333333333,6.295266001439646,0.4166666666666667,5.60947179518496,0.4166666666666667,2.3978952727983707,0.4375,18567.0,-0.2626703290784725,1.0,587.0,-0.0783645655877342,1.0,277.0,-0.0180505415162454,1.0,4.0,1.5,1.0,0.4427083333333333,medium,,,central,delhi,False,,,,,,
2024,uttar pradesh,kannauj,393.0,57.0,2922.0,1070.0,885.0,7.980365765111246,0.1948051948051948,6.976348070447749,0.0519480519480519,6.786716950605081,0.5714285714285714,5.976350909297934,0.7922077922077922,4.060443010546419,0.2597402597402597,3902.0,-0.2511532547411584,1.0,1040.0,-0.1490384615384615,1.0,320.0,0.228125,1.0,59.0,-0.0338983050847457,1.0,0.3253246753246753,low,,,kannauj,uttar pradesh,False,,,,,,1656616.0
2024,maharashtra,solapur rural,527.0,25.0,8494.0,7435.0,1180.0,9.047233034106032,0.74,8.914088348841334,0.8,7.074116816197362,0.76,6.269096283706261,0.74,3.258096538021482,0.34,10087.0,-0.1579260434222266,1.0,1214.0,-0.0280065897858319,1.0,554.0,-0.0487364620938628,1.0,46.0,-0.4565217391304347,1.0,0.69,medium,,,solapur,maharashtra,False,17.6599188,75.9063906,Solapur,951118.0,exact,4317756.0
2024,maharashtra,solapur commr,223.0,13.0,2455.0,2337.0,522.0,7.806289289267033,0.14,7.757051142032013,0.24,6.259581464064923,0.34,5.41164605185504,0.24,2.6390573296152584,0.22,2282.0,0.0758106923751095,1.0,474.0,0.1012658227848101,1.0,209.0,0.0669856459330143,1.0,18.0,-0.2777777777777778,1.0,0.212,low,,,solapur commr,maharashtra,False,,,,,,
2024,punjab,grp,7.0,4.0,330.0,231.0,12.0,5.802118375377063,0.1428571428571428,5.44673737166631,0.1714285714285714,2.5649493574615367,0.1428571428571428,2.079441541679836,0.1714285714285714,1.6094379124341005,0.1571428571428571,321.0,0.02803738317757,1.0,9.0,0.3333333333333333,1.0,3.0,1.3333333333333333,1.0,0.0,0.0,1.0,0.1507142857142857,low,,,grp,punjab,False,,,,,,
2024,maharashtra,total districts,24171.0,9922.0,383044.0,226779.0,47954.0,12.85590775473355,1.0,12.33173566352583,1.0,10.778018350162052,1.0,10.09295021748145,1.0,9.202610573914242,1.0,385623.0,-0.0066878790943486,1.0,47101.0,0.0181100188955648,1.0,22390.0,0.0795444394819115,1.0,8103.0,0.224484758731334,1.0,1.0,critical,,,total districts,maharashtra,True,,,,,,
2024,himachal pradesh,mandi,133.0,2.0,1705.0,738.0,265.0,7.441906728051625,0.9444444444444444,6.6052979209482015,0.9444444444444444,5.583496308781699,0.9444444444444444,4.897839799950911,0.9444444444444444,1.0986122886681098,0.4722222222222222,1907.0,-0.1059255374934452,1.0,249.0,0.0642570281124498,1.0,105.0,0.2666666666666666,1.0,1.0,1.0,1.0,0.8736111111111111,high,,,mandi,himachal pradesh,False,,,,,,999777.0
2024,himachal pradesh,chamba,66.0,0.0,528.0,393.0,111.0,6.270988431858299,0.3333333333333333,5.976350909297934,0.5555555555555556,4.718498871295094,0.6666666666666666,4.204692619390966,0.6111111111111112,0.0,0.1111111111111111,597.0,-0.1155778894472361,1.0,78.0,0.4230769230769231,1.0,37.0,0.7837837837837838,1.0,0.0,0.0,1.0,0.4166666666666667,medium,,,chamba,himachal pradesh,False,,,,,,519080.0
2024,telangana,wanaparthy,97.0,27.0,1745.0,232.0,268.0,7.465082736399547,0.1935483870967742,5.4510384535657,0.064516129032258,5.594711379601839,0.1935483870967742,4.584967478670572,0.3870967741935484,3.332204510175204,0.0967741935483871,1235.0,0.4129554655870445,1.0,186.0,0.4408602150537634,1.0,74.0,0.3108108108108108,1.0,50.0,-0.46,1.0,0.1854838709677419,low,,,wanaparthy,telangana,False,,,,,,
2024,telangana,warangal commissionerate,338.0,799.0,10130.0,1386.0,1408.0,9.223355309053677,0.8709677419354839,7.234898420314831,0.8709677419354839,7.25063551189868,0.8709677419354839,5.82600010738045,0.8709677419354839,6.684611727667927,0.8387096774193549,9884.0,0.0248887090246863,1.0,1555.0,-0.0945337620578778,1.0,383.0,-0.1174934725848564,1.0,1104.0,-0.276268115942029,1.0,0.8661290322580646,high,,,warangal,telangana,False,17.975762,79.601212,Warangal,811844.0,exact,
2024,telangana,mulug,45.0,38.0,1396.0,371.0,169.0,7.242082359256962,0.1290322580645161,5.918893854273146,0.1290322580645161,5.135798437050262,0.064516129032258,3.828641396489095,0.1290322580645161,3.6635616461296463,0.1290322580645161,826.0,0.6900726392251816,1.0,121.0,0.396694214876033,1.0,55.0,-0.1818181818181818,1.0,16.0,1.375,1.0,0.1161290322580645,low,,,mulug,telangana,False,,,,,,
2024,himachal pradesh,shimla,92.0,4.0,1372.0,570.0,176.0,7.224753405767971,0.8333333333333334,6.3473892096560105,0.7777777777777778,5.176149732573829,0.8333333333333334,4.532599493153256,0.8888888888888888,1.6094379124341005,0.7777777777777778,1655.0,-0.1709969788519637,1.0,169.0,0.0414201183431952,1.0,93.0,-0.010752688172043,1.0,7.0,-0.4285714285714285,1.0,0.8250000000000002,high,,,shimla,himachal pradesh,False,31.1048145,77.1734033,Shimla,171817.0,exact,814010.0
2024,himachal pradesh,nurpur,35.0,3.0,606.0,402.0,70.0,6.408528791059498,0.3888888888888889,5.998936561946683,0.6111111111111112,4.262679877041316,0.3333333333333333,3.58351893845611,0.3888888888888889,1.3862943611198906,0.6666666666666666,715.0,-0.1524475524475524,1.0,80.0,-0.125,1.0,28.0,0.25,1.0,2.0,0.5,1.0,0.4416666666666666,medium,,,nurpur,himachal pradesh,False,,,,,,
2024,madhya pradesh,rajgarh,280.0,10.0,5992.0,1371.0,787.0,8.698347400458186,0.7580645161290323,7.22402480828583,0.2419354838709677,6.669498089857879,0.8064516129032258,5.638354669333745,0.4032258064516129,2.3978952727983707,0.7661290322580645,5721.0,0.0473693410242964,1.0,782.0,0.0063938618925831,1.0,261.0,0.0727969348659003,1.0,0.0,0.0,1.0,0.6818548387096773,medium,,,rajgarh,madhya pradesh,False,,,,,,1545814.0
2024,telangana,hyderabad commissionerate,920.0,4009.0,27031.0,3278.0,3255.0,10.204776628394123,0.935483870967742,8.095293776844649,0.935483870967742,8.08825472712243,0.9032258064516128,6.825460036255307,0.935483870967742,8.296546520300614,0.9032258064516128,21774.0,0.2414347386791586,1.0,3822.0,-0.1483516483516483,1.0,692.0,0.3294797687861271,1.0,4855.0,-0.1742533470648815,1.0,0.9241935483870968,critical,,,hyderabad,telangana,False,17.384934,78.486616,Hyderabad,8746490.0,exact,
2024,telangana,jagityal,36.0,197.0,4582.0,378.0,668.0,8.430109084509125,0.6451612903225806,5.937536205082426,0.1935483870967742,6.505784060128229,0.6451612903225806,3.610917912644224,0.064516129032258,5.288267030694535,0.5161290322580645,3931.0,0.1656067158483846,1.0,653.0,0.0229709035222052,1.0,58.0,-0.3793103448275862,1.0,170.0,0.1588235294117647,1.0,0.5225806451612903,medium,,,jagityal,telangana,False,,,,,,
2024,telangana,cyberabad commissionerate,1769.0,13426.0,37502.0,3785.0,3648.0,10.532176208758672,0.967741935483871,8.239065331769268,0.967741935483871,8.202208436436448,0.967741935483871,7.478734825567875,0.967741935483871,9.505022884072709,0.967741935483871,22398.0,0.6743459237431914,1.0,2856.0,0.2773109243697479,1.0,1274.0,0.3885400313971742,1.0,6048.0,1.2199074074074074,1.0,0.967741935483871,critical,,,cyberabad,telangana,False,,,,,,
2024,madhya pradesh,raisen,608.0,7.0,5931.0,1768.0,629.0,8.688116703257823,0.7419354838709677,7.478169694159785,0.3548387096774194,6.4457198193855785,0.6774193548387096,6.411818267709897,0.8225806451612904,2.079441541679836,0.6370967741935484,5322.0,0.1144306651634723,1.0,590.0,0.0661016949152542,1.0,553.0,0.0994575045207956,1.0,4.0,0.75,1.0,0.6826612903225807,medium,,,raisen,madhya pradesh,False,,,,,,1331597.0
2024,rajasthan,bharatpur,78.0,17.0,6913.0,1361.0,1556.0,8.84130362048157,0.9076923076923076,7.216709486709457,0.6153846153846154,7.350516171833998,0.9692307692307692,4.3694478524670215,0.3461538461538461,2.8903717578961645,0.5307692307692308,7453.0,-0.0724540453508654,1.0,1624.0,-0.041871921182266,1.0,100.0,-0.22,1.0,93.0,-0.8172043010752689,1.0,0.7780769230769231,high,,,bharatpur,rajasthan,False,27.216981,77.489515,Bharatpur,252000.0,exact,2548462.0
2024,madhya pradesh,panna,327.0,6.0,1814.0,2560.0,493.0,7.503840746698951,0.1774193548387097,7.848153086199526,0.5967741935483871,6.202535517187923,0.532258064516129,5.793013608384144,0.4838709677419355,1.9459101490553128,0.5967741935483871,3324.0,-0.4542719614921781,1.0,433.0,0.138568129330254,1.0,272.0,0.2022058823529411,1.0,13.0,-0.5384615384615384,1.0,0.3838709677419355,low,,,panna,madhya pradesh,False,,,,,,1016520.0
2024,madhya pradesh,pandhurna,58.0,0.0,709.0,1111.0,75.0,6.565264970035361,0.032258064516129,7.013915474810528,0.1774193548387097,4.330733340286331,0.0806451612903225,4.07753744390572,0.0806451612903225,0.0,0.1693548387096774,,0.0,0.0,,0.0,0.0,,0.0,0.0,,0.0,0.0,0.0818548387096774,low,,,pandhurna,madhya pradesh,False,,,,,,
2024,madhya pradesh,rewa,637.0,28.0,6611.0,1982.0,802.0,8.796641458940915,0.8064516129032258,7.592366128519796,0.4354838709677419,6.688354713946762,0.8387096774193549,6.45833828334479,0.8548387096774194,3.367295829986474,0.9193548387096774,9115.0,-0.2747120131651124,1.0,666.0,0.2042042042042042,1.0,1214.0,-0.4752883031301482,1.0,33.0,-0.1515151515151515,1.0,0.7975806451612902,high,,,rewa,madhya pradesh,False,24.5372927,81.30418,Rewa,235422.0,exact,2365106.0
2024,madhya pradesh,ratlam,697.0,2.0,8054.0,4517.0,924.0,8.994048295611075,0.8870967741935484,8.415824697027949,0.9032258064516128,6.829793737512425,0.9032258064516128,6.548219102762372,0.9193548387096774,1.0986122886681098,0.3951612903225806,7420.0,0.0854447439353099,1.0,835.0,0.1065868263473053,1.0,721.0,-0.0332871012482662,1.0,3.0,-0.3333333333333333,1.0,0.8213709677419355,high,,,ratlam,madhya pradesh,False,23.3341696,75.0376325,Ratlam,273892.0,exact,1455069.0
2024,manipur,chandel,1.0,0.0,16.0,14.0,1.0,2.833213344056216,0.2631578947368421,2.70805020110221,0.3684210526315789,0.6931471805599453,0.3421052631578947,0.6931471805599453,0.3157894736842105,0.0,0.4473684210526316,69.0,-0.7681159420289855,1.0,4.0,-0.75,1.0,2.0,-0.5,1.0,0.0,0.0,1.0,0.3223684210526316,low,,,chandel,manipur,False,,,,,,144182.0
2024,manipur,bishnupur,9.0,0.0,289.0,53.0,13.0,5.66988092298052,0.6842105263157895,3.9889840465642745,0.7368421052631579,2.6390573296152584,0.7368421052631579,2.302585092994046,0.7368421052631579,0.0,0.4473684210526316,2766.0,-0.8955169920462762,1.0,19.0,-0.3157894736842105,1.0,12.0,-0.25,1.0,0.0,0.0,1.0,0.6697368421052632,medium,,,bishnupur,manipur,False,,,,,,237399.0
2024,manipur,imphal east,16.0,0.0,862.0,71.0,42.0,6.760414691083428,0.8947368421052632,4.276666119016055,0.8421052631578947,3.7612001156935615,0.8947368421052632,2.833213344056216,0.8947368421052632,0.0,0.4473684210526316,3552.0,-0.7573198198198198,1.0,45.0,-0.0666666666666666,1.0,12.0,0.3333333333333333,1.0,0.0,0.0,1.0,0.8223684210526316,high,,,imphal east,manipur,False,,,,,,456113.0
2024,chhattisgarh,sarangarh bilaigarh,123.0,11.0,1306.0,1538.0,160.0,7.175489713624222,0.4285714285714285,7.338888133838879,0.7428571428571429,5.081404364984463,0.3571428571428571,4.820281565605037,0.4,2.4849066497880004,0.3428571428571428,1339.0,-0.0246452576549663,1.0,189.0,-0.1534391534391534,1.0,167.0,-0.2634730538922156,1.0,6.0,0.8333333333333334,1.0,0.43,medium,,,sarangarh bilaigarh,chhattisgarh,False,,,,,,
2024,punjab,faridkot,46.0,10.0,1209.0,585.0,100.0,7.098375638590786,0.4857142857142857,6.373319789577012,0.4571428571428571,4.61512051684126,0.2571428571428571,3.8501476017100575,0.2571428571428571,2.3978952727983707,0.2857142857142857,1092.0,0.1071428571428571,1.0,89.0,0.1235955056179775,1.0,37.0,0.2432432432432432,1.0,5.0,1.0,1.0,0.3842857142857143,low,,,faridkot,punjab,False,,,,,,617508.0
2024,punjab,cp ludhiana,368.0,57.0,3826.0,1390.0,502.0,8.249836485425702,0.9714285714285714,7.237778191923443,0.9714285714285714,6.220590170099739,0.9714285714285714,5.910796644040527,0.9714285714285714,4.060443010546419,0.9285714285714286,4081.0,-0.0624846851261945,1.0,441.0,0.1383219954648526,1.0,258.0,0.4263565891472868,1.0,76.0,-0.25,1.0,0.965,critical,,,cp ludhiana,punjab,False,,,,,,
2024,punjab,cyber crime wing,2.0,5.0,25.0,6.0,3.0,3.258096538021482,0.0857142857142857,1.9459101490553128,0.0285714285714285,1.3862943611198906,0.1142857142857142,1.0986122886681098,0.1428571428571428,1.791759469228055,0.2285714285714285,30.0,-0.1666666666666666,1.0,10.0,-0.7,1.0,4.0,-0.5,1.0,22.0,-0.7727272727272727,1.0,0.1128571428571428,low,,,cyber crime wing,punjab,False,,,,,,
2024,punjab,cp jalandhar,145.0,303.0,2157.0,710.0,319.0,7.67693714581808,0.8285714285714286,6.566672429803241,0.6,5.768320995793772,0.8857142857142857,4.983606621708336,0.9428571428571428,5.717027701406222,0.9714285714285714,2114.0,0.0203405865657521,1.0,278.0,0.1474820143884892,1.0,133.0,0.0902255639097744,1.0,52.0,4.826923076923077,1.0,0.8500000000000001,high,,,cp jalandhar,punjab,False,,,,,,
2024,chhattisgarh,surajpur,211.0,38.0,1920.0,550.0,217.0,7.560601162768557,0.6571428571428571,6.311734809152915,0.3428571428571428,5.384495062789089,0.5714285714285714,5.356586274672012,0.6285714285714286,3.6635616461296463,0.8428571428571429,1830.0,0.0491803278688524,1.0,216.0,0.0046296296296296,1.0,209.0,0.0095693779904306,1.0,15.0,1.5333333333333334,1.0,0.6335714285714285,medium,,,surajpur,chhattisgarh,False,,,,,,
2024,chhattisgarh,raipur,738.0,52.0,9893.0,8045.0,975.0,9.199683791787654,0.9714285714285714,8.992930352509733,0.9714285714285714,6.883462586413092,0.9714285714285714,6.6052979209482015,0.9714285714285714,3.970291913552122,0.9428571428571428,9892.0,0.0001010917913465,1.0,1004.0,-0.0288844621513944,1.0,736.0,0.0027173913043478,1.0,107.0,-0.514018691588785,1.0,0.9671428571428572,critical,,,raipur,chhattisgarh,False,21.2513844,81.6296413,Raipur,1010087.0,exact,4063872.0
2024,chhattisgarh,raigarh,290.0,13.0,3183.0,2248.0,349.0,8.065893546964274,0.8,7.718240951959316,0.8857142857142857,5.857933154483459,0.7714285714285715,5.673323267171493,0.8,2.6390573296152584,0.4714285714285714,3368.0,-0.0549287410926365,1.0,323.0,0.0804953560371517,1.0,253.0,0.1462450592885375,1.0,23.0,-0.4347826086956521,1.0,0.7535714285714286,high,,,raigarh,chhattisgarh,False,21.8974003,83.3949632,Raigarh,100097.0,exact,1493984.0
2024,chhattisgarh,sarguja,276.0,37.0,3119.0,741.0,384.0,8.045588280803528,0.7714285714285715,6.60934924316738,0.4857142857142857,5.953243334287785,0.8,5.6240175061873385,0.7714285714285715,3.6375861597263857,0.8,2349.0,0.3277990634312473,1.0,313.0,0.2268370607028754,1.0,172.0,0.6046511627906976,1.0,9.0,3.111111111111111,1.0,0.7528571428571429,high,,,sarguja,chhattisgarh,False,,,,,,
2024,chhattisgarh,sakti,240.0,18.0,1495.0,752.0,263.0,7.310550158534422,0.5142857142857142,6.6240652277998935,0.5142857142857142,5.575949103146316,0.6857142857142857,5.484796933490655,0.7428571428571429,2.9444389791664403,0.6285714285714286,1077.0,0.3881151346332405,1.0,190.0,0.3842105263157894,1.0,161.0,0.4906832298136646,1.0,9.0,1.0,1.0,0.5885714285714285,medium,,,sakti,chhattisgarh,False,,,,,,
2024,chhattisgarh,rajnandgaon,226.0,47.0,2157.0,1775.0,227.0,7.67693714581808,0.7428571428571429,7.4821189235521155,0.8,5.429345628954441,0.6,5.424950017481403,0.7142857142857143,3.871201010907891,0.9,2023.0,0.0662382600098863,1.0,206.0,0.1019417475728155,1.0,169.0,0.3372781065088757,1.0,9.0,4.222222222222222,1.0,0.7407142857142857,high,,,rajnandgaon,chhattisgarh,False,21.0971034,81.0302222,Rajnandgaon,263122.0,exact,1537133.0
2024,uttar pradesh,kanpur dehat,78.0,64.0,3544.0,2729.0,582.0,8.173293438966228,0.3636363636363636,7.912056888179006,0.3766233766233766,6.368187186350492,0.3896103896103896,4.3694478524670215,0.0909090909090909,4.174387269895637,0.3246753246753247,3281.0,0.0801584882657726,1.0,540.0,0.0777777777777777,1.0,76.0,0.0263157894736842,1.0,65.0,-0.0153846153846153,1.0,0.337012987012987,low,,,kanpur dehat,uttar pradesh,False,,,,,,1796184.0
2024,chhattisgarh,sukma,42.0,0.0,323.0,183.0,41.0,5.780743515792329,0.0857142857142857,5.214935757608986,0.1428571428571428,3.737669618283368,0.1714285714285714,3.7612001156935615,0.1714285714285714,0.0,0.0571428571428571,294.0,0.0986394557823129,1.0,46.0,-0.108695652173913,1.0,41.0,0.024390243902439,1.0,2.0,-1.0,1.0,0.1128571428571428,low,,,sukma,chhattisgarh,False,,,,,,
2024,himachal pradesh,solan,67.0,1.0,963.0,204.0,131.0,6.871091294610546,0.7222222222222222,5.3230099791384085,0.3611111111111111,4.882801922586371,0.7222222222222222,4.219507705176107,0.6666666666666666,0.6931471805599453,0.2777777777777778,906.0,0.0629139072847682,1.0,97.0,0.3505154639175257,1.0,48.0,0.3958333333333333,1.0,1.0,0.0,1.0,0.6138888888888888,medium,,,solan,himachal pradesh,False,,,,,,580320.0
2024,madhya pradesh,satna,522.0,3.0,5285.0,2520.0,561.0,8.572817095164234,0.6451612903225806,7.83241092718792,0.5645161290322581,6.331501849893691,0.5806451612903226,6.259581464064923,0.7903225806451613,1.3862943611198906,0.4516129032258064,7007.0,-0.2457542457542457,1.0,754.0,-0.2559681697612732,1.0,734.0,-0.2888283378746594,1.0,1.0,2.0,1.0,0.6096774193548387,medium,,,satna,madhya pradesh,False,24.6005075,80.8322428,Satna,283004.0,exact,2228935.0
2024,madhya pradesh,sagar,769.0,8.0,11934.0,3462.0,1379.0,9.387230538772933,0.935483870967742,8.149890544402423,0.7741935483870968,7.22983877815125,0.9516129032258064,6.646390514847729,0.9516129032258064,2.19722457733622,0.6774193548387096,12336.0,-0.0325875486381323,1.0,1244.0,0.1085209003215434,1.0,900.0,-0.1455555555555555,1.0,28.0,-0.7142857142857143,1.0,0.885483870967742,critical,,,sagar,madhya pradesh,False,23.838805,78.7378068,Sagar,370296.0,exact,2378458.0
2024,rajasthan,bhiwadi,142.0,3.0,2329.0,895.0,380.0,7.753623546559746,0.3230769230769231,6.79794041297493,0.3538461538461538,5.942799375126701,0.3076923076923077,4.962844630259907,0.6230769230769231,1.3862943611198906,0.1769230769230769,2537.0,-0.0819865983445013,1.0,348.0,0.0919540229885057,1.0,83.0,0.7108433734939759,1.0,93.0,-0.967741935483871,1.0,0.3311538461538462,low,,,bhiwadi,rajasthan,False,,,,,,
2024,telangana,karimnagar commissionerate,77.0,340.0,5582.0,582.0,605.0,8.62748154531036,0.7096774193548387,6.368187186350492,0.4193548387096774,6.406879986069314,0.6129032258064516,4.356708826689592,0.2903225806451613,5.831882477283517,0.7419354838709677,4585.0,0.2174482006543075,1.0,570.0,0.0614035087719298,1.0,106.0,-0.2735849056603773,1.0,313.0,0.0862619808306709,1.0,0.624193548387097,medium,,,karimnagar,telangana,False,18.438485,79.128931,Karimnagar,261185.0,exact,
2024,telangana,jayashankar bhupalpalli,42.0,89.0,2110.0,578.0,299.0,7.65491704784832,0.2258064516129032,6.361302477572996,0.3870967741935484,5.703782474656201,0.2258064516129032,3.7612001156935615,0.0967741935483871,4.499809670330265,0.2903225806451613,1824.0,0.156798245614035,1.0,237.0,0.2616033755274262,1.0,37.0,0.1351351351351351,1.0,42.0,1.119047619047619,1.0,0.2387096774193548,low,,,jayashankar bhupalpalli,telangana,False,,,,,,
2024,telangana,jogulamba gadwal,74.0,70.0,1650.0,358.0,211.0,7.409136443920128,0.1612903225806451,5.883322388488279,0.0967741935483871,5.356586274672012,0.0967741935483871,4.31748811353631,0.2580645161290322,4.262679877041316,0.2258064516129032,1303.0,0.2663085188027628,1.0,198.0,0.0656565656565656,1.0,83.0,-0.108433734939759,1.0,32.0,1.1875,1.0,0.1612903225806451,low,,,jogulamba gadwal,telangana,False,,,,,,
2024,tamil nadu,vellore,133.0,90.0,4745.0,4907.0,194.0,8.465057436995709,0.7450980392156863,8.498621805830801,0.4117647058823529,5.272999558563747,0.4509803921568627,4.897839799950911,0.3039215686274509,4.51085950651685,0.7254901960784313,4631.0,0.0246167134528179,1.0,129.0,0.5038759689922481,1.0,72.0,0.8472222222222222,1.0,48.0,0.875,1.0,0.6058823529411764,medium,,,vellore,tamil nadu,False,12.9165167,79.1324986,Vellore,481966.0,exact,3936331.0
2024,himachal pradesh,sirmaur,83.0,2.0,952.0,464.0,162.0,6.859614903654202,0.6111111111111112,6.142037405587356,0.7222222222222222,5.093750200806762,0.7777777777777778,4.430816798843313,0.8333333333333334,1.0986122886681098,0.4722222222222222,1027.0,-0.0730282375851996,1.0,143.0,0.1328671328671328,1.0,67.0,0.2388059701492537,1.0,2.0,0.0,1.0,0.6569444444444444,medium,,,sirmaur,himachal pradesh,False,,,,,,529855.0
2024,telangana,kamareddy,95.0,208.0,3925.0,629.0,547.0,8.275376374836407,0.5161290322580645,6.4457198193855785,0.4838709677419355,6.306275286948016,0.5483870967741935,4.564348191467836,0.3548387096774194,5.342334251964811,0.5483870967741935,3507.0,0.1191901910464784,1.0,370.0,0.4783783783783784,1.0,31.0,2.064516129032258,1.0,243.0,-0.1440329218106996,1.0,0.5080645161290323,medium,,,kamareddy,telangana,False,,,,,,
2024,himachal pradesh,una,42.0,2.0,981.0,433.0,103.0,6.889591308354466,0.7777777777777778,6.073044534100405,0.6666666666666666,4.6443908991413725,0.6111111111111112,3.7612001156935615,0.5,1.0986122886681098,0.4722222222222222,881.0,0.1135073779795686,1.0,120.0,-0.1416666666666666,1.0,48.0,-0.125,1.0,4.0,-0.5,1.0,0.6597222222222223,medium,,,una,himachal pradesh,False,,,,,,521173.0
2024,himachal pradesh,lahaul spiti,1.0,2.0,62.0,81.0,1.0,4.143134726391533,0.2222222222222222,4.406719247264253,0.1666666666666666,0.6931471805599453,0.2222222222222222,0.6931471805599453,0.1944444444444444,1.0986122886681098,0.4722222222222222,80.0,-0.225,1.0,2.0,-0.5,1.0,1.0,0.0,1.0,1.0,1.0,1.0,0.2513888888888889,low,,,lahaul spiti,himachal pradesh,False,,,,,,
2024,himachal pradesh,total districts,794.0,148.0,12071.0,5844.0,1605.0,9.398644000447684,1.0,8.67334187390617,1.0,7.381501894506707,1.0,6.678342114654332,1.0,5.003946305945459,1.0,13505.0,-0.1061828952239911,1.0,1604.0,0.0006234413965087,1.0,704.0,0.1278409090909091,1.0,127.0,0.1653543307086614,1.0,1.0,critical,,,total districts,himachal pradesh,True,,,,,,
2024,telangana,bhadradri kothagudem,242.0,253.0,4295.0,856.0,836.0,8.3654396361887,0.5806451612903226,6.75343791859778,0.7096774193548387,6.729824070489475,0.7419354838709677,5.493061443340548,0.8064516129032258,5.537334267018537,0.6774193548387096,4065.0,0.056580565805658,1.0,881.0,-0.0510783200908059,1.0,288.0,-0.1597222222222222,1.0,156.0,0.6217948717948718,1.0,0.6629032258064516,medium,,,bhadradri kothagudem,telangana,False,,,,,,
2024,tamil nadu,virudhunagar,345.0,46.0,4256.0,9117.0,376.0,8.356319965828153,0.5980392156862745,9.118005760773388,0.8431372549019608,5.932245187448011,0.9019607843137256,5.846438775057725,0.9019607843137256,3.8501476017100575,0.2941176470588235,4781.0,-0.109809663250366,1.0,350.0,0.0742857142857142,1.0,274.0,0.2591240875912409,1.0,42.0,0.0952380952380952,1.0,0.6681372549019609,medium,,,virudhunagar,tamil nadu,False,9.451559,77.554355,Rajapalayam,130442.0,exact,1942288.0
2024,tamil nadu,villupuram,265.0,93.0,6290.0,14202.0,308.0,8.74687531957003,0.8823529411764706,9.561208488881128,0.9411764705882352,5.733341276897746,0.7647058823529411,5.583496308781699,0.803921568627451,4.543294782270004,0.7647058823529411,6938.0,-0.0933986739694436,1.0,201.0,0.5323383084577115,1.0,113.0,1.345132743362832,1.0,101.0,-0.0792079207920792,1.0,0.8392156862745099,high,,,villupuram,tamil nadu,False,11.9368897,79.4872619,Viluppuram,96253.0,fuzzy:viluppuram,
2024,uttar pradesh,maharajganj,118.0,76.0,4779.0,2371.0,494.0,8.472195825485501,0.5064935064935064,7.771488760117616,0.3246753246753247,6.20455776256869,0.2857142857142857,4.77912349311153,0.1948051948051948,4.343805421853684,0.4545454545454545,5022.0,-0.0483870967741935,1.0,539.0,-0.0834879406307977,1.0,125.0,-0.056,1.0,66.0,0.1515151515151515,1.0,0.4051948051948052,medium,,,maharajganj,uttar pradesh,False,,,,,,
2024,uttar pradesh,lucknow commissionarate,892.0,1292.0,14471.0,16954.0,2591.0,9.579971027075132,0.974025974025974,9.73831805455974,0.987012987012987,7.860185057472165,0.987012987012987,6.794586580876499,0.948051948051948,7.164720378771857,0.987012987012987,16009.0,-0.0960709600849522,1.0,2869.0,-0.0968978738236319,1.0,844.0,0.0568720379146919,1.0,1453.0,-0.1108052305574673,1.0,0.9772727272727272,critical,,,lucknow,uttar pradesh,False,26.8466937,80.946166,Lucknow,2901474.0,exact,4589838.0
2024,chhattisgarh,dantewara,24.0,9.0,365.0,120.0,32.0,5.902633333401366,0.1142857142857142,4.795790545596741,0.0857142857142857,3.49650756146648,0.0571428571428571,3.218875824868201,0.0571428571428571,2.302585092994046,0.2857142857142857,444.0,-0.1779279279279279,1.0,74.0,-0.5675675675675675,1.0,61.0,-0.6065573770491803,1.0,11.0,-0.1818181818181818,1.0,0.12,low,,,dantewara,chhattisgarh,False,,,,,,
2024,chhattisgarh,bizapur,29.0,0.0,401.0,130.0,36.0,5.996452088619021,0.1428571428571428,4.875197323201151,0.1142857142857142,3.610917912644224,0.1142857142857142,3.4011973816621555,0.1,0.0,0.0571428571428571,379.0,0.0580474934036939,1.0,49.0,-0.2653061224489796,1.0,29.0,0.0,1.0,7.0,-1.0,1.0,0.1171428571428571,low,,,bizapur,chhattisgarh,False,,,,,,
2024,uttar pradesh,lalitpur,0.0,64.0,3370.0,3847.0,126.0,8.12296471523406,0.3116883116883117,8.255308811785596,0.7142857142857143,4.844187086458591,0.0389610389610389,0.0,0.0129870129870129,4.174387269895637,0.3246753246753247,2109.0,0.5979137031768611,1.0,185.0,-0.3189189189189189,1.0,49.0,-1.0,1.0,38.0,0.6842105263157895,1.0,0.2694805194805195,low,,,lalitpur,uttar pradesh,False,24.6878597,78.4120206,Lalitpur,133041.0,exact,1221592.0
2024,uttar pradesh,mainpuri,231.0,46.0,3474.0,4328.0,683.0,8.153349757998892,0.3246753246753247,8.37309184744198,0.7662337662337663,6.52795791762255,0.461038961038961,5.44673737166631,0.5194805194805194,3.8501476017100575,0.1558441558441558,5126.0,-0.3222785797893094,1.0,536.0,0.2742537313432835,1.0,113.0,1.0442477876106195,1.0,29.0,0.5862068965517241,1.0,0.3902597402597403,low,,,mainpuri,uttar pradesh,False,27.2284986,79.0249516,Mainpuri,133078.0,exact,1868529.0
2024,chhattisgarh,mahasamund,221.0,33.0,1982.0,1302.0,302.0,7.592366128519796,0.6857142857142857,7.172424577124845,0.6571428571428571,5.713732805509369,0.7428571428571429,5.402677381872279,0.6857142857142857,3.5263605246161616,0.7571428571428571,1534.0,0.2920469361147327,1.0,212.0,0.4245283018867924,1.0,140.0,0.5785714285714286,1.0,1.0,32.0,1.0,0.7050000000000001,high,,,mahasamund,chhattisgarh,False,21.1091317,82.0979023,Mahasamund,96850.0,exact,1032754.0
2024,chhattisgarh,manendragarh chirmiri bharatpur,107.0,16.0,1134.0,507.0,171.0,7.034387929915503,0.3428571428571428,6.230481447578482,0.3142857142857143,5.147494476813453,0.4285714285714285,4.68213122712422,0.3142857142857143,2.833213344056216,0.5714285714285714,1591.0,-0.2872407291011942,1.0,200.0,-0.145,1.0,140.0,-0.2357142857142857,1.0,2.0,7.0,1.0,0.3885714285714285,low,,,manendragarh chirmiri bharatpur,chhattisgarh,False,,,,,,
2024,manipur,churachandpur,5.0,0.0,310.0,17.0,5.0,5.739792912179234,0.7368421052631579,2.8903717578961645,0.5,1.791759469228055,0.5789473684210527,1.791759469228055,0.631578947368421,0.0,0.4473684210526316,3223.0,-0.9038163201985728,1.0,0.0,0.0,1.0,1.0,4.0,1.0,0.0,0.0,1.0,0.6276315789473684,medium,,,churachandpur,manipur,False,,,,,,274143.0
2024,uttar pradesh,khiri,448.0,56.0,7391.0,5434.0,941.0,8.90815361332152,0.7272727272727273,8.60061479955531,0.8441558441558441,6.848005274576363,0.6363636363636364,6.107022887742255,0.8311688311688312,4.04305126783455,0.2337662337662337,6417.0,0.1517843228923172,1.0,561.0,0.6773618538324421,1.0,332.0,0.3493975903614458,1.0,37.0,0.5135135135135135,1.0,0.6571428571428571,medium,,,khiri,uttar pradesh,False,,,,,,
2024,chhattisgarh,mohla manpur ambagarh chouki,41.0,5.0,300.0,423.0,34.0,5.707110264748875,0.0571428571428571,6.049733455231958,0.2571428571428571,3.555348061489413,0.0857142857142857,3.737669618283368,0.1428571428571428,1.791759469228055,0.2,332.0,-0.0963855421686747,1.0,57.0,-0.4035087719298245,1.0,48.0,-0.1458333333333333,1.0,1.0,4.0,1.0,0.1128571428571428,low,,,mohla manpur ambagarh chouki,chhattisgarh,False,,,,,,
2024,chhattisgarh,mungali,170.0,38.0,1156.0,1107.0,173.0,7.053585727193677,0.3714285714285714,7.010311867307229,0.6,5.159055299214529,0.4714285714285714,5.14166355650266,0.5428571428571428,3.6635616461296463,0.8428571428571429,991.0,0.1664984863773965,1.0,182.0,-0.0494505494505494,1.0,147.0,0.1564625850340136,1.0,2.0,18.0,1.0,0.5021428571428572,medium,,,mungali,chhattisgarh,False,,,,,,
2024,chhattisgarh,narayanpur,29.0,0.0,234.0,67.0,39.0,5.459585514144159,0.0285714285714285,4.219507705176107,0.0285714285714285,3.688879454113936,0.1428571428571428,3.4011973816621555,0.1,0.0,0.0571428571428571,245.0,-0.0448979591836734,1.0,43.0,-0.0930232558139534,1.0,36.0,-0.1944444444444444,1.0,1.0,-1.0,1.0,0.0628571428571428,low,,,narayanpur,chhattisgarh,False,,,,,,139820.0
2024,manipur,cid,4.0,4.0,44.0,4.0,5.0,3.80666248977032,0.4736842105263157,1.6094379124341005,0.2105263157894736,1.791759469228055,0.5789473684210527,1.6094379124341005,0.5789473684210527,1.6094379124341005,0.9473684210526316,44.0,0.0,1.0,5.0,0.0,1.0,0.0,0.0,1.0,0.0,0.0,1.0,0.5499999999999999,medium,,,cid,manipur,True,,,,,,
2024,uttar pradesh,kushi nagar,792.0,176.0,7134.0,3109.0,983.0,8.872767529910936,0.7142857142857143,8.04237800517328,0.5064935064935064,6.891625897052253,0.6623376623376623,6.675823221634848,0.922077922077922,5.176149732573829,0.7922077922077922,7458.0,-0.0434432823813354,1.0,999.0,-0.016016016016016,1.0,422.0,0.8767772511848341,1.0,130.0,0.3538461538461538,1.0,0.7155844155844155,high,,,kushinagar,uttar pradesh,False,,,,,,3564544.0
2024,maharashtra,yavatmal,483.0,2.0,10778.0,13051.0,1168.0,9.285355075781627,0.84,9.47669665771321,0.96,7.063903961472068,0.74,6.182084906716632,0.68,1.0986122886681098,0.07,11894.0,-0.093828821254414,1.0,1168.0,0.0,1.0,318.0,0.5188679245283019,1.0,48.0,-0.9583333333333334,1.0,0.7005,high,,,yavatmal,maharashtra,False,20.3887937,78.1204073,Yavatmal,138303.0,exact,2772348.0
2024,punjab,fatehgarh sahib,39.0,5.0,1088.0,278.0,117.0,6.9930151229329605,0.4571428571428571,5.631211781821365,0.2,4.770684624465665,0.4285714285714285,3.688879454113936,0.2285714285714285,1.791759469228055,0.2285714285714285,950.0,0.1452631578947368,1.0,135.0,-0.1333333333333333,1.0,57.0,-0.3157894736842105,1.0,3.0,0.6666666666666666,1.0,0.3685714285714286,low,,,fatehgarh sahib,punjab,False,,,,,,600163.0
2024,telangana,nagarkurnool,148.0,113.0,2527.0,372.0,417.0,7.8351837552667485,0.3225806451612903,5.921578419643816,0.1612903225806451,6.035481432524756,0.4193548387096774,5.003946305945459,0.532258064516129,4.736198448394496,0.4193548387096774,2306.0,0.095836947094536,1.0,409.0,0.0195599022004889,1.0,129.0,0.1472868217054263,1.0,83.0,0.3614457831325301,1.0,0.3612903225806452,low,,,nagarkurnool,telangana,False,,,,,,
2024,telangana,mahabubnagar,176.0,125.0,3146.0,646.0,474.0,8.054204897064407,0.4193548387096774,6.472346294500901,0.5161290322580645,6.163314804034641,0.4838709677419355,5.176149732573829,0.7258064516129032,4.836281906951478,0.4516129032258064,3126.0,0.0063979526551503,1.0,431.0,0.099767981438515,1.0,169.0,0.0414201183431952,1.0,152.0,-0.1776315789473684,1.0,0.4774193548387097,medium,,,mahabubnagar,telangana,False,16.748788,78.003626,Mahbubnagar,157733.0,fuzzy:mahbubnagar,
2024,telangana,medak,112.0,105.0,3595.0,430.0,387.0,8.18757739559151,0.4838709677419355,6.066108090103747,0.2580645161290322,5.961005339623274,0.3225806451612903,4.727387818712341,0.4516129032258064,4.663439094112067,0.3387096774193548,2864.0,0.2552374301675977,1.0,373.0,0.0375335120643431,1.0,104.0,0.0769230769230769,1.0,133.0,-0.2105263157894736,1.0,0.4040322580645161,medium,,,medak,telangana,False,18.101864,78.851948,Siddipet,113358.0,exact,
2024,tamil nadu,total districts,10046.0,5793.0,197149.0,308605.0,11363.0,12.191720139305772,1.0,12.639820661366391,1.0,9.33820574297408,1.0,9.215029361462314,1.0,8.664578178329295,1.0,203804.0,-0.0326539223960275,1.0,8943.0,0.2706027060270602,1.0,6968.0,0.4417336394948335,1.0,4121.0,0.4057267653482164,1.0,1.0,critical,,,total districts,tamil nadu,True,,,,,,
2024,tamil nadu,trichy,194.0,51.0,4941.0,3762.0,311.0,8.505525386548555,0.7843137254901961,8.232971790593437,0.2549019607843137,5.7430031878094825,0.7843137254901961,5.272999558563747,0.5098039215686274,3.951243718581428,0.392156862745098,4977.0,-0.0072332730560578,1.0,201.0,0.5472636815920398,1.0,161.0,0.2049689440993788,1.0,33.0,0.5454545454545454,1.0,0.6450980392156863,medium,,,trichy,tamil nadu,False,,,,,,
2024,jammu kashmir,baramulla,21.0,0.0,1111.0,217.0,186.0,7.013915474810528,0.7837837837837838,5.384495062789089,0.8648648648648649,5.231108616854587,0.8378378378378378,3.091042453358316,0.5675675675675675,0.0,0.2702702702702703,1104.0,0.0063405797101449,1.0,166.0,0.1204819277108433,1.0,44.0,-0.5227272727272727,1.0,0.0,0.0,1.0,0.7040540540540541,high,,,baramulla,jammu and kashmir,False,,,,,,
2024,jammu kashmir,bandipora,18.0,2.0,565.0,157.0,126.0,6.338594078203183,0.5675675675675675,5.062595033026967,0.7837837837837838,4.844187086458591,0.7297297297297297,2.9444389791664403,0.5405405405405406,1.0986122886681098,0.6621621621621622,468.0,0.2072649572649572,1.0,111.0,0.1351351351351351,1.0,14.0,0.2857142857142857,1.0,2.0,0.0,1.0,0.6331081081081081,medium,,,bandipora,jammu and kashmir,False,,,,,,
2024,madhya pradesh,neemuch,163.0,4.0,2505.0,1831.0,297.0,7.826443135456014,0.2580645161290322,7.513163545234075,0.4032258064516129,5.697093486505405,0.2580645161290322,5.099866427824199,0.1854838709677419,1.6094379124341005,0.5,2589.0,-0.0324449594438006,1.0,295.0,0.0067796610169491,1.0,143.0,0.1398601398601398,1.0,3.0,0.3333333333333333,1.0,0.3016129032258065,low,,,neemuch,madhya pradesh,False,24.4763852,74.8624092,Neemuch,128575.0,exact,826067.0
2024,tamil nadu,trichy city,111.0,65.0,2013.0,9357.0,108.0,7.607878073278507,0.2156862745098039,9.14398687142616,0.8627450980392157,4.691347882229144,0.196078431372549,4.718498871295094,0.196078431372549,4.189654742026425,0.6176470588235294,2367.0,-0.1495564005069708,1.0,119.0,-0.0924369747899159,1.0,96.0,0.15625,1.0,22.0,1.9545454545454544,1.0,0.3348039215686275,low,,,trichy,tamil nadu,False,,,,,,
2024,rajasthan,dholpur,119.0,4.0,5105.0,1667.0,842.0,8.53817159780143,0.8153846153846154,7.419380582918692,0.676923076923077,6.736966958001855,0.8,4.787491742782046,0.4923076923076923,1.6094379124341005,0.2384615384615384,4785.0,0.0668756530825496,1.0,805.0,0.0459627329192546,1.0,131.0,-0.0916030534351145,1.0,5.0,-0.2,1.0,0.6796153846153846,medium,,,dholpur,rajasthan,False,26.7025181,77.893391,Dholpur,133075.0,exact,
2024,rajasthan,didwana kuchaman,118.0,16.0,2614.0,845.0,577.0,7.869019376499023,0.4307692307692308,6.740519359606223,0.3230769230769231,6.359573868672378,0.4923076923076923,4.77912349311153,0.4769230769230769,2.833213344056216,0.5076923076923077,3172.0,-0.1759142496847414,1.0,665.0,-0.1323308270676691,1.0,127.0,-0.0708661417322834,1.0,3.0,4.333333333333333,1.0,0.4484615384615384,medium,,,didwana kuchaman,rajasthan,False,,,,,,
2024,rajasthan,dudu,31.0,1.0,855.0,145.0,109.0,6.752270376141742,0.123076923076923,4.983606621708336,0.1076923076923077,4.700480365792417,0.1384615384615384,3.4657359027997265,0.1692307692307692,0.6931471805599453,0.0923076923076923,1187.0,-0.2796967144060657,1.0,153.0,-0.2875816993464052,1.0,49.0,-0.3673469387755102,1.0,2.0,-0.5,1.0,0.1246153846153846,low,,,dudu,rajasthan,False,,,,,,
2024,rajasthan,bikaner,105.0,9.0,5599.0,2520.0,999.0,8.630521876723241,0.8769230769230769,7.83241092718792,0.8615384615384616,6.907755278982137,0.9076923076923076,4.663439094112067,0.4307692307692308,2.302585092994046,0.3692307692307692,6196.0,-0.0963524854744996,1.0,1425.0,-0.2989473684210526,1.0,164.0,-0.3597560975609756,1.0,52.0,-0.8269230769230769,1.0,0.7607692307692309,high,,,bikaner,rajasthan,False,28.0229348,73.3119159,Bikaner,644406.0,exact,2363937.0
2024,madhya pradesh,narsinghpur,334.0,9.0,3905.0,4803.0,564.0,8.270269111436624,0.5,8.477204183199873,0.9193548387096774,6.336825731146441,0.6129032258064516,5.814130531825066,0.5403225806451613,2.302585092994046,0.7258064516129032,3536.0,0.1043552036199095,1.0,499.0,0.1302605210420841,1.0,284.0,0.176056338028169,1.0,7.0,0.2857142857142857,1.0,0.6024193548387097,medium,,,narsinghpur,madhya pradesh,False,,,,,,
2024,madhya pradesh,narmadapuram,454.0,0.0,4987.0,2752.0,589.0,8.514790306799927,0.6129032258064516,7.920446505142607,0.6612903225806451,6.380122536899765,0.6451612903225806,6.12029741895095,0.7419354838709677,0.0,0.1693548387096774,4805.0,0.0378772112382934,1.0,562.0,0.0480427046263345,1.0,432.0,0.0509259259259259,1.0,2.0,-1.0,1.0,0.5705645161290323,medium,,,narmadapuram,madhya pradesh,False,,,,,,
2024,madhya pradesh,morena,309.0,0.0,5518.0,1714.0,430.0,8.615951963439501,0.7096774193548387,7.44716835960004,0.3225806451612903,6.066108090103747,0.4677419354838709,5.736572297479192,0.4354838709677419,0.0,0.1693548387096774,6907.0,-0.2011003329955118,1.0,547.0,-0.2138939670932358,1.0,359.0,-0.1392757660167131,1.0,0.0,0.0,1.0,0.5141129032258065,medium,,,morena,madhya pradesh,False,26.4933562,77.9909949,Morena,200506.0,exact,1965970.0
2024,chhattisgarh,jashpur,220.0,24.0,1376.0,561.0,252.0,7.227662498728654,0.4571428571428571,6.331501849893691,0.3714285714285714,5.53338948872752,0.6571428571428571,5.3981627015177525,0.6571428571428571,3.218875824868201,0.6857142857142857,1290.0,0.0666666666666666,1.0,206.0,0.2233009708737864,1.0,172.0,0.2790697674418604,1.0,15.0,0.6,1.0,0.5428571428571428,medium,,,jashpur,chhattisgarh,False,,,,,,851669.0
2024,manipur,imphal west,32.0,1.0,1794.0,97.0,75.0,7.492760300922379,0.9473684210526316,4.584967478670572,0.8947368421052632,4.330733340286331,0.9473684210526316,3.49650756146648,0.9473684210526316,0.6931471805599453,0.8947368421052632,3897.0,-0.5396458814472671,1.0,74.0,0.0135135135135135,1.0,24.0,0.3333333333333333,1.0,1.0,0.0,1.0,0.9342105263157894,critical,,,imphal west,manipur,False,,,,,,517992.0
2024,manipur,pherzawl,0.0,0.0,21.0,0.0,0.0,3.091042453358316,0.3157894736842105,0.0,0.0526315789473684,0.0,0.1578947368421052,0.0,0.131578947368421,0.0,0.4473684210526316,14.0,0.5,1.0,0.0,0.0,1.0,0.0,0.0,1.0,0.0,0.0,1.0,0.2592105263157894,low,,,pherzawl,manipur,False,,,,,,
2024,manipur,kangpokpi,2.0,0.0,144.0,214.0,0.0,4.976733742420574,0.5789473684210527,5.3706380281276624,0.9473684210526316,0.0,0.1578947368421052,1.0986122886681098,0.4736842105263157,0.0,0.4473684210526316,1126.0,-0.872113676731794,1.0,2.0,-1.0,1.0,2.0,0.0,1.0,1.0,-1.0,1.0,0.5013157894736842,medium,,,kangpokpi,manipur,False,,,,,,
2024,manipur,narcotic,0.0,0.0,0.0,7.0,0.0,0.0,0.0526315789473684,2.079441541679836,0.3157894736842105,0.0,0.1578947368421052,0.0,0.131578947368421,0.0,0.4473684210526316,0.0,0.0,1.0,0.0,0.0,1.0,0.0,0.0,1.0,0.0,0.0,1.0,0.1671052631578947,low,,,narcotic,manipur,False,,,,,,
2024,punjab,bureau of investigation,0.0,1.0,28.0,12.0,2.0,3.367295829986474,0.1142857142857142,2.5649493574615367,0.0571428571428571,1.0986122886681098,0.0857142857142857,0.0,0.0714285714285714,0.6931471805599453,0.1142857142857142,6.0,3.6666666666666665,1.0,1.0,1.0,1.0,0.0,0.0,1.0,0.0,0.0,1.0,0.0985714285714285,low,,,bureau of investigation,punjab,False,,,,,,
2024,punjab,batala,74.0,14.0,1266.0,554.0,150.0,7.144407180321139,0.5142857142857142,6.318968113746434,0.4,5.017279836814924,0.5428571428571428,4.31748811353631,0.5714285714285714,2.70805020110221,0.4571428571428571,1203.0,0.0523690773067331,1.0,139.0,0.079136690647482,1.0,56.0,0.3214285714285714,1.0,14.0,0.0,1.0,0.5057142857142857,medium,,,batala,punjab,False,,,,,,
2024,punjab,bathinda,107.0,20.0,1904.0,986.0,176.0,7.552237287560802,0.6857142857142857,6.894670039433482,0.8285714285714286,5.176149732573829,0.6857142857142857,4.68213122712422,0.7714285714285715,3.044522437723423,0.6285714285714286,2445.0,-0.2212678936605317,1.0,257.0,-0.3151750972762646,1.0,127.0,-0.1574803149606299,1.0,18.0,0.1111111111111111,1.0,0.7000000000000001,high,,,bathinda,punjab,False,30.210994,74.9454745,Bathinda,285788.0,exact,1388525.0
2024,chhattisgarh,janjgir,391.0,33.0,3350.0,1793.0,442.0,8.11701408773731,0.8571428571428571,7.492203042618741,0.8285714285714286,6.093569770045136,0.8571428571428571,5.971261839790462,0.8571428571428571,3.5263605246161616,0.7571428571428571,3235.0,0.035548686244204,1.0,464.0,-0.0474137931034482,1.0,350.0,0.1171428571428571,1.0,19.0,0.7368421052631579,1.0,0.8392857142857143,high,,,janjgir,chhattisgarh,False,,,,,,
2024,chhattisgarh,jagdalpur,163.0,47.0,1701.0,737.0,184.0,7.43955930913332,0.6285714285714286,6.6039438246004725,0.4571428571428571,5.220355825078324,0.5142857142857142,5.099866427824199,0.4571428571428571,3.871201010907891,0.9,1364.0,0.2470674486803519,1.0,169.0,0.0887573964497041,1.0,129.0,0.2635658914728682,1.0,29.0,0.6206896551724138,1.0,0.6121428571428571,medium,,,jagdalpur,chhattisgarh,False,,,,,,
2024,chhattisgarh,khairagarh chhuikhadan gandai,87.0,10.0,925.0,669.0,115.0,6.83087423464618,0.2857142857142857,6.507277712385012,0.4285714285714285,4.7535901911063645,0.2285714285714285,4.477336814478207,0.2,2.3978952727983707,0.3142857142857143,933.0,-0.0085744908896034,1.0,94.0,0.2234042553191489,1.0,78.0,0.1153846153846153,1.0,6.0,0.6666666666666666,1.0,0.2842857142857143,low,,,khairagarh chhuikhadan gandai,chhattisgarh,False,,,,,,
2024,chhattisgarh,bilaspur,669.0,69.0,8009.0,5220.0,971.0,8.988446040062405,0.9428571428571428,8.560444233410552,0.9428571428571428,6.879355804460439,0.9428571428571428,6.507277712385012,0.9428571428571428,4.248495242049359,0.9714285714285714,7265.0,0.1024088093599449,1.0,748.0,0.2981283422459893,1.0,233.0,1.871244635193133,1.0,24.0,1.875,1.0,0.9471428571428572,critical,,,bilaspur,chhattisgarh,False,22.0796251,82.1391412,Bilaspur,330106.0,exact,2663629.0
2024,chhattisgarh,kabirdham,184.0,8.0,2032.0,1184.0,245.0,7.617267813628347,0.7142857142857143,7.077498053569231,0.6285714285714286,5.5053315359323625,0.6285714285714286,5.220355825078324,0.5714285714285714,2.19722457733622,0.2571428571428571,1661.0,0.2233594220349187,1.0,215.0,0.1395348837209302,1.0,183.0,0.0054644808743169,1.0,9.0,-0.1111111111111111,1.0,0.6057142857142858,medium,,,kabirdham,chhattisgarh,False,,,,,,
2024,chhattisgarh,kondagaon,98.0,1.0,816.0,332.0,118.0,6.705639094860003,0.2285714285714285,5.808142489980444,0.2,4.77912349311153,0.2571428571428571,4.59511985013459,0.2857142857142857,0.6931471805599453,0.1285714285714285,722.0,0.1301939058171745,1.0,120.0,-0.0166666666666666,1.0,96.0,0.0208333333333333,1.0,4.0,-0.75,1.0,0.2221428571428571,low,,,kondagaon,chhattisgarh,False,,,,,,
2024,chhattisgarh,kanker,169.0,12.0,1099.0,578.0,169.0,7.003065458786462,0.3142857142857143,6.361302477572996,0.4,5.135798437050262,0.4,5.135798437050262,0.5142857142857142,2.5649493574615367,0.4,1182.0,-0.0702199661590524,1.0,171.0,-0.0116959064327485,1.0,160.0,0.05625,1.0,14.0,-0.1428571428571428,1.0,0.3728571428571429,low,,,kanker,chhattisgarh,False,20.0399913,80.6271415,Pakhanjore,142240.0,exact,
2024,uttar pradesh,mahoba,211.0,16.0,1444.0,3242.0,332.0,7.275864600546533,0.0259740259740259,8.084254106307318,0.5584415584415584,5.808142489980444,0.0909090909090909,5.356586274672012,0.4675324675324675,2.833213344056216,0.0259740259740259,1102.0,0.3103448275862069,1.0,255.0,0.3019607843137254,1.0,139.0,0.5179856115107914,1.0,13.0,0.2307692307692307,1.0,0.1363636363636363,low,,,mahoba,uttar pradesh,False,25.2920964,79.8724168,Mahoba,95216.0,exact,875958.0
2024,madhya pradesh,niwari,135.0,5.0,1606.0,1036.0,191.0,7.382124365737512,0.1290322580645161,6.944087208229528,0.1612903225806451,5.2574953720277815,0.1290322580645161,4.912654885736052,0.1290322580645161,1.791759469228055,0.5483870967741935,1531.0,0.0489875898105813,1.0,146.0,0.3082191780821918,1.0,105.0,0.2857142857142857,1.0,0.0,0.0,1.0,0.1951612903225806,low,,,niwari,madhya pradesh,False,,,,,,
2024,rajasthan,chittorgarh,133.0,0.0,4287.0,2076.0,737.0,8.363575702750637,0.6923076923076923,7.638679823876112,0.7692307692307693,6.6039438246004725,0.6923076923076923,4.897839799950911,0.5615384615384615,0.0,0.0461538461538461,4742.0,-0.0959510754955714,1.0,1097.0,-0.3281677301731996,1.0,112.0,0.1875,1.0,3.0,-1.0,1.0,0.5900000000000001,medium,,,chittorgarh,rajasthan,False,24.8887435,74.6269216,Chittorgarh,154439.0,exact,
2024,rajasthan,bundi,142.0,12.0,3363.0,2039.0,639.0,8.120886021092838,0.5230769230769231,7.620705086838262,0.7384615384615385,6.461468176353717,0.5384615384615384,4.962844630259907,0.6230769230769231,2.5649493574615367,0.4384615384615384,3618.0,-0.0704809286898839,1.0,794.0,-0.1952141057934509,1.0,151.0,-0.0596026490066225,1.0,7.0,0.7142857142857143,1.0,0.545,medium,,,bundi,rajasthan,False,25.4305144,75.6499025,Bundi,104457.0,exact,1110906.0
2024,rajasthan,churu,171.0,14.0,3408.0,1745.0,757.0,8.134174272137903,0.5384615384615384,7.465082736399547,0.6923076923076923,6.630683385642372,0.7230769230769231,5.147494476813453,0.676923076923077,2.70805020110221,0.4923076923076923,3966.0,-0.1406959152798789,1.0,869.0,-0.1288837744533947,1.0,250.0,-0.316,1.0,22.0,-0.3636363636363636,1.0,0.5976923076923076,medium,,,churu,rajasthan,False,28.2920484,74.9617924,Churu,120157.0,exact,2039547.0
2024,jammu kashmir,cice jammu,0.0,10.0,0.0,10.0,0.0,0.0,0.0945945945945946,2.3978952727983707,0.2702702702702703,0.0,0.1486486486486486,0.0,0.1621621621621621,2.3978952727983707,0.8918918918918919,0.0,0.0,1.0,0.0,0.0,1.0,0.0,0.0,1.0,20.0,-0.5,1.0,0.2493243243243243,low,,,cice jammu,jammu and kashmir,False,,,,,,
2024,jammu kashmir,cice kashmir,0.0,5.0,0.0,5.0,1.0,0.0,0.0945945945945946,1.791759469228055,0.2027027027027027,0.6931471805599453,0.3108108108108108,0.0,0.1621621621621621,1.791759469228055,0.8243243243243243,0.0,0.0,1.0,0.0,0.0,1.0,0.0,0.0,1.0,8.0,-0.375,1.0,0.2648648648648649,low,,,cice kashmir,jammu and kashmir,False,,,,,,
2024,jammu kashmir,cyber crime jammu,0.0,25.0,0.0,25.0,0.0,0.0,0.0945945945945946,3.258096538021482,0.3243243243243243,0.0,0.1486486486486486,0.0,0.1621621621621621,3.258096538021482,0.945945945945946,0.0,0.0,1.0,0.0,0.0,1.0,0.0,0.0,1.0,64.0,-0.609375,1.0,0.2628378378378379,low,,,cyber crime jammu,jammu and kashmir,False,,,,,,
2024,jammu kashmir,cyber crime kashmir,1.0,30.0,0.0,30.0,22.0,0.0,0.0945945945945946,3.4339872044851463,0.3513513513513513,3.1354942159291497,0.3513513513513513,0.6931471805599453,0.3378378378378378,3.4339872044851463,0.972972972972973,0.0,0.0,1.0,30.0,-0.2666666666666666,1.0,2.0,-0.5,1.0,40.0,-0.25,1.0,0.3277027027027027,low,,,cyber crime kashmir,jammu and kashmir,False,,,,,,
2024,jammu kashmir,budgam,36.0,0.0,1204.0,148.0,308.0,7.094234845924755,0.8378378378378378,5.003946305945459,0.7297297297297297,5.733341276897746,0.918918918918919,3.610917912644224,0.7432432432432432,0.0,0.2702702702702703,1161.0,0.037037037037037,1.0,269.0,0.1449814126394052,1.0,29.0,0.2413793103448276,1.0,0.0,0.0,1.0,0.7486486486486487,high,,,budgam,jammu and kashmir,False,,,,,,
2024,tamil nadu,tiruppattur,223.0,27.0,3298.0,6261.0,182.0,8.101374671228582,0.3725490196078431,8.742254901886351,0.6078431372549019,5.209486152841421,0.4117647058823529,5.41164605185504,0.6078431372549019,3.332204510175204,0.196078431372549,1854.0,0.778856526429342,1.0,85.0,1.1411764705882352,1.0,104.0,1.1442307692307692,1.0,11.0,1.4545454545454546,1.0,0.4009803921568627,medium,,,tiruppattur,tamil nadu,False,,,,,,
2024,tamil nadu,thoothukudi,196.0,106.0,6344.0,5788.0,336.0,8.755422380148488,0.9019607843137256,8.663714844079005,0.5686274509803921,5.820082930352362,0.803921568627451,5.2832037287379885,0.5294117647058824,4.672828834461906,0.803921568627451,5852.0,0.0840738209159261,1.0,234.0,0.4358974358974359,1.0,131.0,0.4961832061068702,1.0,88.0,0.2045454545454545,1.0,0.7970588235294118,high,,,thoothukudi,tamil nadu,False,9.1674144,77.8767442,Kovilpatti,95057.0,exact,
2024,jammu kashmir,anti narcotic task force kashmir,0.0,0.0,0.0,2.0,0.0,0.0,0.0945945945945946,1.0986122886681098,0.054054054054054,0.0,0.1486486486486486,0.0,0.1621621621621621,0.0,0.2702702702702703,0.0,0.0,1.0,0.0,0.0,1.0,0.0,0.0,1.0,0.0,0.0,1.0,0.1344594594594594,low,,,anti narcotic task force kashmir,jammu and kashmir,False,,,,,,
2024,jammu kashmir,doda,13.0,2.0,717.0,84.0,128.0,6.576469569048224,0.6216216216216216,4.442651256490317,0.5135135135135135,4.859812404361672,0.7567567567567568,2.6390573296152584,0.4459459459459459,1.0986122886681098,0.6621621621621622,657.0,0.091324200913242,1.0,91.0,0.4065934065934066,1.0,16.0,-0.1875,1.0,0.0,0.0,1.0,0.6263513513513513,medium,,,doda,jammu and kashmir,False,,,,,,409936.0
2024,tamil nadu,tiruppur,183.0,65.0,4335.0,4967.0,231.0,8.374707543119483,0.6274509803921569,8.510772623613315,0.4313725490196078,5.44673737166631,0.5294117647058824,5.214935757608986,0.4705882352941176,4.189654742026425,0.6176470588235294,4919.0,-0.1187233177475096,1.0,123.0,0.8780487804878049,1.0,94.0,0.946808510638298,1.0,50.0,0.3,1.0,0.571078431372549,medium,,,tiruppur,tamil nadu,False,11.1085242,77.3410656,Tirupur,962982.0,exact,2479052.0
2024,jammu kashmir,anantnag,70.0,1.0,1180.0,168.0,223.0,7.074116816197362,0.8108108108108109,5.1298987149230735,0.8108108108108109,5.41164605185504,0.8648648648648649,4.262679877041316,0.8918918918918919,0.6931471805599453,0.5540540540540541,1303.0,-0.0943975441289332,1.0,272.0,-0.1801470588235294,1.0,52.0,0.3461538461538461,1.0,3.0,-0.6666666666666666,1.0,0.7912162162162162,high,,,anantnag,jammu and kashmir,False,33.704949,75.247874,Anantnag,108505.0,exact,1078692.0
2024,uttar pradesh,moradabad,100.0,24.0,4499.0,2986.0,1033.0,8.411832675758411,0.4415584415584415,8.00202481821611,0.4805194805194805,6.941190055068375,0.6883116883116883,4.61512051684126,0.1558441558441558,3.218875824868201,0.0519480519480519,4013.0,0.1211064041863942,1.0,1099.0,-0.0600545950864422,1.0,265.0,-0.6226415094339622,1.0,67.0,-0.6417910447761194,1.0,0.4077922077922078,medium,,,moradabad,uttar pradesh,False,28.8386481,78.7733286,Moradabad,889810.0,exact,4772006.0
2024,bihar,sheohar,55.0,17.0,965.0,422.0,156.0,6.873163834212518,0.1063829787234042,6.0473721790462776,0.0851063829787234,5.056245805348308,0.1489361702127659,4.02535169073515,0.1489361702127659,2.8903717578961645,0.1489361702127659,928.0,0.0398706896551724,1.0,154.0,0.0129870129870129,1.0,74.0,-0.2567567567567567,1.0,11.0,0.5454545454545454,1.0,0.1234042553191489,low,,,sheohar,bihar,False,,,,,,656246.0
2024,bihar,sheikhpura,117.0,40.0,1383.0,1197.0,166.0,7.232733136177615,0.1702127659574468,7.088408778675395,0.2553191489361702,5.117993812416755,0.1702127659574468,4.770684624465665,0.2127659574468085,3.713572066704308,0.3085106382978723,1417.0,-0.0239943542695836,1.0,159.0,0.0440251572327044,1.0,62.0,0.8870967741935484,1.0,42.0,-0.0476190476190476,1.0,0.2037234042553191,low,,,sheikhpura,bihar,False,,,,,,636342.0
2024,uttar pradesh,mathura,180.0,142.0,7625.0,3188.0,1099.0,8.939318740417509,0.7402597402597403,8.067462667010057,0.5324675324675324,7.003065458786462,0.7272727272727273,5.198497031265826,0.4285714285714285,4.962844630259907,0.7597402597402597,8536.0,-0.1067244611059044,1.0,1187.0,-0.0741364785172704,1.0,260.0,-0.3076923076923077,1.0,143.0,-0.0069930069930069,1.0,0.6886363636363636,medium,,,mathura,uttar pradesh,False,27.4924134,77.673673,Mathura,454937.0,exact,2547184.0
2024,chhattisgarh,gariyaband,121.0,13.0,1264.0,970.0,138.0,7.142827401161621,0.4,6.878326468291325,0.5714285714285714,4.934473933130692,0.3142857142857143,4.804021044733257,0.3714285714285714,2.6390573296152584,0.4714285714285714,1603.0,-0.2114784778540237,1.0,182.0,-0.2417582417582417,1.0,144.0,-0.1597222222222222,1.0,32.0,-0.59375,1.0,0.4078571428571429,medium,,,gariyaband,chhattisgarh,False,,,,,,
2024,chhattisgarh,durg,507.0,14.0,7125.0,1965.0,561.0,8.871505346165781,0.9142857142857144,7.583756300707112,0.8571428571428571,6.331501849893691,0.9142857142857144,6.230481447578482,0.9142857142857144,2.70805020110221,0.5142857142857142,6485.0,0.0986892829606784,1.0,621.0,-0.0966183574879227,1.0,464.0,0.0926724137931034,1.0,30.0,-0.5333333333333333,1.0,0.8485714285714286,high,,,durg,chhattisgarh,False,21.1904494,81.2849169,Durg,894376.0,exact,3343872.0
2024,chhattisgarh,dhamtari,152.0,7.0,1611.0,759.0,173.0,7.385230923066573,0.6,6.633318433280377,0.5428571428571428,5.159055299214529,0.4714285714285714,5.030437921392435,0.4285714285714285,2.079441541679836,0.2285714285714285,1852.0,-0.1301295896328293,1.0,192.0,-0.0989583333333333,1.0,147.0,0.0340136054421768,1.0,16.0,-0.5625,1.0,0.4957142857142857,medium,,,dhamtari,chhattisgarh,False,20.7014999,81.5541579,Dhamtari,101677.0,exact,799781.0
2024,chhattisgarh,grp raipur,9.0,1.0,431.0,91.0,12.0,6.068425588244111,0.1714285714285714,4.5217885770490405,0.0571428571428571,2.5649493574615367,0.0285714285714285,2.302585092994046,0.0285714285714285,0.6931471805599453,0.1285714285714285,479.0,-0.1002087682672233,1.0,7.0,0.7142857142857143,1.0,3.0,2.0,1.0,0.0,0.0,1.0,0.1107142857142857,low,,,grp raipur,chhattisgarh,False,,,,,,
2024,chhattisgarh,gaurela pendra marwari,90.0,3.0,885.0,195.0,136.0,6.786716950605081,0.2571428571428571,5.278114659230517,0.1714285714285714,4.919980925828125,0.2857142857142857,4.51085950651685,0.2285714285714285,1.3862943611198906,0.1714285714285714,913.0,-0.0306681270536692,1.0,112.0,0.2142857142857142,1.0,89.0,0.0112359550561797,1.0,8.0,-0.625,1.0,0.2385714285714285,low,,,gaurela pendra marwari,chhattisgarh,False,,,,,,
2024,uttar pradesh,meerut,478.0,231.0,9271.0,7505.0,1557.0,9.134754385019589,0.8831168831168831,8.923457979694966,0.922077922077922,7.351158226430694,0.8701298701298701,6.171700597410915,0.8701298701298701,5.44673737166631,0.8441558441558441,9158.0,0.0123389386328892,1.0,1424.0,0.0933988764044943,1.0,476.0,0.0042016806722689,1.0,250.0,-0.076,1.0,0.8772727272727272,high,,,meerut,uttar pradesh,False,28.9844618,77.7064137,Meerut,1424908.0,exact,3443689.0
2024,uttar pradesh,mau,166.0,86.0,3323.0,2898.0,556.0,8.10892415597534,0.2987012987012987,7.972121128921655,0.4545454545454545,6.322565239927284,0.3376623376623376,5.117993812416755,0.3571428571428571,4.465908118654584,0.5584415584415584,2974.0,0.1173503698722259,1.0,468.0,0.188034188034188,1.0,163.0,0.0184049079754601,1.0,60.0,0.4333333333333333,1.0,0.3668831168831168,low,,,mau,uttar pradesh,False,25.9496379,83.5586445,Mau,279060.0,exact,2205968.0
2024,manipur,jiribam,2.0,0.0,115.0,17.0,3.0,4.7535901911063645,0.5263157894736842,2.8903717578961645,0.5,1.3862943611198906,0.4210526315789473,1.0986122886681098,0.4736842105263157,0.0,0.4473684210526316,38.0,2.026315789473684,1.0,1.0,2.0,1.0,1.0,1.0,1.0,0.0,0.0,1.0,0.4855263157894736,medium,,,jiribam,manipur,False,,,,,,
2024,punjab,cp amritsar,98.0,31.0,2245.0,935.0,256.0,7.716906135298388,0.8571428571428571,6.841615476477592,0.7714285714285715,5.54907608489522,0.8285714285714286,4.59511985013459,0.7428571428571429,3.4657359027997265,0.8142857142857143,2990.0,-0.2491638795986622,1.0,306.0,-0.1633986928104575,1.0,145.0,-0.3241379310344827,1.0,62.0,-0.5,1.0,0.825,high,,,cp amritsar,punjab,False,,,,,,
2024,manipur,kakching,7.0,0.0,376.0,51.0,7.0,5.932245187448011,0.8421052631578947,3.951243718581428,0.6578947368421053,2.079441541679836,0.6842105263157895,2.079441541679836,0.6842105263157895,0.0,0.4473684210526316,1807.0,-0.7919203099059214,1.0,18.0,-0.6111111111111112,1.0,14.0,-0.5,1.0,1.0,-1.0,1.0,0.7171052631578948,high,,,kakching,manipur,False,,,,,,
2024,manipur,kamjong,0.0,0.0,5.0,6.0,0.0,1.791759469228055,0.1052631578947368,1.9459101490553128,0.2631578947368421,0.0,0.1578947368421052,0.0,0.131578947368421,0.0,0.4473684210526316,8.0,-0.375,1.0,0.0,0.0,1.0,0.0,0.0,1.0,0.0,0.0,1.0,0.1855263157894736,low,,,kamjong,manipur,False,,,,,,
2024,telangana,adilabad,87.0,108.0,2534.0,549.0,390.0,7.837948916025283,0.3548387096774194,6.309918278226516,0.3548387096774194,5.968707559985366,0.3548387096774194,4.477336814478207,0.3225806451612903,4.691347882229144,0.3870967741935484,2527.0,0.002770083102493,1.0,317.0,0.2302839116719243,1.0,78.0,0.1153846153846153,1.0,35.0,2.085714285714286,1.0,0.3564516129032257,low,,,adilabad,telangana,False,19.676527,78.532194,Adilabad,117167.0,exact,
2024,jammu kashmir,awantipora,13.0,0.0,485.0,103.0,94.0,6.186208623900494,0.5135135135135135,4.6443908991413725,0.5675675675675675,4.553876891600541,0.5945945945945946,2.6390573296152584,0.4459459459459459,0.0,0.2702702702702703,495.0,-0.0202020202020202,1.0,81.0,0.1604938271604938,1.0,3.0,3.333333333333333,1.0,0.0,0.0,1.0,0.4918918918918918,medium,,,awantipora,jammu and kashmir,False,,,,,,
2024,jammu kashmir,anti narcotic task force jammu,0.0,0.0,0.0,9.0,0.0,0.0,0.0945945945945946,2.302585092994046,0.2432432432432432,0.0,0.1486486486486486,0.0,0.1621621621621621,0.0,0.2702702702702703,0.0,0.0,1.0,0.0,0.0,1.0,0.0,0.0,1.0,0.0,0.0,1.0,0.1533783783783784,low,,,anti narcotic task force jammu,jammu and kashmir,False,,,,,,
2024,madhya pradesh,maihar,217.0,0.0,2458.0,929.0,252.0,7.807510042216193,0.2419354838709677,6.835184586147301,0.1370967741935483,5.53338948872752,0.1935483870967742,5.384495062789089,0.3387096774193548,0.0,0.1693548387096774,,0.0,0.0,,0.0,0.0,,0.0,0.0,,0.0,0.0,0.2205645161290322,low,,,maihar,madhya pradesh,False,,,,,,
2024,tamil nadu,thiruvannamalai,231.0,72.0,5176.0,7079.0,271.0,8.551981016901902,0.8235294117647058,8.865029186687766,0.7058823529411765,5.605802066295998,0.6666666666666666,5.44673737166631,0.6666666666666666,4.290459441148391,0.6666666666666666,5040.0,0.0269841269841269,1.0,230.0,0.1782608695652174,1.0,213.0,0.0845070422535211,1.0,46.0,0.5652173913043478,1.0,0.7411764705882352,high,,,thiruvannamalai,tamil nadu,False,12.2252841,79.0746957,Tiruvannamalai,145278.0,fuzzy:tiruvannamalai,
2024,jammu kashmir,kulgam,13.0,0.0,721.0,308.0,176.0,6.582025138892826,0.6486486486486487,5.733341276897746,0.918918918918919,5.176149732573829,0.8108108108108109,2.6390573296152584,0.4459459459459459,0.0,0.2702702702702703,802.0,-0.1009975062344139,1.0,205.0,-0.1414634146341463,1.0,4.0,2.25,1.0,0.0,0.0,1.0,0.6310810810810812,medium,,,kulgam,jammu and kashmir,False,,,,,,424483.0
2024,jammu kashmir,kishtwar,26.0,0.0,371.0,67.0,45.0,5.918893854273146,0.4324324324324324,4.219507705176107,0.4054054054054054,3.828641396489095,0.3783783783783784,3.295836866004329,0.6216216216216216,0.0,0.2702702702702703,424.0,-0.125,1.0,66.0,-0.3181818181818182,1.0,36.0,-0.2777777777777778,1.0,1.0,-1.0,1.0,0.4135135135135136,medium,,,kishtwar,jammu and kashmir,False,,,,,,230696.0
2024,jammu kashmir,kathua,51.0,3.0,1219.0,156.0,102.0,7.106606137727303,0.8648648648648649,5.056245805348308,0.7567567567567568,4.634728988229636,0.6216216216216216,3.951243718581428,0.8513513513513513,1.3862943611198906,0.7702702702702703,1391.0,-0.1236520488856937,1.0,136.0,-0.25,1.0,56.0,-0.0892857142857142,1.0,3.0,0.0,1.0,0.789864864864865,high,,,kathua,jammu and kashmir,False,,,,,,616435.0
2024,madhya pradesh,jhabua,399.0,0.0,3288.0,1417.0,420.0,8.098338846189057,0.3709677419354839,7.257002707092073,0.2580645161290322,6.042632833682381,0.4354838709677419,5.991464547107982,0.6774193548387096,0.0,0.1693548387096774,4209.0,-0.2188168210976478,1.0,542.0,-0.2250922509225092,1.0,396.0,0.0075757575757575,1.0,0.0,0.0,1.0,0.3729838709677419,low,,,jhabua,madhya pradesh,False,,,,,,1025048.0
2024,madhya pradesh,jabalpur railway,22.0,0.0,3869.0,67.0,27.0,8.261009786023827,0.4838709677419355,4.219507705176107,0.032258064516129,3.332204510175204,0.0483870967741935,3.1354942159291497,0.064516129032258,0.0,0.1693548387096774,3915.0,-0.0117496807151979,1.0,17.0,0.5882352941176471,1.0,18.0,0.2222222222222222,1.0,2.0,-1.0,1.0,0.2625,low,,,jabalpur railway,madhya pradesh,True,,,,,,
2024,rajasthan,ganganagar,262.0,46.0,4324.0,2552.0,809.0,8.37216741936598,0.7076923076923077,7.845024417241484,0.8769230769230769,6.697034247666484,0.7538461538461538,5.572154032177765,0.8307692307692308,3.8501476017100575,0.8153846153846154,4428.0,-0.023486901535682,1.0,1037.0,-0.2198649951783992,1.0,265.0,-0.0113207547169811,1.0,48.0,-0.0416666666666666,1.0,0.7623076923076924,high,,,ganganagar,rajasthan,False,,,,,,1969168.0
2024,madhya pradesh,khandwa,395.0,5.0,3762.0,2666.0,499.0,8.232971790593437,0.4677419354838709,7.888709524182015,0.6290322580645161,6.214608098422191,0.5483870967741935,5.981414211254481,0.6612903225806451,1.791759469228055,0.5483870967741935,4478.0,-0.1598928092898615,1.0,597.0,-0.1641541038525963,1.0,350.0,0.1285714285714285,1.0,0.0,0.0,1.0,0.5314516129032258,medium,,,khandwa,madhya pradesh,False,21.8257334,76.352571,Khandwa,200681.0,exact,
2024,madhya pradesh,katni,351.0,5.0,3963.0,5229.0,405.0,8.285008895449879,0.5161290322580645,8.56216655705897,0.9516129032258064,6.0063531596017325,0.4193548387096774,5.863631175598097,0.5967741935483871,1.791759469228055,0.5483870967741935,4838.0,-0.1808598594460521,1.0,419.0,-0.0334128878281622,1.0,302.0,0.162251655629139,1.0,0.0,0.0,1.0,0.553225806451613,medium,,,katni,madhya pradesh,False,23.8308453,80.4072255,Katni,221875.0,exact,1292042.0
2024,madhya pradesh,mandsaur,176.0,7.0,4107.0,2324.0,359.0,8.32069157104845,0.532258064516129,7.751475318021456,0.5,5.886104031450156,0.3064516129032258,5.176149732573829,0.2258064516129032,2.079441541679836,0.6370967741935484,4239.0,-0.0311394196744515,1.0,488.0,-0.2643442622950819,1.0,330.0,-0.4666666666666667,1.0,7.0,0.0,1.0,0.4689516129032258,medium,,,mandsaur,madhya pradesh,False,24.076836,75.0692952,Mandsaur,141468.0,exact,1340411.0
2024,madhya pradesh,mauganj,179.0,0.0,1684.0,447.0,282.0,7.429520842786462,0.1451612903225806,6.104793232414985,0.0806451612903225,5.645446897643238,0.2419354838709677,5.19295685089021,0.2419354838709677,0.0,0.1693548387096774,,0.0,0.0,,0.0,0.0,,0.0,0.0,,0.0,0.0,0.1713709677419354,low,,,mauganj,madhya pradesh,False,,,,,,
2024,manipur,tengnoupal,1.0,0.0,190.0,69.0,5.0,5.25227342804663,0.631578947368421,4.248495242049359,0.7894736842105263,1.791759469228055,0.5789473684210527,0.6931471805599453,0.3157894736842105,0.0,0.4473684210526316,2028.0,-0.9063116370808678,1.0,1.0,4.0,1.0,1.0,0.0,1.0,0.0,0.0,1.0,0.5776315789473684,medium,,,tengnoupal,manipur,False,,,,,,
2024,manipur,tamenglong,1.0,0.0,12.0,3.0,1.0,2.5649493574615367,0.2105263157894736,1.3862943611198906,0.1578947368421052,0.6931471805599453,0.3421052631578947,0.6931471805599453,0.3157894736842105,0.0,0.4473684210526316,14.0,-0.1428571428571428,1.0,1.0,0.0,1.0,1.0,0.0,1.0,0.0,0.0,1.0,0.2776315789473684,low,,,tamenglong,manipur,False,,,,,,140651.0
2024,puducherry,puducherry,164.0,136.0,2995.0,1657.0,228.0,8.005033344637111,0.6666666666666666,7.41336733569524,0.6666666666666666,5.43372200355424,0.6666666666666666,5.10594547390058,0.6666666666666666,4.919980925828125,0.6666666666666666,2874.0,0.0421016005567153,1.0,177.0,0.288135593220339,1.0,126.0,0.3015873015873015,1.0,145.0,-0.0620689655172413,1.0,0.6666666666666666,medium,,,puducherry,puducherry,False,11.9138598,79.8144722,Puducherry,654392.0,exact,
2024,puducherry,karaikal,29.0,6.0,520.0,326.0,44.0,6.255750041753367,0.3333333333333333,5.7899601708972535,0.3333333333333333,3.80666248977032,0.3333333333333333,3.4011973816621555,0.3333333333333333,1.9459101490553128,0.3333333333333333,474.0,0.0970464135021097,1.0,35.0,0.2571428571428571,1.0,30.0,-0.0333333333333333,1.0,2.0,2.0,1.0,0.3333333333333333,low,,,karaikal,puducherry,False,10.9254398,79.8380056,Karaikal,86838.0,exact,
2024,chhattisgarh,balod,118.0,12.0,1476.0,1366.0,160.0,7.29776828253138,0.4857142857142857,7.220373836723949,0.7142857142857143,5.081404364984463,0.3571428571428571,4.77912349311153,0.3428571428571428,2.5649493574615367,0.4,1488.0,-0.0080645161290322,1.0,140.0,0.1428571428571428,1.0,118.0,0.0,1.0,9.0,0.3333333333333333,1.0,0.4557142857142858,medium,,,balod,chhattisgarh,False,,,,,,
2024,puducherry,total districts,193.0,142.0,3515.0,1983.0,272.0,8.165079258805068,1.0,7.592870287844818,1.0,5.60947179518496,1.0,5.267858159063328,1.0,4.962844630259907,1.0,3348.0,0.0498805256869772,1.0,212.0,0.2830188679245283,1.0,156.0,0.2371794871794871,1.0,147.0,-0.0340136054421768,1.0,1.0,critical,,,total districts,puducherry,True,,,,,,
2024,manipur,noney,0.0,0.0,9.0,2.0,0.0,2.302585092994046,0.1578947368421052,1.0986122886681098,0.1052631578947368,0.0,0.1578947368421052,0.0,0.131578947368421,0.0,0.4473684210526316,26.0,-0.6538461538461539,1.0,1.0,-1.0,1.0,1.0,-1.0,1.0,0.0,0.0,1.0,0.1934210526315789,low,,,noney,manipur,False,,,,,,
2024,chandigarh,total districts,255.0,116.0,3621.0,448.0,452.0,8.19478163844336,0.8333333333333334,6.107022887742255,0.8333333333333334,6.115892125483034,0.8333333333333334,5.545177444479562,0.8333333333333334,4.762173934797756,0.8333333333333334,3285.0,0.102283105022831,1.0,371.0,0.2183288409703504,1.0,294.0,-0.1326530612244898,1.0,23.0,4.043478260869565,1.0,0.8333333333333335,high,,,total districts,chandigarh,True,,,,,,
2024,chandigarh,chandigarh,255.0,116.0,3621.0,448.0,0.0,8.19478163844336,0.8333333333333334,6.107022887742255,0.8333333333333334,0.0,0.3333333333333333,5.545177444479562,0.8333333333333334,4.762173934797756,0.8333333333333334,3285.0,0.102283105022831,1.0,371.0,-1.0,1.0,294.0,-0.1326530612244898,1.0,23.0,4.043478260869565,1.0,0.7333333333333334,high,,,chandigarh,chandigarh,False,30.7399738,76.7567368,Chandigarh,1054686.0,exact,1055450.0
2024,chandigarh,all districts,0.0,0.0,0.0,0.0,452.0,0.0,0.3333333333333333,0.0,0.3333333333333333,6.115892125483034,0.8333333333333334,0.0,0.3333333333333333,0.0,0.3333333333333333,,0.0,0.0,,0.0,0.0,,0.0,0.0,,0.0,0.0,0.4333333333333333,medium,,,all districts,chandigarh,False,,,,,,
2024,chhattisgarh,balrampur,186.0,19.0,1513.0,390.0,290.0,7.322510433997394,0.5428571428571428,5.968707559985366,0.2285714285714285,5.673323267171493,0.7142857142857143,5.231108616854587,0.6,2.995732273553991,0.6571428571428571,1338.0,0.1307922272047832,1.0,281.0,0.0320284697508896,1.0,159.0,0.1698113207547169,1.0,5.0,2.8,1.0,0.5685714285714286,medium,,,balrampur,chhattisgarh,False,,,,,,
2024,chhattisgarh,balodbazar,349.0,26.0,3220.0,2385.0,386.0,8.0774471493312,0.8285714285714286,7.777373602657861,0.9142857142857144,5.958424693029782,0.8285714285714286,5.857933154483459,0.8285714285714286,3.295836866004329,0.7142857142857143,3179.0,0.0128971374646115,1.0,405.0,-0.0469135802469135,1.0,370.0,-0.0567567567567567,1.0,26.0,0.0,1.0,0.82,high,,,balodbazar,chhattisgarh,False,,,,,,
2024,uttar pradesh,mirzapur,111.0,78.0,2332.0,2820.0,321.0,7.75491027202143,0.1038961038961039,7.944846711001996,0.4025974025974026,5.7745515455444085,0.0649350649350649,4.718498871295094,0.1818181818181818,4.3694478524670215,0.4935064935064935,2942.0,-0.2073419442556084,1.0,368.0,-0.1277173913043478,1.0,137.0,-0.1897810218978102,1.0,62.0,0.2580645161290322,1.0,0.1922077922077922,low,,,mirzapur,uttar pradesh,False,25.1336987,82.5644344,Mirzapur,245817.0,exact,2496970.0
2024,chhattisgarh,bemetra,165.0,15.0,1524.0,1346.0,187.0,7.329749689041512,0.5714285714285714,7.205635176410364,0.6857142857142857,5.236441962829949,0.5428571428571428,5.111987788356544,0.4857142857142857,2.772588722239781,0.5428571428571428,1348.0,0.1305637982195845,1.0,168.0,0.1130952380952381,1.0,147.0,0.1224489795918367,1.0,13.0,0.1538461538461538,1.0,0.5642857142857143,medium,,,bemetra,chhattisgarh,False,,,,,,
2024,uttar pradesh,muzaffarnagar,141.0,137.0,4984.0,1681.0,766.0,8.514188682395938,0.5194805194805194,7.427738840532894,0.1948051948051948,6.642486801367256,0.5324675324675324,4.955827057601261,0.2337662337662337,4.927253685157205,0.7402597402597403,5174.0,-0.0367220718979512,1.0,571.0,0.3415061295971979,1.0,128.0,0.1015625,1.0,157.0,-0.1273885350318471,1.0,0.4941558441558442,medium,,,muzaffarnagar,uttar pradesh,False,29.4726817,77.7085091,Muzaffarnagar,494792.0,exact,4143512.0
2024,madhya pradesh,mandla,386.0,3.0,2849.0,2020.0,423.0,7.955074273262696,0.3225806451612903,7.611347717403621,0.4516129032258064,6.049733455231958,0.4516129032258064,5.958424693029782,0.6451612903225806,1.3862943611198906,0.4516129032258064,2704.0,0.0536242603550295,1.0,387.0,0.0930232558139534,1.0,374.0,0.0320855614973262,1.0,3.0,0.0,1.0,0.4129032258064516,medium,,,mandla,madhya pradesh,False,,,,,,1054905.0
2024,madhya pradesh,khargone,549.0,4.0,2640.0,4257.0,731.0,7.878912912297133,0.2903225806451613,8.356554845453426,0.8387096774193549,6.595780513961311,0.7741935483870968,6.309918278226516,0.8064516129032258,1.6094379124341005,0.5,4126.0,-0.3601551139117789,1.0,590.0,0.2389830508474576,1.0,442.0,0.2420814479638009,1.0,2.0,1.0,1.0,0.525,medium,,,khargone,madhya pradesh,False,21.8335244,75.6149893,Khargone,133361.0,exact,
2024,rajasthan,dausa,84.0,59.0,5615.0,1648.0,1050.0,8.633374945705647,0.8923076923076924,7.407924322559599,0.6615384615384615,6.957497370876951,0.9384615384615383,4.442651256490317,0.3692307692307692,4.0943445622221,0.8615384615384616,5991.0,-0.0627608078784844,1.0,769.0,0.365409622886866,1.0,193.0,-0.5647668393782384,1.0,64.0,-0.078125,1.0,0.8215384615384616,high,,,dausa,rajasthan,False,26.8931931,76.3375284,Dausa,85960.0,exact,1634409.0
2024,rajasthan,deeg,77.0,32.0,4193.0,865.0,1027.0,8.341410211461865,0.6615384615384615,6.763884908562435,0.3384615384615385,6.93537044601511,0.9230769230769232,4.356708826689592,0.3230769230769231,3.49650756146648,0.7384615384615385,4209.0,-0.0038013779995248,1.0,912.0,0.1260964912280701,1.0,94.0,-0.1808510638297872,1.0,37.0,-0.1351351351351351,1.0,0.6592307692307692,medium,,,deeg,rajasthan,False,,,,,,
2024,tamil nadu,theni,253.0,56.0,4678.0,4778.0,273.0,8.450839690866216,0.7058823529411765,8.471986598578159,0.392156862745098,5.613128106388071,0.6862745098039216,5.537334267018537,0.7450980392156863,4.04305126783455,0.4901960784313725,4683.0,-0.0010676916506512,1.0,338.0,-0.1923076923076923,1.0,227.0,0.1145374449339207,1.0,39.0,0.4358974358974359,1.0,0.642156862745098,medium,,,theni,tamil nadu,False,10.010262,77.476819,Theni-Allinagaram,94453.0,exact,1245899.0
2024,jammu kashmir,kupwara,28.0,0.0,621.0,130.0,169.0,6.432940092739179,0.5945945945945946,4.875197323201151,0.6756756756756757,5.135798437050262,0.7837837837837838,3.367295829986474,0.6486486486486487,0.0,0.2702702702702703,647.0,-0.0401854714064915,1.0,143.0,0.1818181818181818,1.0,19.0,0.4736842105263157,1.0,0.0,0.0,1.0,0.5972972972972973,medium,,,kupwara,jammu and kashmir,False,,,,,,870354.0
2024,jammu kashmir,railways kashmir,0.0,0.0,7.0,3.0,0.0,2.079441541679836,0.2162162162162162,1.3862943611198906,0.1216216216216216,0.0,0.1486486486486486,0.0,0.1621621621621621,0.0,0.2702702702702703,9.0,-0.2222222222222222,1.0,0.0,0.0,1.0,0.0,0.0,1.0,0.0,0.0,1.0,0.1959459459459459,low,,,railways kashmir,jammu and kashmir,True,,,,,,
2024,jammu kashmir,railways jammu,1.0,0.0,10.0,23.0,1.0,2.3978952727983707,0.2432432432432432,3.1780538303479458,0.2972972972972973,0.6931471805599453,0.3108108108108108,0.6931471805599453,0.3378378378378378,0.0,0.2702702702702703,26.0,-0.6153846153846154,1.0,0.0,0.0,1.0,0.0,0.0,1.0,0.0,0.0,1.0,0.2756756756756757,low,,,railways jammu,jammu and kashmir,True,,,,,,
2024,jammu kashmir,eow kashmir,0.0,1.0,12.0,3.0,0.0,2.5649493574615367,0.3243243243243243,1.3862943611198906,0.1216216216216216,0.0,0.1486486486486486,0.0,0.1621621621621621,0.6931471805599453,0.5540540540540541,60.0,-0.8,1.0,0.0,0.0,1.0,0.0,0.0,1.0,2.0,-0.5,1.0,0.2871621621621621,low,,,eow kashmir,jammu and kashmir,False,,,,,,
2024,tamil nadu,thanjavur,374.0,66.0,8300.0,16630.0,392.0,9.024131268455037,0.9411764705882352,9.71902370267014,0.9607843137254902,5.973809611869261,0.9411764705882352,5.926926025970411,0.9215686274509804,4.204692619390966,0.6470588235294118,8259.0,0.0049642813899987,1.0,328.0,0.1951219512195122,1.0,376.0,-0.0053191489361702,1.0,61.0,0.081967213114754,1.0,0.8970588235294118,critical,,,thanjavur,tamil nadu,False,10.7869994,79.1378274,Thanjavur,222943.0,exact,2405890.0
2024,jammu kashmir,railways katra,0.0,0.0,11.0,2.0,0.0,2.4849066497880004,0.2837837837837837,1.0986122886681098,0.054054054054054,0.0,0.1486486486486486,0.0,0.1621621621621621,0.0,0.2702702702702703,12.0,-0.0833333333333333,1.0,1.0,-1.0,1.0,0.0,0.0,1.0,0.0,0.0,1.0,0.2195945945945946,low,,,railways katra,jammu and kashmir,True,,,,,,
2024,jammu kashmir,rajouri,84.0,8.0,1425.0,270.0,237.0,7.262628600974241,0.918918918918919,5.602118820879701,0.8918918918918919,5.472270673671475,0.8918918918918919,4.442651256490317,0.945945945945946,2.19722457733622,0.8648648648648649,1410.0,0.0106382978723404,1.0,236.0,0.0042372881355932,1.0,77.0,0.0909090909090909,1.0,2.0,3.0,1.0,0.9054054054054056,critical,,,rajouri,jammu and kashmir,False,,,,,,642415.0
2024,tamil nadu,thirunelveli city,99.0,50.0,1609.0,1767.0,105.0,7.383989457978509,0.1568627450980392,7.477604243197589,0.0980392156862745,4.663439094112067,0.1666666666666666,4.605170185988092,0.1176470588235294,3.9318256327243257,0.3529411764705882,1709.0,-0.0585137507314218,1.0,100.0,0.05,1.0,79.0,0.2531645569620253,1.0,25.0,1.0,1.0,0.1784313725490196,low,,,thirunelveli,tamil nadu,False,8.7139126,77.7566523,Tirunelveli,498984.0,fuzzy:tirunelveli,
2024,tamil nadu,thiruvarur,176.0,45.0,3116.0,7883.0,223.0,8.044626279767337,0.3137254901960784,8.97259066827261,0.7843137254901961,5.41164605185504,0.5098039215686274,5.176149732573829,0.4509803921568627,3.828641396489095,0.2745098039215686,2805.0,0.1108734402852049,1.0,140.0,0.5928571428571429,1.0,65.0,1.7076923076923076,1.0,30.0,0.5,1.0,0.4078431372549019,medium,,,thiruvarur,tamil nadu,False,,,,,,1264277.0
2024,tamil nadu,thirunelveli,278.0,52.0,9077.0,6728.0,351.0,9.113609183016411,0.9607843137254902,8.814181823188319,0.6666666666666666,5.863631175598097,0.8823529411764706,5.631211781821365,0.8431372549019608,3.970291913552122,0.4411764705882353,7259.0,0.2504477200716352,1.0,248.0,0.4153225806451613,1.0,186.0,0.4946236559139785,1.0,43.0,0.2093023255813953,1.0,0.8259803921568628,high,,,thirunelveli,tamil nadu,False,8.7139126,77.7566523,Tirunelveli,498984.0,fuzzy:tirunelveli,
2024,jammu kashmir,ganderbal,34.0,0.0,512.0,114.0,110.0,6.240275845170769,0.5405405405405406,4.74493212836325,0.6216216216216216,4.709530201312334,0.6621621621621622,3.555348061489413,0.7027027027027027,0.0,0.2702702702702703,707.0,-0.2758132956152758,1.0,154.0,-0.2857142857142857,1.0,27.0,0.2592592592592592,1.0,0.0,0.0,1.0,0.5486486486486487,medium,,,ganderbal,jammu and kashmir,False,,,,,,297446.0
2024,jammu kashmir,eow jammu,0.0,3.0,52.0,4.0,0.0,3.970291913552122,0.3513513513513513,1.6094379124341005,0.1621621621621621,0.0,0.1486486486486486,0.0,0.1621621621621621,1.3862943611198906,0.7702702702702703,102.0,-0.4901960784313725,1.0,0.0,0.0,1.0,0.0,0.0,1.0,6.0,-0.5,1.0,0.3358108108108108,low,,,eow jammu,jammu and kashmir,False,,,,,,
2024,bihar,vaishali,783.0,202.0,8474.0,2383.0,1215.0,9.044875932248653,0.851063829787234,7.776535028185241,0.6382978723404256,7.103322062526113,0.9361702127659576,6.664409020350408,0.9574468085106383,5.313205979041787,0.8723404255319149,6799.0,0.246359758788057,1.0,901.0,0.3485016648168701,1.0,644.0,0.2158385093167701,1.0,78.0,1.5897435897435896,1.0,0.8606382978723404,high,,,vaishali,bihar,False,25.692562,85.208369,Hajipur,147688.0,exact,3495021.0
2024,uttar pradesh,sambhal,289.0,92.0,3966.0,5258.0,759.0,8.28576542051433,0.3896103896103896,8.567696173589344,0.8311688311688312,6.633318433280377,0.5194805194805194,5.66988092298052,0.6623376623376623,4.532599493153256,0.5974025974025974,4551.0,-0.1285431773236651,1.0,803.0,-0.0547945205479452,1.0,184.0,0.5706521739130435,1.0,103.0,-0.1067961165048543,1.0,0.5181818181818182,medium,,,sambhal,uttar pradesh,False,28.5903614,78.5717631,Sambhal,221334.0,exact,
2024,uttar pradesh,saharanpur,167.0,259.0,5594.0,2589.0,929.0,8.629628620746026,0.5844155844155844,7.859413154693583,0.3636363636363636,6.835184586147301,0.6233766233766234,5.123963979403259,0.3766233766233766,5.560681631015528,0.8701298701298701,4796.0,0.1663886572143453,1.0,728.0,0.2760989010989011,1.0,160.0,0.04375,1.0,80.0,2.2375,1.0,0.5922077922077922,medium,,,saharanpur,uttar pradesh,False,29.967079,77.5510172,Saharanpur,703345.0,exact,3466382.0
2024,bihar,muzaffarpur,634.0,213.0,9912.0,4014.0,1413.0,9.201602306032898,0.8936170212765957,8.297792626380861,0.8297872340425532,7.254177846456518,0.9574468085106383,6.453624998892692,0.9361702127659576,5.365976015021851,0.8936170212765957,11323.0,-0.1246136182990373,1.0,1253.0,0.1276935355147645,1.0,503.0,0.2604373757455268,1.0,179.0,0.1899441340782122,1.0,0.9042553191489362,critical,,,muzaffarpur,bihar,False,26.1208876,85.3647201,Muzaffarpur,393724.0,exact,4801062.0
2024,bihar,munger,224.0,75.0,2857.0,1921.0,433.0,7.957877358489813,0.2978723404255319,7.561121589530238,0.5106382978723404,6.073044534100405,0.4680851063829787,5.41610040220442,0.4680851063829787,4.330733340286331,0.4893617021276595,3114.0,-0.0825305073859987,1.0,393.0,0.1017811704834605,1.0,181.0,0.2375690607734806,1.0,91.0,-0.1758241758241758,1.0,0.3989361702127659,low,,,munger,bihar,False,25.376505,86.476588,Munger,213101.0,exact,1367765.0
2024,bihar,supaul,259.0,38.0,4118.0,1732.0,431.0,8.323365694436081,0.4893617021276595,7.457609289715606,0.4361702127659574,6.068425588244111,0.4468085106382978,5.560681631015528,0.5106382978723404,3.6635616461296463,0.2765957446808511,3677.0,0.1199347293989665,1.0,334.0,0.2904191616766467,1.0,123.0,1.1056910569105691,1.0,49.0,-0.2244897959183673,1.0,0.4457446808510638,medium,,,supaul,bihar,False,,,,,,2229076.0
2024,bihar,siwan,325.0,183.0,9003.0,1957.0,904.0,9.105424202026622,0.8723404255319149,7.579678823090456,0.5319148936170213,6.807934943699926,0.8297872340425532,5.786897381366708,0.6595744680851063,5.214935757608986,0.851063829787234,6277.0,0.4342838935797355,1.0,470.0,0.9234042553191488,1.0,207.0,0.5700483091787439,1.0,49.0,2.7346938775510203,1.0,0.8053191489361703,high,,,siwan,bihar,False,26.2196205,84.3566593,Siwan,134458.0,exact,3330464.0
2024,bihar,sitamarhi,416.0,79.0,5293.0,3577.0,841.0,8.574329382787047,0.574468085106383,8.182559264068665,0.8085106382978723,6.735780014242327,0.723404255319149,6.0330862217988015,0.7446808510638298,4.382026634673881,0.5319148936170213,5619.0,-0.0580174408257697,1.0,899.0,-0.064516129032258,1.0,518.0,-0.1969111969111969,1.0,57.0,0.3859649122807017,1.0,0.6382978723404256,medium,,,sitamarhi,bihar,False,26.5952476,85.4808393,Sitamarhi,105924.0,exact,3423574.0
2024,uttar pradesh,pilibhit,372.0,65.0,4726.0,1869.0,1388.0,8.461046030793236,0.4935064935064935,7.533693709848633,0.2467532467532467,7.236339342754344,0.8181818181818182,5.921578419643816,0.7532467532467533,4.189654742026425,0.3571428571428571,3819.0,0.2374967268918565,1.0,1233.0,0.1257096512570965,1.0,406.0,-0.083743842364532,1.0,39.0,0.6666666666666666,1.0,0.5392857142857143,medium,,,pilibhit,uttar pradesh,False,28.6207939,79.8128649,Pilibhit,160146.0,exact,2031007.0
2024,bihar,total districts,13349.0,6380.0,238753.0,113402.0,27359.0,12.383189012129332,1.0,11.638703124952317,1.0,10.216837371736489,1.0,9.499271663828395,1.0,8.761080103868347,1.0,231627.0,0.0307649799030337,1.0,22952.0,0.19200941094458,1.0,9906.0,0.3475671310316979,1.0,4450.0,0.4337078651685393,1.0,1.0,critical,,,total districts,bihar,True,,,,,,
2024,uttar pradesh,raibareilly,356.0,57.0,5707.0,3665.0,647.0,8.649623978596727,0.6103896103896104,8.20685642839965,0.6883116883116883,6.473890696352274,0.422077922077922,5.877735781779639,0.7272727272727273,4.060443010546419,0.2597402597402597,6381.0,-0.1056260774173327,1.0,726.0,-0.1088154269972451,1.0,439.0,-0.1890660592255125,1.0,74.0,-0.2297297297297297,1.0,0.5396103896103897,medium,,,raibareilly,uttar pradesh,False,,,,,,
2024,uttar pradesh,prayagraj,236.0,551.0,11318.0,14592.0,1470.0,9.33423800863242,0.8961038961038961,9.588297240667746,0.974025974025974,7.293697720601438,0.8571428571428571,5.468060141135132,0.5324675324675324,6.313548046277095,0.961038961038961,11699.0,-0.0325668860586374,1.0,1598.0,-0.0801001251564455,1.0,290.0,-0.1862068965517241,1.0,399.0,0.3809523809523809,1.0,0.8694805194805194,high,,,prayagraj,uttar pradesh,False,25.4358011,81.846311,Allahabad,1216719.0,exact,5954391.0
2024,uttar pradesh,pratapgarh,70.0,91.0,7655.0,1362.0,831.0,8.94324493313279,0.7532467532467533,7.217443431696533,0.1298701298701298,6.723832440821209,0.5584415584415584,4.262679877041316,0.0779220779220779,4.5217885770490405,0.577922077922078,7894.0,-0.0302761591081834,1.0,956.0,-0.1307531380753138,1.0,241.0,-0.7095435684647303,1.0,73.0,0.2465753424657534,1.0,0.5581168831168831,medium,,,pratapgarh,uttar pradesh,False,25.8973038,81.9452981,Pratapgarh,90334.0,exact,3209141.0
2024,odisha,total districts,9528.0,2501.0,171193.0,42920.0,27449.0,12.050552695346656,1.0,10.667116495634444,1.0,10.220121446937677,1.0,9.162095059348188,1.0,7.824845691026856,1.0,170022.0,0.0068873439907776,1.0,25914.0,0.0592343906768542,1.0,8577.0,0.1108779293459251,1.0,2348.0,0.0651618398637138,1.0,1.0,critical,,,total districts,odisha,True,,,,,,
2024,manipur,senapati,2.0,0.0,24.0,16.0,4.0,3.218875824868201,0.3684210526315789,2.833213344056216,0.4210526315789473,1.6094379124341005,0.4736842105263157,1.0986122886681098,0.4736842105263157,0.0,0.4473684210526316,19.0,0.2631578947368421,1.0,3.0,0.3333333333333333,1.0,3.0,-0.3333333333333333,1.0,0.0,0.0,1.0,0.4171052631578947,medium,,,senapati,manipur,False,,,,,,479148.0
2024,punjab,barnala,50.0,14.0,977.0,576.0,81.0,6.885509670034818,0.3714285714285714,6.3578422665081,0.4285714285714285,4.406719247264253,0.2,3.9318256327243257,0.3428571428571428,2.70805020110221,0.4571428571428571,1021.0,-0.0430950048971596,1.0,92.0,-0.1195652173913043,1.0,38.0,0.3157894736842105,1.0,7.0,1.0,1.0,0.3528571428571428,low,,,barnala,punjab,False,30.3819446,75.5467979,Barnala,116449.0,exact,595527.0
2024,punjab,amritsar rural,80.0,13.0,2066.0,1112.0,220.0,7.633853559681768,0.7714285714285715,7.014814351275545,0.9142857142857144,5.3981627015177525,0.7714285714285715,4.394449154672439,0.6285714285714286,2.6390573296152584,0.3571428571428571,1823.0,0.1332967635765222,1.0,256.0,-0.140625,1.0,131.0,-0.3893129770992366,1.0,6.0,1.1666666666666667,1.0,0.7092857142857143,high,,,amritsar,punjab,False,31.6339793,74.8722642,Amritsar,1132761.0,exact,2490656.0
2024,manipur,thoubal,11.0,0.0,334.0,51.0,20.0,5.814130531825066,0.7894736842105263,3.951243718581428,0.6578947368421053,3.044522437723423,0.8421052631578947,2.4849066497880004,0.7894736842105263,0.0,0.4473684210526316,535.0,-0.3757009345794392,1.0,26.0,-0.2307692307692307,1.0,9.0,0.2222222222222222,1.0,0.0,0.0,1.0,0.7355263157894737,high,,,thoubal,manipur,False,,,,,,422168.0
2024,bihar,patna,1314.0,2098.0,32536.0,13411.0,2974.0,10.390133182300383,0.9787234042553192,9.50390510758612,0.9787234042553192,7.99799931797973,0.9787234042553192,7.181591944611865,0.9787234042553192,7.649216319820633,0.9787234042553192,28475.0,0.1426163301141352,1.0,2236.0,0.3300536672629696,1.0,418.0,2.1435406698564594,1.0,917.0,1.2878953107960742,1.0,0.9787234042553192,critical,,,patna,bihar,False,25.5940947,85.1375645,Patna,2046652.0,exact,5838465.0
2024,meghalaya,garo hills south west,17.0,4.0,149.0,36.0,22.0,5.010635294096256,0.6428571428571429,3.610917912644224,0.5,3.1354942159291497,0.3214285714285714,2.8903717578961645,0.3571428571428571,1.6094379124341005,0.3214285714285714,124.0,0.2016129032258064,1.0,24.0,-0.0833333333333333,1.0,27.0,-0.3703703703703703,1.0,0.0,0.0,1.0,0.4875,medium,,,garo hills south west,meghalaya,False,,,,,,
2024,meghalaya,garo hills south,15.0,1.0,39.0,22.0,18.0,3.688879454113936,0.2142857142857142,3.1354942159291497,0.2857142857142857,2.9444389791664403,0.2142857142857142,2.772588722239781,0.2142857142857142,0.6931471805599453,0.1428571428571428,52.0,-0.25,1.0,23.0,-0.217391304347826,1.0,21.0,-0.2857142857142857,1.0,3.0,-0.6666666666666666,1.0,0.2107142857142857,low,,,garo hills south,meghalaya,False,,,,,,
2024,odisha,srp,8.0,7.0,1984.0,183.0,15.0,7.59337419312129,0.2162162162162162,5.214935757608986,0.054054054054054,2.772588722239781,0.054054054054054,2.19722457733622,0.054054054054054,2.079441541679836,0.027027027027027,1657.0,0.1973445986722993,1.0,13.0,0.1538461538461538,1.0,6.0,0.3333333333333333,1.0,2.0,2.5,1.0,0.1229729729729729,low,,,srp,odisha,False,,,,,,
2024,odisha,sonepur,89.0,20.0,1796.0,934.0,291.0,7.493873886783559,0.1891891891891892,6.840546529288687,0.3513513513513513,5.676753802268282,0.2162162162162162,4.499809670330265,0.1351351351351351,3.044522437723423,0.1756756756756756,1680.0,0.069047619047619,1.0,235.0,0.2382978723404255,1.0,69.0,0.2898550724637681,1.0,27.0,-0.2592592592592592,1.0,0.2033783783783784,low,,,sonepur,odisha,False,,,,,,
2024,manipur,ukhrul,14.0,0.0,27.0,20.0,14.0,3.332204510175204,0.4210526315789473,3.044522437723423,0.5789473684210527,2.70805020110221,0.7894736842105263,2.70805020110221,0.8421052631578947,0.0,0.4473684210526316,26.0,0.0384615384615384,1.0,1.0,13.0,1.0,2.0,6.0,1.0,0.0,0.0,1.0,0.5565789473684211,medium,,,ukhrul,manipur,False,,,,,,183998.0
2024,manipur,total districts,107.0,5.0,4572.0,712.0,195.0,8.427924723658055,1.0,6.569481420414296,1.0,5.278114659230517,1.0,4.68213122712422,1.0,1.791759469228055,1.0,19192.0,-0.7617757398916215,1.0,201.0,-0.0298507462686567,1.0,85.0,0.2588235294117647,1.0,3.0,0.6666666666666666,1.0,1.0,critical,,,total districts,manipur,True,,,,,,
2024,bihar,purnea,548.0,94.0,6585.0,2213.0,896.0,8.792701462936309,0.7659574468085106,7.7025561132685825,0.5957446808510638,6.799055862058796,0.8085106382978723,6.3080984415095305,0.8936170212765957,4.553876891600541,0.5957446808510638,6199.0,0.062268107759316,1.0,778.0,0.1516709511568123,1.0,464.0,0.1810344827586207,1.0,66.0,0.4242424242424242,1.0,0.7446808510638298,high,,,purnea,bihar,False,,,,,,
2024,bihar,patna railway,34.0,14.0,1996.0,786.0,22.0,7.599401333415815,0.2340425531914893,6.668228248417403,0.1276595744680851,3.1354942159291497,0.1276595744680851,3.555348061489413,0.1276595744680851,2.70805020110221,0.1276595744680851,2148.0,-0.0707635009310986,1.0,16.0,0.375,1.0,28.0,0.2142857142857142,1.0,25.0,-0.44,1.0,0.175531914893617,low,,,patna railway,bihar,True,,,,,,
2024,bihar,nawadah,270.0,154.0,5942.0,4466.0,591.0,8.68996933536666,0.723404255319149,8.404472321352118,0.9148936170212766,6.3835066348840055,0.5531914893617021,5.602118820879701,0.574468085106383,5.043425116919247,0.7872340425531915,5647.0,0.0522401275013281,1.0,474.0,0.2468354430379747,1.0,370.0,-0.2702702702702703,1.0,129.0,0.1937984496124031,1.0,0.7031914893617022,high,,,nawadah,bihar,False,24.877299,85.538434,Nawada,118820.0,fuzzy:nawada,
2024,bihar,saharsa,196.0,68.0,3901.0,1732.0,304.0,8.269244521183056,0.4680851063829787,7.457609289715606,0.4361702127659574,5.720311776607412,0.2765957446808511,5.2832037287379885,0.3936170212765957,4.23410650459726,0.4468085106382978,3162.0,0.2337128399746995,1.0,199.0,0.5276381909547738,1.0,54.0,2.6296296296296298,1.0,58.0,0.1724137931034483,1.0,0.4159574468085106,medium,,,saharsa,bihar,False,25.8834961,86.6006249,Saharsa,155175.0,exact,1900661.0
2024,bihar,rohtas,469.0,133.0,7556.0,4364.0,909.0,8.93022956502072,0.8085106382978723,8.381373468273702,0.8723404255319149,6.813444599510896,0.851063829787234,6.152732694704104,0.8085106382978723,4.897839799950911,0.7446808510638298,6527.0,0.1576528267197793,1.0,638.0,0.4247648902821316,1.0,150.0,2.1266666666666665,1.0,156.0,-0.1474358974358974,1.0,0.8138297872340425,high,,,rohtas,bihar,False,24.949036,84.0314295,Sasaram,147396.0,exact,2959918.0
2024,bihar,motihari,441.0,136.0,10235.0,6063.0,1042.0,9.23366619727968,0.9148936170212766,8.710124927322207,0.9361702127659576,6.949856455000773,0.8723404255319149,6.091309882077698,0.776595744680851,4.919980925828125,0.7659574468085106,10991.0,-0.0687835501774178,1.0,1077.0,-0.032497678737233,1.0,478.0,-0.0774058577405857,1.0,80.0,0.7,1.0,0.8723404255319149,high,,,motihari,bihar,False,,,,,,
2024,uttar pradesh,rampur,220.0,70.0,3188.0,6692.0,979.0,8.067462667010057,0.2727272727272727,8.808817483100642,0.8961038961038961,6.887552571664617,0.6493506493506493,5.3981627015177525,0.4935064935064935,4.262679877041316,0.4090909090909091,2369.0,0.3457154917686788,1.0,436.0,1.2454128440366972,1.0,92.0,1.391304347826087,1.0,39.0,0.7948717948717948,1.0,0.4529220779220779,medium,,,rampur,uttar pradesh,False,28.7893041,79.0249516,Rampur,359062.0,exact,2335819.0
2024,bihar,saran,145.0,425.0,11805.0,4408.0,1114.0,9.376363155800634,0.9574468085106383,8.391403185357937,0.8936170212765957,7.016609683894219,0.8936170212765957,4.983606621708336,0.2553191489361702,6.054439346269371,0.9574468085106383,11912.0,-0.0089825386165211,1.0,934.0,0.1927194860813704,1.0,143.0,0.0139860139860139,1.0,174.0,1.442528735632184,1.0,0.8680851063829789,high,,,saran,bihar,False,25.7795649,84.7498886,Chhapra,212955.0,exact,3951862.0
2024,bihar,samastipur,441.0,108.0,5805.0,1575.0,733.0,8.666647144584575,0.7021276595744681,7.362645270417825,0.3617021276595745,6.598509028614515,0.6808510638297872,6.091309882077698,0.776595744680851,4.691347882229144,0.648936170212766,6828.0,-0.1498242530755711,1.0,691.0,0.0607814761215629,1.0,277.0,0.592057761732852,1.0,126.0,-0.1428571428571428,1.0,0.6632978723404256,medium,,,samastipur,bihar,False,,,,,,4261566.0
2024,uttar pradesh,sant kabirnagar,172.0,46.0,2945.0,1474.0,383.0,7.988203597022576,0.2077922077922078,7.29641326877392,0.1688311688311688,5.950642552587727,0.1688311688311688,5.153291594497779,0.3896103896103896,3.8501476017100575,0.1558441558441558,3447.0,-0.1456338845372788,1.0,479.0,-0.2004175365344467,1.0,256.0,-0.328125,1.0,43.0,0.0697674418604651,1.0,0.2064935064935065,low,,,sant kabirnagar,uttar pradesh,False,,,,,,
2024,tamil nadu,tiruppur city,110.0,83.0,1952.0,5250.0,130.0,7.577121930876679,0.196078431372549,8.566173813637858,0.4803921568627451,4.875197323201151,0.2745098039215686,4.709530201312334,0.1666666666666666,4.430816798843313,0.6862745098039216,1897.0,0.0289931470743278,1.0,113.0,0.1504424778761062,1.0,115.0,-0.0434782608695652,1.0,49.0,0.6938775510204082,1.0,0.3107843137254902,low,,,tiruppur,tamil nadu,False,11.1085242,77.3410656,Tirupur,962982.0,exact,2479052.0
2024,tamil nadu,thiruvallur,116.0,40.0,3242.0,6911.0,155.0,8.084254106307318,0.3529411764705882,8.841014310483892,0.6862745098039216,5.049856007249537,0.3137254901960784,4.762173934797756,0.2156862745098039,3.713572066704308,0.2549019607843137,3113.0,0.0414391262447799,1.0,131.0,0.183206106870229,1.0,138.0,-0.1594202898550724,1.0,137.0,-0.708029197080292,1.0,0.35,low,,,tiruvallur,tamil nadu,False,,,,,,3728104.0
2024,jammu kashmir,jammu,143.0,11.0,3991.0,431.0,352.0,8.292047637431354,0.972972972972973,6.068425588244111,0.972972972972973,5.8664680569332965,0.972972972972973,4.969813299576001,0.972972972972973,2.4849066497880004,0.918918918918919,4409.0,-0.0948060784758448,1.0,455.0,-0.2263736263736263,1.0,170.0,-0.1588235294117647,1.0,8.0,0.375,1.0,0.9648648648648648,critical,,,jammu,jammu and kashmir,False,32.726601,74.857031,Jammu,503690.0,exact,1529958.0
2024,jammu kashmir,handwara,23.0,0.0,353.0,64.0,66.0,5.869296913133774,0.3783783783783784,4.174387269895637,0.3783783783783784,4.204692619390966,0.4054054054054054,3.1780538303479458,0.5945945945945946,0.0,0.2702702702702703,506.0,-0.3023715415019762,1.0,70.0,-0.0571428571428571,1.0,2.0,10.5,1.0,0.0,0.0,1.0,0.3891891891891892,low,,,handwara,jammu and kashmir,False,,,,,,
2024,jammu kashmir,shopian,5.0,0.0,355.0,83.0,76.0,5.87493073085203,0.4054054054054054,4.430816798843313,0.4729729729729729,4.343805421853684,0.5405405405405406,1.791759469228055,0.3783783783783784,0.0,0.2702702702702703,411.0,-0.1362530413625304,1.0,90.0,-0.1555555555555555,1.0,30.0,-0.8333333333333334,1.0,0.0,0.0,1.0,0.4162162162162163,medium,,,shopian,jammu and kashmir,False,,,,,,
2024,madhya pradesh,indore railway,5.0,2.0,2102.0,75.0,12.0,7.6511201757027,0.2096774193548387,4.330733340286331,0.0483870967741935,2.5649493574615367,0.0161290322580645,1.791759469228055,0.0241935483870967,1.0986122886681098,0.3951612903225806,1937.0,0.0851832731027361,1.0,26.0,-0.5384615384615384,1.0,20.0,-0.75,1.0,2.0,0.0,1.0,0.1641129032258064,low,,,indore railway,madhya pradesh,True,,,,,,
2024,rajasthan,gangapur city,51.0,6.0,2359.0,611.0,532.0,7.766416898019655,0.3538461538461538,6.416732282512326,0.2307692307692307,6.278521424165844,0.4307692307692308,3.951243718581428,0.2153846153846154,1.9459101490553128,0.2846153846153846,2886.0,-0.1826056826056826,1.0,599.0,-0.1118530884808013,1.0,69.0,-0.2608695652173913,1.0,46.0,-0.8695652173913043,1.0,0.3326923076923077,low,,,gangapur,rajasthan,False,,,,,,
2024,rajasthan,dungarpur,351.0,8.0,2488.0,1219.0,561.0,7.819636302367592,0.3846153846153846,7.106606137727303,0.5230769230769231,6.331501849893691,0.4769230769230769,5.863631175598097,0.9692307692307692,2.19722457733622,0.3538461538461538,2691.0,-0.0754366406540319,1.0,800.0,-0.29875,1.0,413.0,-0.1501210653753026,1.0,0.0,0.0,1.0,0.4707692307692309,medium,,,dungarpur,rajasthan,False,,,,,,1388552.0
2024,madhya pradesh,jabalpur,723.0,3.0,13403.0,9564.0,1154.0,9.5033084488572,0.9838709677419356,9.165865881874351,0.9838709677419356,7.051855622955894,0.9193548387096774,6.584791392385716,0.935483870967742,1.3862943611198906,0.4516129032258064,13246.0,0.0118526347576626,1.0,1270.0,-0.0913385826771653,1.0,708.0,0.0211864406779661,1.0,0.0,0.0,1.0,0.8862903225806451,critical,,,jabalpur,madhya pradesh,False,23.181467,79.9864071,Jabalpur,1267564.0,exact,2463289.0
2024,tamil nadu,tenkasi,245.0,51.0,3347.0,5831.0,260.0,8.116118431609365,0.392156862745098,8.671115273688494,0.5882352941176471,5.564520407322694,0.6078431372549019,5.5053315359323625,0.7254901960784313,3.951243718581428,0.392156862745098,4795.0,-0.3019812304483837,1.0,252.0,0.0317460317460317,1.0,253.0,-0.0316205533596837,1.0,61.0,-0.1639344262295081,1.0,0.4882352941176471,medium,,,tenkasi,tamil nadu,False,,,,,,
2024,jammu kashmir,reasi,77.0,0.0,753.0,125.0,73.0,6.625392368007956,0.6756756756756757,4.836281906951478,0.6486486486486487,4.30406509320417,0.5,4.356708826689592,0.918918918918919,0.0,0.2702702702702703,960.0,-0.215625,1.0,77.0,-0.0519480519480519,1.0,40.0,0.925,1.0,0.0,0.0,1.0,0.6013513513513513,medium,,,reasi,jammu and kashmir,False,,,,,,314667.0
2024,jammu kashmir,ramban,47.0,2.0,987.0,83.0,73.0,6.895682697747868,0.7567567567567568,4.430816798843313,0.4729729729729729,4.30406509320417,0.5,3.871201010907891,0.8108108108108109,1.0986122886681098,0.6621621621621622,1162.0,-0.1506024096385542,1.0,73.0,0.0,1.0,18.0,1.6111111111111112,1.0,4.0,-0.5,1.0,0.6682432432432434,medium,,,ramban,jammu and kashmir,False,,,,,,283713.0
2024,jammu kashmir,sopore,29.0,2.0,467.0,110.0,110.0,6.148468295917647,0.4864864864864865,4.709530201312334,0.5945945945945946,4.709530201312334,0.6621621621621622,3.4011973816621555,0.6756756756756757,1.0986122886681098,0.6621621621621622,537.0,-0.1303538175046555,1.0,124.0,-0.1129032258064516,1.0,21.0,0.3809523809523809,1.0,0.0,0.0,1.0,0.5777027027027026,medium,,,sopore,jammu and kashmir,False,,,,,,
2024,jammu kashmir,poonch,51.0,2.0,888.0,82.0,122.0,6.790097235513905,0.7027027027027027,4.418840607796598,0.4324324324324324,4.812184355372417,0.7027027027027027,3.951243718581428,0.8513513513513513,1.0986122886681098,0.6621621621621622,996.0,-0.108433734939759,1.0,111.0,0.0990990990990991,1.0,46.0,0.108695652173913,1.0,9.0,-0.7777777777777778,1.0,0.6844594594594595,medium,,,poonch,jammu and kashmir,False,,,,,,
2024,jammu kashmir,samba,38.0,0.0,907.0,92.0,67.0,6.811244378601294,0.7297297297297297,4.532599493153256,0.5405405405405406,4.219507705176107,0.4324324324324324,3.6635616461296463,0.7837837837837838,0.0,0.2702702702702703,927.0,-0.0215749730312837,1.0,64.0,0.046875,1.0,25.0,0.52,1.0,1.0,-1.0,1.0,0.5878378378378378,medium,,,samba,jammu and kashmir,False,,,,,,318898.0
2024,tamil nadu,salem city,150.0,47.0,2621.0,9717.0,127.0,7.871692664323645,0.2745098039215686,9.181735114965848,0.9019607843137256,4.852030263919617,0.2549019607843137,5.017279836814924,0.3725490196078431,3.871201010907891,0.3137254901960784,2483.0,0.0555779299234796,1.0,219.0,-0.4200913242009132,1.0,162.0,-0.074074074074074,1.0,50.0,-0.06,1.0,0.3490196078431373,low,,,salem,tamil nadu,False,11.664325,78.1460142,Salem,919150.0,exact,3482056.0
2024,jammu kashmir,special crime wing jammu,0.0,0.0,11.0,5.0,0.0,2.4849066497880004,0.2837837837837837,1.791759469228055,0.2027027027027027,0.0,0.1486486486486486,0.0,0.1621621621621621,0.0,0.2702702702702703,36.0,-0.6944444444444444,1.0,0.0,0.0,1.0,0.0,0.0,1.0,1.0,-1.0,1.0,0.2344594594594594,low,,,special crime wing jammu,jammu and kashmir,False,,,,,,
2024,jammu kashmir,special crime wing kashmir,0.0,0.0,2.0,2.0,0.0,1.0986122886681098,0.1891891891891892,1.0986122886681098,0.054054054054054,0.0,0.1486486486486486,0.0,0.1621621621621621,0.0,0.2702702702702703,17.0,-0.8823529411764706,1.0,2.0,-1.0,1.0,0.0,0.0,1.0,0.0,0.0,1.0,0.177027027027027,low,,,special crime wing kashmir,jammu and kashmir,False,,,,,,
2024,jammu kashmir,total districts,887.0,114.0,22577.0,3785.0,3366.0,10.024731259821491,1.0,8.239065331769268,1.0,8.121777419161074,1.0,6.78897174299217,1.0,4.74493212836325,1.0,25127.0,-0.1014844589485414,1.0,3653.0,-0.0785655625513276,1.0,910.0,-0.0252747252747252,1.0,185.0,-0.3837837837837838,1.0,1.0,critical,,,total districts,jammu and kashmir,True,,,,,,
2024,tamil nadu,sivagangai,119.0,52.0,3663.0,4555.0,161.0,8.20631072579402,0.4705882352941176,8.424200324567073,0.3333333333333333,5.087596335232384,0.3529411764705882,4.787491742782046,0.2352941176470588,3.970291913552122,0.4411764705882353,3689.0,-0.0070479804825155,1.0,169.0,-0.0473372781065088,1.0,108.0,0.1018518518518518,1.0,51.0,0.0196078431372549,1.0,0.4053921568627451,medium,,,sivagangai,tamil nadu,False,10.0731315,78.7801544,Karaikudi,106714.0,fuzzy:sivaganga,
2024,tamil nadu,salem,230.0,59.0,4256.0,7764.0,234.0,8.356319965828153,0.5980392156862745,8.957381735582787,0.7647058823529411,5.459585514144159,0.5686274509803921,5.442417710521793,0.6470588235294118,4.0943445622221,0.5098039215686274,4658.0,-0.0863031343924431,1.0,215.0,0.0883720930232558,1.0,153.0,0.5032679738562091,1.0,50.0,0.18,1.0,0.6004901960784315,medium,,,salem,tamil nadu,False,11.664325,78.1460142,Salem,919150.0,exact,3482056.0
2024,jammu kashmir,pulwama,13.0,0.0,394.0,136.0,69.0,5.978885764901122,0.4594594594594595,4.919980925828125,0.7027027027027027,4.248495242049359,0.4594594594594595,2.6390573296152584,0.4459459459459459,0.0,0.2702702702702703,575.0,-0.3147826086956521,1.0,108.0,-0.3611111111111111,1.0,10.0,0.3,1.0,0.0,0.0,1.0,0.4540540540540541,medium,,,pulwama,jammu and kashmir,False,,,,,,560440.0
2024,tamil nadu,tambaram,133.0,114.0,5067.0,6539.0,183.0,8.53070154144103,0.803921568627451,8.785692444451245,0.6470588235294118,5.214935757608986,0.4313725490196078,4.897839799950911,0.3039215686274509,4.74493212836325,0.8431372549019608,5560.0,-0.0886690647482014,1.0,162.0,0.1296296296296296,1.0,97.0,0.3711340206185567,1.0,78.0,0.4615384615384615,1.0,0.669607843137255,medium,,,tambaram,tamil nadu,False,,,,,,
2024,jharkhand,bokaro,9.0,61.0,3465.0,452.0,214.0,8.150756470275551,0.8518518518518519,6.115892125483034,0.6296296296296297,5.3706380281276624,0.5925925925925926,2.302585092994046,0.1111111111111111,4.127134385045092,0.7777777777777778,3501.0,-0.0102827763496143,1.0,337.0,-0.3649851632047478,1.0,81.0,-0.8888888888888888,1.0,0.0,0.0,1.0,0.6925925925925926,medium,,,bokaro,jharkhand,False,23.6692956,86.151112,Bokaro Steel City,563417.0,exact,2062330.0
2024,jammu kashmir,udhampur,36.0,5.0,1224.0,203.0,91.0,7.110696122978827,0.8918918918918919,5.318119993844216,0.8378378378378378,4.5217885770490405,0.5675675675675675,3.610917912644224,0.7432432432432432,1.791759469228055,0.8243243243243243,1436.0,-0.1476323119777158,1.0,119.0,-0.2352941176470588,1.0,52.0,-0.3076923076923077,1.0,10.0,-0.5,1.0,0.7966216216216216,high,,,udhampur,jammu and kashmir,False,,,,,,554985.0
2024,jharkhand,deoghar,94.0,144.0,2700.0,806.0,300.0,7.901377353792616,0.7407407407407407,6.693323668269949,0.7407407407407407,5.707110264748875,0.6666666666666666,4.553876891600541,0.8148148148148148,4.976733742420574,0.8888888888888888,2835.0,-0.0476190476190476,1.0,368.0,-0.1847826086956521,1.0,120.0,-0.2166666666666666,1.0,99.0,0.4545454545454545,1.0,0.7555555555555555,high,,,deoghar,jharkhand,False,24.4763201,86.6913222,Deoghar,203116.0,exact,1492073.0
2024,jharkhand,chatra,65.0,31.0,1510.0,596.0,202.0,7.32052696227274,0.6296296296296297,6.391917113392602,0.6666666666666666,5.313205979041787,0.5555555555555556,4.189654742026425,0.6666666666666666,3.4657359027997265,0.5185185185185185,1623.0,-0.0696241528034504,1.0,219.0,-0.0776255707762557,1.0,73.0,-0.1095890410958904,1.0,28.0,0.1071428571428571,1.0,0.6055555555555555,medium,,,chatra,jharkhand,False,,,,,,1042886.0
2024,jharkhand,chaibasa,48.0,15.0,763.0,309.0,122.0,6.638567789166521,0.2222222222222222,5.736572297479192,0.2962962962962963,4.812184355372417,0.1851851851851851,3.8918202981106265,0.4444444444444444,2.772588722239781,0.3888888888888889,799.0,-0.0450563204005006,1.0,176.0,-0.3068181818181818,1.0,67.0,-0.2835820895522388,1.0,13.0,0.1538461538461538,1.0,0.2694444444444444,low,,,chaibasa,jharkhand,False,,,,,,
2024,tamil nadu,railway trichy,4.0,0.0,375.0,75.0,4.0,5.929589143389895,0.0588235294117647,4.330733340286331,0.0588235294117647,1.6094379124341005,0.0490196078431372,1.6094379124341005,0.0588235294117647,0.0,0.0294117647058823,554.0,-0.3231046931407942,1.0,6.0,-0.3333333333333333,1.0,5.0,-0.2,1.0,0.0,0.0,1.0,0.0524509803921568,low,,,railway trichy,tamil nadu,True,,,,,,
2024,tamil nadu,pudukottai,110.0,24.0,3926.0,4611.0,135.0,8.27563105457801,0.5490196078431373,8.436416881388949,0.3529411764705882,4.912654885736052,0.2941176470588235,4.709530201312334,0.1666666666666666,3.218875824868201,0.1568627450980392,4464.0,-0.1205197132616487,1.0,122.0,0.1065573770491803,1.0,42.0,1.619047619047619,1.0,20.0,0.2,1.0,0.3813725490196079,low,,,pudukottai,tamil nadu,False,10.379663,78.8208454,Pudukkottai,143745.0,fuzzy:pudukkottai,
2024,madhya pradesh,guna,171.0,13.0,5208.0,1785.0,443.0,8.558143177745192,0.6290322580645161,7.487733761436444,0.3709677419354839,6.095824562432225,0.5,5.147494476813453,0.2096774193548387,2.6390573296152584,0.8306451612903226,5822.0,-0.1054620405358983,1.0,555.0,-0.2018018018018018,1.0,245.0,-0.3020408163265306,1.0,2.0,5.5,1.0,0.565725806451613,medium,,,guna,madhya pradesh,False,24.6348197,77.2979782,Guna,180978.0,exact,1241519.0
2024,rajasthan,jaipur east,298.0,75.0,8675.0,2130.0,847.0,9.068315871946766,0.9846153846153848,7.664346632098617,0.7846153846153846,6.742880635791903,0.8153846153846154,5.700443573390687,0.9230769230769232,4.330733340286331,0.9076923076923076,9603.0,-0.0966364677704883,1.0,1051.0,-0.1941008563273073,1.0,333.0,-0.1051051051051051,1.0,100.0,-0.25,1.0,0.9130769230769232,critical,,,jaipur east,rajasthan,False,,,,,,
2024,uttar pradesh,sonbhadra,246.0,74.0,2254.0,3406.0,564.0,7.720905251936779,0.0909090909090909,8.133587417660966,0.6493506493506493,6.336825731146441,0.3636363636363636,5.5093883366279774,0.5909090909090909,4.31748811353631,0.4285714285714285,2080.0,0.0836538461538461,1.0,441.0,0.2789115646258503,1.0,108.0,1.2777777777777777,1.0,58.0,0.2758620689655172,1.0,0.3019480519480519,low,,,sonbhadra,uttar pradesh,False,,,,,,1862559.0
2024,uttar pradesh,sitapur,593.0,70.0,8631.0,3247.0,1315.0,9.06323150693797,0.8571428571428571,8.085794701281568,0.5714285714285714,7.182352111885263,0.7922077922077922,6.386879319362645,0.9090909090909092,4.262679877041316,0.4090909090909091,7681.0,0.1236818122640281,1.0,895.0,0.4692737430167598,1.0,130.0,3.5615384615384613,1.0,80.0,-0.125,1.0,0.7535714285714287,high,,,sitapur,uttar pradesh,False,27.561892,80.688511,Sitapur,188230.0,exact,4483992.0
2024,bihar,gaya,509.0,224.0,11513.0,6629.0,1125.0,9.351318965235755,0.9361702127659576,8.799360083179907,0.9574468085106383,7.026426808699636,0.9148936170212766,6.234410725718371,0.851063829787234,5.41610040220442,0.9148936170212766,11626.0,-0.0097195940134182,1.0,1069.0,0.0523854069223573,1.0,556.0,-0.0845323741007194,1.0,264.0,-0.1515151515151515,1.0,0.9223404255319148,critical,,,gaya,bihar,False,24.7954523,84.999431,Gaya,470839.0,exact,4391418.0
2024,bihar,economic offences unit,1.0,9.0,13.0,12.0,1.0,2.6390573296152584,0.0425531914893617,2.5649493574615367,0.0425531914893617,0.6931471805599453,0.0425531914893617,0.6931471805599453,0.0425531914893617,2.302585092994046,0.1063829787234042,15.0,-0.1333333333333333,1.0,0.0,0.0,1.0,0.0,0.0,1.0,14.0,-0.3571428571428571,1.0,0.052127659574468,low,,,economic offences unit,bihar,False,,,,,,
2024,bihar,naugachia,187.0,19.0,1775.0,851.0,264.0,7.4821189235521155,0.1914893617021276,6.747586526829315,0.1702127659574468,5.579729825986222,0.2127659574468085,5.236441962829949,0.3191489361702128,2.995732273553991,0.1702127659574468,1755.0,0.0113960113960113,1.0,198.0,0.3333333333333333,1.0,84.0,1.2261904761904765,1.0,63.0,-0.6984126984126984,1.0,0.2031914893617021,low,,,naugachia,bihar,False,,,,,,
2024,bihar,nalanda,560.0,363.0,7571.0,4263.0,884.0,8.932212512329214,0.8297872340425532,8.357962965845681,0.851063829787234,6.785587645007929,0.7659574468085106,6.329720905522696,0.9148936170212766,5.8971538676367405,0.9361702127659576,8382.0,-0.0967549510856597,1.0,830.0,0.0650602409638554,1.0,519.0,0.0789980732177264,1.0,387.0,-0.0620155038759689,1.0,0.8436170212765958,high,,,nalanda,bihar,False,25.1982147,85.5148735,Bihar Sharif,296889.0,exact,2877653.0
2024,bihar,muzaffarpur railway,26.0,3.0,1159.0,983.0,9.0,7.05617528410041,0.1276595744680851,6.891625897052253,0.2127659574468085,2.302585092994046,0.1063829787234042,3.295836866004329,0.1063829787234042,1.3862943611198906,0.0744680851063829,938.0,0.2356076759061833,1.0,11.0,-0.1818181818181818,1.0,20.0,0.3,1.0,2.0,0.5,1.0,0.1218085106382978,low,,,muzaffarpur railway,bihar,True,,,,,,
2024,uttar pradesh,shamli,98.0,80.0,2452.0,1193.0,414.0,7.8050670442584895,0.1168831168831168,7.085064293952548,0.0909090909090909,6.028278520230698,0.2077922077922078,4.59511985013459,0.1298701298701298,4.394449154672439,0.512987012987013,2334.0,0.0505569837189374,1.0,469.0,-0.1172707889125799,1.0,104.0,-0.0576923076923076,1.0,46.0,0.7391304347826086,1.0,0.1931818181818181,low,,,shamli,uttar pradesh,False,29.4507575,77.3152116,Shamli,107233.0,exact,
2024,uttar pradesh,shahjahanpur,246.0,83.0,5805.0,10466.0,683.0,8.666647144584575,0.6363636363636364,9.255982729854884,0.961038961038961,6.52795791762255,0.461038961038961,5.5093883366279774,0.5909090909090909,4.430816798843313,0.5324675324675324,4471.0,0.2983672556475061,1.0,708.0,-0.0353107344632768,1.0,124.0,0.9838709677419356,1.0,50.0,0.66,1.0,0.6136363636363636,medium,,,shahjahanpur,uttar pradesh,False,27.883744,79.9122455,Shahjahanpur,356103.0,exact,3006538.0
2024,uttar pradesh,sidharthnagar,270.0,32.0,1789.0,1756.0,562.0,7.489970898834801,0.0389610389610389,7.471363088187097,0.2077922077922078,6.333279628139691,0.3506493506493506,5.602118820879701,0.6363636363636364,3.49650756146648,0.0649350649350649,3089.0,-0.4208481709291032,1.0,584.0,-0.0376712328767123,1.0,312.0,-0.1346153846153846,1.0,74.0,-0.5675675675675675,1.0,0.1818181818181818,low,,,sidharthnagar,uttar pradesh,False,,,,,,
2024,uttar pradesh,shrawasti,145.0,22.0,1834.0,948.0,368.0,7.51479976048867,0.0519480519480519,6.855408798609928,0.0259740259740259,5.910796644040527,0.1558441558441558,4.983606621708336,0.2597402597402597,3.1354942159291497,0.0389610389610389,1988.0,-0.0774647887323943,1.0,398.0,-0.0753768844221105,1.0,35.0,3.142857142857143,1.0,21.0,0.0476190476190476,1.0,0.0889610389610389,low,,,shrawasti,uttar pradesh,False,,,,,,1117361.0
2024,odisha,sambalpur,214.0,122.0,5643.0,1533.0,633.0,8.638348312972704,0.6756756756756757,7.335633981927201,0.7567567567567568,6.452048954437226,0.4324324324324324,5.3706380281276624,0.3783783783783784,4.812184355372417,0.8378378378378378,5198.0,0.0856098499422854,1.0,393.0,0.6106870229007634,1.0,175.0,0.2228571428571428,1.0,122.0,0.0,1.0,0.6297297297297298,medium,,,sambalpur,odisha,False,21.4668716,83.9811665,Sambalpur,269575.0,exact,
2024,meghalaya,garo hills north,23.0,4.0,120.0,24.0,27.0,4.795790545596741,0.5,3.218875824868201,0.3571428571428571,3.332204510175204,0.5,3.1780538303479458,0.5,1.6094379124341005,0.3214285714285714,51.0,1.3529411764705883,1.0,14.0,0.9285714285714286,1.0,10.0,1.3,1.0,5.0,-0.2,1.0,0.4589285714285714,medium,,,garo hills north,meghalaya,False,,,,,,
2024,meghalaya,garo hills east,16.0,3.0,119.0,20.0,22.0,4.787491742782046,0.4285714285714285,3.044522437723423,0.1428571428571428,3.1354942159291497,0.3214285714285714,2.833213344056216,0.2857142857142857,1.3862943611198906,0.2142857142857142,112.0,0.0625,1.0,30.0,-0.2666666666666666,1.0,23.0,-0.3043478260869565,1.0,3.0,0.0,1.0,0.3321428571428571,low,,,garo hills east,meghalaya,False,,,,,,
2024,meghalaya,cyber cell,0.0,12.0,6.0,6.0,0.0,1.9459101490553128,0.0714285714285714,1.9459101490553128,0.0714285714285714,0.0,0.0714285714285714,0.0,0.0714285714285714,2.5649493574615367,0.7857142857142857,0.0,0.0,1.0,0.0,0.0,1.0,0.0,0.0,1.0,5.0,1.4,1.0,0.1785714285714285,low,,,cyber cell,meghalaya,False,,,,,,
2024,meghalaya,garo hills west,110.0,25.0,461.0,140.0,138.0,6.135564891081739,0.8571428571428571,4.948759890378168,0.8571428571428571,4.934473933130692,0.8571428571428571,4.709530201312334,0.8571428571428571,3.258096538021482,0.9285714285714286,371.0,0.2425876010781671,1.0,80.0,0.725,1.0,82.0,0.3414634146341463,1.0,10.0,1.5,1.0,0.8678571428571429,high,,,garo hills west,meghalaya,False,,,,,,
2024,madhya pradesh,indore commissionarate,1157.0,57.0,12169.0,5191.0,1884.0,9.406729185981574,0.9516129032258064,8.554874258383926,0.935483870967742,7.541683099882111,0.9838709677419356,7.05444965813294,0.967741935483871,4.060443010546419,0.935483870967742,18126.0,-0.3286439368862408,1.0,1919.0,-0.0182386659718603,1.0,1236.0,-0.063915857605178,1.0,86.0,-0.3372093023255814,1.0,0.9556451612903226,critical,,,indore,madhya pradesh,False,22.7195687,75.8577258,Indore,2167447.0,exact,3276697.0
2024,madhya pradesh,harda,194.0,2.0,1970.0,1297.0,273.0,7.58629630715272,0.1935483870967742,7.168579897264035,0.2258064516129032,5.613128106388071,0.2096774193548387,5.272999558563747,0.2741935483870967,1.0986122886681098,0.3951612903225806,2366.0,-0.1673710904480135,1.0,322.0,-0.1521739130434782,1.0,214.0,-0.0934579439252336,1.0,1.0,1.0,1.0,0.2383064516129032,low,,,harda,madhya pradesh,False,,,,,,570465.0
2024,madhya pradesh,gwalior,645.0,85.0,11068.0,2466.0,1213.0,9.311903687385623,0.9193548387096774,7.810758116529357,0.5483870967741935,7.101675971619444,0.935483870967742,6.470799503782602,0.8709677419354839,4.454347296253507,0.9516129032258064,13140.0,-0.1576864535768645,1.0,1517.0,-0.2003955174686882,1.0,844.0,-0.235781990521327,1.0,91.0,-0.0659340659340659,1.0,0.8854838709677418,critical,,,gwalior,madhya pradesh,False,26.2182871,78.1828308,Gwalior,1101981.0,exact,2032036.0
2024,madhya pradesh,indore rural,333.0,8.0,5420.0,1720.0,562.0,8.598035579260339,0.6774193548387096,7.450660796211539,0.3387096774193548,6.333279628139691,0.5967741935483871,5.811140992976701,0.5161290322580645,2.19722457733622,0.6774193548387096,5145.0,0.053449951409135,1.0,537.0,0.0465549348230912,1.0,355.0,-0.0619718309859154,1.0,4.0,1.0,1.0,0.6112903225806451,medium,,,indore,madhya pradesh,False,22.7195687,75.8577258,Indore,2167447.0,exact,3276697.0
2024,jharkhand,dhanbad railway,15.0,0.0,723.0,33.0,2.0,6.584791392385716,0.1481481481481481,3.5263605246161616,0.037037037037037,1.0986122886681098,0.037037037037037,2.772588722239781,0.1481481481481481,0.0,0.074074074074074,489.0,0.4785276073619632,1.0,5.0,-0.6,1.0,4.0,2.75,1.0,0.0,0.0,1.0,0.1037037037037037,low,,,dhanbad railway,jharkhand,True,,,,,,
2024,madhya pradesh,dindori,256.0,1.0,2576.0,1529.0,442.0,7.854381210652365,0.2741935483870967,7.333023014386481,0.2903225806451613,6.093569770045136,0.4838709677419355,5.54907608489522,0.3870967741935484,0.6931471805599453,0.3467741935483871,2361.0,0.0910631088521812,1.0,350.0,0.2628571428571428,1.0,189.0,0.3544973544973545,1.0,1.0,0.0,1.0,0.3399193548387096,low,,,dindori,madhya pradesh,False,,,,,,704524.0
2024,madhya pradesh,dhar,625.0,13.0,7852.0,3525.0,915.0,8.968650903374874,0.8709677419354839,8.167919362957816,0.7903225806451613,6.82001636467413,0.8870967741935484,6.439350371100098,0.8387096774193549,2.6390573296152584,0.8306451612903226,8222.0,-0.0450012162490878,1.0,1010.0,-0.094059405940594,1.0,865.0,-0.2774566473988439,1.0,15.0,-0.1333333333333333,1.0,0.8568548387096775,high,,,dhar,madhya pradesh,False,22.613252,75.6822899,Pithampur,126099.0,exact,2185793.0
2024,rajasthan,jaipur crime,0.0,7.0,409.0,10.0,0.0,6.016157159698354,0.1076923076923077,2.3978952727983707,0.0923076923076923,0.0,0.0461538461538461,0.0,0.0461538461538461,2.079441541679836,0.3307692307692307,19.0,20.526315789473685,1.0,0.0,0.0,1.0,0.0,0.0,1.0,228.0,-0.9692982456140352,1.0,0.1211538461538461,low,,,jaipur crime,rajasthan,False,,,,,,
2024,rajasthan,hanumangarh,258.0,78.0,5007.0,3167.0,885.0,8.518791912779934,0.8,8.060855752934316,0.953846153846154,6.786716950605081,0.8307692307692308,5.556828061699537,0.8153846153846154,4.3694478524670215,0.9307692307692308,5266.0,-0.0491834409418913,1.0,1315.0,-0.3269961977186312,1.0,323.0,-0.2012383900928792,1.0,48.0,0.625,1.0,0.8426923076923077,high,,,hanumangarh,rajasthan,False,29.614436,74.2858121,Hanumangarh,150958.0,exact,1774692.0
2024,rajasthan,grp ajmer,14.0,3.0,1273.0,645.0,13.0,7.149916836132109,0.1692307692307692,6.470799503782602,0.2615384615384615,2.6390573296152584,0.123076923076923,2.70805020110221,0.1307692307692307,1.3862943611198906,0.1769230769230769,1562.0,-0.1850192061459667,1.0,17.0,-0.2352941176470588,1.0,16.0,-0.125,1.0,0.0,0.0,1.0,0.1665384615384615,low,,,grp ajmer,rajasthan,False,,,,,,
2024,tamil nadu,ranipet,162.0,48.0,3184.0,3923.0,105.0,8.066207568006265,0.3333333333333333,8.274866820685254,0.2745098039215686,4.663439094112067,0.1666666666666666,5.093750200806762,0.4117647058823529,3.8918202981106265,0.3333333333333333,2389.0,0.3327752197572206,1.0,67.0,0.5671641791044776,1.0,89.0,0.8202247191011236,1.0,45.0,0.0666666666666666,1.0,0.3019607843137254,low,,,ranipet,tamil nadu,False,,,,,,
2024,tamil nadu,railway chennai,6.0,0.0,735.0,39.0,5.0,6.601230118728877,0.0980392156862745,3.688879454113936,0.0392156862745098,1.791759469228055,0.0784313725490196,1.9459101490553128,0.0784313725490196,0.0,0.0294117647058823,1318.0,-0.4423368740515933,1.0,13.0,-0.6153846153846154,1.0,18.0,-0.6666666666666666,1.0,0.0,0.0,1.0,0.0759803921568627,low,,,railway chennai,tamil nadu,True,,,,,,
2024,jharkhand,dhanbad,95.0,97.0,4139.0,1285.0,509.0,8.32845106681936,0.925925925925926,7.1592919047975645,0.925925925925926,6.234410725718371,0.8888888888888888,4.564348191467836,0.8518518518518519,4.584967478670572,0.8518518518518519,5404.0,-0.2340858623242042,1.0,500.0,0.018,1.0,12.0,6.916666666666667,1.0,102.0,-0.0490196078431372,1.0,0.8999999999999999,critical,,,dhanbad,jharkhand,False,23.7956531,86.4303859,Dhanbad,1195298.0,exact,2684487.0
2024,tamil nadu,ramnathapuram,148.0,23.0,3914.0,5250.0,211.0,8.272570608424903,0.5294117647058824,8.566173813637858,0.4803921568627451,5.356586274672012,0.4901960784313725,5.003946305945459,0.3529411764705882,3.1780538303479458,0.1372549019607843,4022.0,-0.0268523122824465,1.0,183.0,0.1530054644808743,1.0,104.0,0.4230769230769231,1.0,33.0,-0.303030303030303,1.0,0.4401960784313725,medium,,,ramnathapuram,tamil nadu,False,9.5483949,78.5916335,Paramakudi,95579.0,fuzzy:ramanathapuram,
2024,tamil nadu,nilgiris,85.0,51.0,722.0,2401.0,91.0,6.583409222158765,0.0784313725490196,7.784057002639929,0.1568627450980392,4.5217885770490405,0.1176470588235294,4.454347296253507,0.0980392156862745,3.951243718581428,0.392156862745098,694.0,0.0403458213256484,1.0,60.0,0.5166666666666667,1.0,48.0,0.7708333333333334,1.0,25.0,1.04,1.0,0.1431372549019607,low,,,nilgiris,tamil nadu,False,11.4064138,76.6932438,Ooty,88430.0,fuzzy:nilgiri,
2024,tamil nadu,namakkal,255.0,55.0,3387.0,3618.0,158.0,8.127995055771946,0.4509803921568627,8.193953023563742,0.2352941176470588,5.068904202220232,0.3333333333333333,5.545177444479562,0.7843137254901961,4.02535169073515,0.4705882352941176,3397.0,-0.002943773918163,1.0,122.0,0.2950819672131147,1.0,71.0,2.591549295774648,1.0,37.0,0.4864864864864865,1.0,0.442156862745098,medium,,,namakkal,tamil nadu,False,11.4466642,77.6943353,Komarapalayam,171594.0,exact,1726601.0
2024,jharkhand,dumka,78.0,18.0,1136.0,317.0,191.0,7.036148493750536,0.4814814814814814,5.762051382780177,0.3703703703703703,5.2574953720277815,0.5185185185185185,4.3694478524670215,0.7777777777777778,2.9444389791664403,0.4444444444444444,1159.0,-0.0198446937014667,1.0,141.0,0.3546099290780142,1.0,39.0,1.0,1.0,15.0,0.2,1.0,0.5018518518518518,medium,,,dumka,jharkhand,False,,,,,,1321442.0
2024,bihar,katihar,324.0,105.0,3870.0,2013.0,615.0,8.261268150577648,0.4468085106382978,7.607878073278507,0.574468085106383,6.423246963533519,0.574468085106383,5.783825182329737,0.6382978723404256,4.663439094112067,0.6170212765957447,4200.0,-0.0785714285714285,1.0,458.0,0.3427947598253275,1.0,150.0,1.16,1.0,61.0,0.7213114754098361,1.0,0.5297872340425532,medium,,,katihar,bihar,False,25.542424,87.567953,Katihar,240565.0,exact,3071029.0
2024,meghalaya,khasi hills west,38.0,5.0,72.0,44.0,40.0,4.290459441148391,0.3571428571428571,3.80666248977032,0.5714285714285714,3.713572066704308,0.6428571428571429,3.6635616461296463,0.5714285714285714,1.791759469228055,0.5,74.0,-0.027027027027027,1.0,52.0,-0.2307692307692307,1.0,44.0,-0.1363636363636363,1.0,4.0,0.25,1.0,0.4785714285714286,medium,,,khasi hills west,meghalaya,False,,,,,,
2024,meghalaya,khasi hills south west,12.0,5.0,38.0,34.0,15.0,3.6635616461296463,0.1428571428571428,3.555348061489413,0.4285714285714285,2.772588722239781,0.1428571428571428,2.5649493574615367,0.1428571428571428,1.791759469228055,0.5,51.0,-0.2549019607843137,1.0,10.0,0.5,1.0,9.0,0.3333333333333333,1.0,4.0,0.25,1.0,0.2249999999999999,low,,,khasi hills south west,meghalaya,False,,,,,,
2024,odisha,puri,400.0,45.0,7122.0,1687.0,742.0,8.871084263978354,0.8378378378378378,7.431299675155903,0.8108108108108109,6.610696044717759,0.5675675675675675,5.993961427306569,0.7837837837837838,3.828641396489095,0.4054054054054054,7009.0,0.0161221286916821,1.0,860.0,-0.1372093023255814,1.0,428.0,-0.0654205607476635,1.0,74.0,-0.3918918918918919,1.0,0.7108108108108109,high,,,puri,odisha,False,19.8133822,85.8314655,Puri,201026.0,exact,
2024,bihar,khagaria,76.0,47.0,3750.0,835.0,428.0,8.229777750081887,0.425531914893617,6.728628613084702,0.1489361702127659,6.061456918928017,0.425531914893617,4.343805421853684,0.1702127659574468,3.871201010907891,0.3617021276595745,4327.0,-0.1333487404668361,1.0,453.0,-0.0551876379690949,1.0,156.0,-0.5128205128205128,1.0,94.0,-0.5,1.0,0.3627659574468085,low,,,khagaria,bihar,False,,,,,,1666886.0
2024,meghalaya,jaintia hills east,56.0,0.0,130.0,72.0,55.0,4.875197323201151,0.5714285714285714,4.290459441148391,0.7142857142857143,4.02535169073515,0.7142857142857143,4.04305126783455,0.7142857142857143,0.0,0.0714285714285714,110.0,0.1818181818181818,1.0,56.0,-0.0178571428571428,1.0,49.0,0.1428571428571428,1.0,0.0,0.0,1.0,0.5535714285714286,medium,,,jaintia hills east,meghalaya,False,,,,,,
2024,odisha,sundargarh,147.0,40.0,3340.0,1176.0,401.0,8.114025442356757,0.3783783783783784,7.0707241072602764,0.5135135135135135,5.996452088619021,0.2972972972972973,4.997212273764115,0.2702702702702703,3.713572066704308,0.3243243243243243,3068.0,0.0886571056062581,1.0,330.0,0.2151515151515151,1.0,112.0,0.3125,1.0,44.0,-0.0909090909090909,1.0,0.3567567567567568,low,,,sundargarh,odisha,False,22.260423,84.8535844,Rourkela,552970.0,exact,
2024,bihar,katihar railway,6.0,3.0,496.0,723.0,6.0,6.208590026096629,0.0638297872340425,6.584791392385716,0.1063829787234042,1.9459101490553128,0.0851063829787234,1.9459101490553128,0.0851063829787234,1.3862943611198906,0.0744680851063829,519.0,-0.0443159922928709,1.0,8.0,-0.25,1.0,2.0,2.0,1.0,4.0,-0.25,1.0,0.076063829787234,low,,,katihar railway,bihar,True,,,,,,
2024,bihar,lakhisarai,271.0,83.0,2601.0,1472.0,381.0,7.86403565907245,0.2765957446808511,7.29505641646263,0.3404255319148936,5.945420608606575,0.3404255319148936,5.605802066295998,0.5957446808510638,4.430816798843313,0.574468085106383,2296.0,0.1328397212543554,1.0,331.0,0.1510574018126888,1.0,215.0,0.2604651162790697,1.0,38.0,1.1842105263157894,1.0,0.3723404255319149,low,,,lakhisarai,bihar,False,25.1673614,86.0988253,Lakhisarai,99931.0,exact,1000912.0
2024,bihar,kishanganj,148.0,37.0,2131.0,960.0,419.0,7.664815785285735,0.2553191489361702,6.8679744089702925,0.1914893617021276,6.040254711277414,0.3829787234042553,5.003946305945459,0.2978723404255319,3.6375861597263857,0.2553191489361702,1749.0,0.2184105202973127,1.0,297.0,0.4107744107744108,1.0,78.0,0.8974358974358975,1.0,65.0,-0.4307692307692308,1.0,0.2787234042553191,low,,,kishanganj,bihar,False,26.0917422,87.9383822,Kishanganj,107076.0,exact,1690400.0
2024,bihar,darbhanga,534.0,130.0,6590.0,2765.0,893.0,8.79346036105272,0.7872340425531915,7.925157512224703,0.6595744680851063,6.795705775173514,0.7872340425531915,6.282266746896006,0.8723404255319149,4.875197323201151,0.723404255319149,5599.0,0.1769958921235935,1.0,535.0,0.6691588785046729,1.0,98.0,4.448979591836735,1.0,139.0,-0.0647482014388489,1.0,0.7734042553191491,high,,,darbhanga,bihar,False,26.111868,85.896004,Darbhanga,306089.0,exact,3937385.0
2024,bihar,madhepura,256.0,80.0,4713.0,1243.0,424.0,8.458292083496076,0.5106382978723404,7.126087273299125,0.2978723404255319,6.052089168924417,0.4042553191489361,5.54907608489522,0.4893617021276595,4.394449154672439,0.5531914893617021,4253.0,0.1081589466259111,1.0,313.0,0.3546325878594249,1.0,193.0,0.3264248704663212,1.0,37.0,1.162162162162162,1.0,0.4723404255319149,medium,,,madhepura,bihar,False,,,,,,2001762.0
2024,bihar,madhubani,349.0,48.0,5674.0,3483.0,692.0,8.643825842349603,0.6382978723404256,8.155936337972394,0.7659574468085106,6.541029999189903,0.6382978723404256,5.857933154483459,0.6808510638297872,3.8918202981106265,0.3829787234042553,5442.0,0.0426313855200294,1.0,578.0,0.1972318339100346,1.0,319.0,0.0940438871473354,1.0,77.0,-0.3766233766233766,1.0,0.6170212765957447,medium,,,madhubani,bihar,False,,,,,,4487379.0
2024,uttar pradesh,sultanpur,424.0,110.0,6087.0,1231.0,1065.0,8.714074899541522,0.6623376623376623,7.116394144093465,0.1038961038961039,6.97166860472579,0.7142857142857143,6.052089168924417,0.8051948051948052,4.709530201312334,0.6493506493506493,6310.0,-0.0353407290015847,1.0,803.0,0.3262764632627646,1.0,317.0,0.3375394321766561,1.0,62.0,0.7741935483870968,1.0,0.6292207792207792,medium,,,sultanpur,uttar pradesh,False,26.2647757,82.0727061,Sultanpur,116211.0,exact,3797117.0
2024,tamil nadu,perambalur,222.0,16.0,1579.0,1893.0,243.0,7.365180126021013,0.1372549019607843,7.546446273746024,0.1176470588235294,5.497168225293202,0.5882352941176471,5.407171771460119,0.5882352941176471,2.833213344056216,0.1078431372549019,1534.0,0.029335071707953,1.0,169.0,0.4378698224852071,1.0,136.0,0.6323529411764706,1.0,14.0,0.1428571428571428,1.0,0.2661764705882353,low,,,perambalur,tamil nadu,False,,,,,,565223.0
2024,tamil nadu,other units,2.0,99.0,94.0,416.0,4.0,4.553876891600541,0.0392156862745098,6.0330862217988015,0.0784313725490196,1.6094379124341005,0.0490196078431372,1.0986122886681098,0.0392156862745098,4.605170185988092,0.7843137254901961,17.0,4.529411764705882,1.0,0.0,0.0,1.0,0.0,0.0,1.0,18.0,4.5,1.0,0.1568627450980391,low,,,other units,tamil nadu,False,,,,,,
2024,jammu kashmir,srinagar,16.0,2.0,2022.0,331.0,339.0,7.612336837167746,0.945945945945946,5.805134968916488,0.945945945945946,5.828945617610208,0.945945945945946,2.833213344056216,0.5135135135135135,1.0986122886681098,0.6621621621621622,2377.0,-0.1493479175431215,1.0,399.0,-0.150375939849624,1.0,117.0,-0.8632478632478633,1.0,1.0,1.0,1.0,0.8601351351351353,high,,,srinagar,jammu and kashmir,False,34.081413,74.807591,Srinagar,1192792.0,exact,1236829.0
2024,jharkhand,giridih,177.0,46.0,2980.0,408.0,412.0,8.000014093678072,0.7777777777777778,6.013715156042802,0.4814814814814814,6.023447592961033,0.7777777777777778,5.181783550292085,0.925925925925926,3.8501476017100575,0.6666666666666666,3409.0,-0.1258433558228219,1.0,421.0,-0.0213776722090261,1.0,46.0,2.847826086956522,1.0,65.0,-0.2923076923076923,1.0,0.7462962962962962,high,,,giridih,jharkhand,False,24.1821391,86.2869507,Giridih,143529.0,exact,2445474.0
2024,jharkhand,garhwa,125.0,50.0,1976.0,988.0,429.0,7.589335823170617,0.6666666666666666,6.8966943316227125,0.8888888888888888,6.063785208687608,0.8148148148148148,4.836281906951478,0.8888888888888888,3.9318256327243257,0.7037037037037037,1924.0,0.027027027027027,1.0,487.0,-0.1190965092402464,1.0,169.0,-0.2603550295857988,1.0,26.0,0.9230769230769232,1.0,0.7462962962962963,high,,,garhwa,jharkhand,False,,,,,,1322784.0
2024,jharkhand,jamshedpur,58.0,254.0,3271.0,979.0,489.0,8.093156697722637,0.8148148148148148,6.887552571664617,0.8518518518518519,6.194405391104672,0.8518518518518519,4.07753744390572,0.5185185185185185,5.541263545158426,0.925925925925926,3220.0,0.0158385093167701,1.0,430.0,0.1372093023255814,1.0,33.0,0.7575757575757576,1.0,107.0,1.3738317757009346,1.0,0.8129629629629629,high,,,jamshedpur,jharkhand,False,,,,,,
2024,jharkhand,hazaribagh,62.0,56.0,3601.0,866.0,405.0,8.189244525735901,0.8888888888888888,6.765038976780541,0.8148148148148148,6.0063531596017325,0.7407407407407407,4.143134726391533,0.5925925925925926,4.04305126783455,0.7407407407407407,4353.0,-0.1727544222375373,1.0,590.0,-0.3135593220338983,1.0,119.0,-0.4789915966386555,1.0,50.0,0.12,1.0,0.7999999999999999,high,,,hazaribagh,jharkhand,False,23.9966213,85.3691068,Hazaribagh,153599.0,fuzzy:hazaribag,1734495.0
2024,jharkhand,gumla,59.0,12.0,899.0,391.0,139.0,6.802394763324311,0.3703703703703703,5.971261839790462,0.4444444444444444,4.941642422609304,0.2962962962962963,4.0943445622221,0.5555555555555556,2.5649493574615367,0.2777777777777778,904.0,-0.0055309734513274,1.0,231.0,-0.3982683982683982,1.0,131.0,-0.549618320610687,1.0,20.0,-0.4,1.0,0.3675925925925926,low,,,gumla,jharkhand,False,,,,,,1025213.0
2024,tamil nadu,madurai,214.0,109.0,5263.0,5230.0,285.0,8.568646473005153,0.8431372549019608,8.562357743370612,0.4509803921568627,5.655991810819852,0.7450980392156863,5.3706380281276624,0.5588235294117647,4.700480365792417,0.8235294117647058,6180.0,-0.1483818770226537,1.0,287.0,-0.0069686411149825,1.0,179.0,0.1955307262569832,1.0,29.0,2.7586206896551726,1.0,0.7529411764705882,high,,,madurai,tamil nadu,False,9.9252007,78.1197754,Madurai,1462420.0,exact,3038252.0
2024,jharkhand,jamshedpur railway,1.0,6.0,266.0,36.0,5.0,5.58724865840025,0.037037037037037,3.610917912644224,0.074074074074074,1.791759469228055,0.074074074074074,0.6931471805599453,0.074074074074074,1.9459101490553128,0.1481481481481481,206.0,0.2912621359223301,1.0,4.0,0.25,1.0,1.0,0.0,1.0,3.0,1.0,1.0,0.0685185185185185,low,,,jamshedpur railway,jharkhand,True,,,,,,
2024,tamil nadu,nagapattinam,128.0,9.0,1290.0,3524.0,121.0,7.1631723908466425,0.1176470588235294,8.16763571524637,0.2156862745098039,4.804021044733257,0.2352941176470588,4.859812404361672,0.2549019607843137,2.302585092994046,0.0784313725490196,1616.0,-0.2017326732673267,1.0,106.0,0.1415094339622641,1.0,62.0,1.064516129032258,1.0,21.0,-0.5714285714285714,1.0,0.1588235294117647,low,,,nagapattinam,tamil nadu,False,10.7656082,79.8423888,Nagapattinam,102905.0,exact,1616450.0
2024,rajasthan,grp jodhpur,7.0,0.0,392.0,152.0,12.0,5.973809611869261,0.0923076923076923,5.030437921392435,0.123076923076923,2.5649493574615367,0.1076923076923077,2.079441541679836,0.1076923076923077,0.0,0.0461538461538461,400.0,-0.02,1.0,11.0,0.0909090909090909,1.0,2.0,2.5,1.0,0.0,0.0,1.0,0.093076923076923,low,,,grp jodhpur,rajasthan,False,,,,,,
2024,tamil nadu,mayiladuthurai,141.0,16.0,2180.0,4720.0,167.0,7.687538766201629,0.2352941176470588,8.459775920546287,0.3725490196078431,5.123963979403259,0.392156862745098,4.955827057601261,0.3333333333333333,2.833213344056216,0.1078431372549019,2403.0,-0.0928006658343737,1.0,151.0,0.1059602649006622,1.0,103.0,0.3689320388349514,1.0,38.0,-0.5789473684210527,1.0,0.271078431372549,low,,,mayiladuthurai,tamil nadu,False,,,,,,
2024,tamil nadu,madurai city,129.0,91.0,3354.0,11804.0,233.0,8.118207049405783,0.4313725490196078,9.376278449519614,0.9215686274509804,5.455321115357702,0.5490196078431373,4.867534450455582,0.2745098039215686,4.5217885770490405,0.7450980392156863,4187.0,-0.1989491282541199,1.0,260.0,-0.1038461538461538,1.0,110.0,0.1727272727272727,1.0,63.0,0.4444444444444444,1.0,0.5352941176470589,medium,,,madurai,tamil nadu,False,9.9252007,78.1197754,Madurai,1462420.0,exact,3038252.0
2024,madhya pradesh,cyber crime cell,5.0,361.0,0.0,361.0,54.0,0.0,0.0161290322580645,5.891644211825772,0.064516129032258,4.007333185232471,0.064516129032258,1.791759469228055,0.0241935483870967,5.891644211825772,0.9838709677419356,0.0,0.0,1.0,7.0,6.714285714285714,1.0,2.0,1.5,1.0,161.0,1.2422360248447204,1.0,0.1766129032258064,low,,,cyber crime cell,madhya pradesh,False,,,,,,
2024,madhya pradesh,chhindwara,421.0,0.0,4844.0,4334.0,613.0,8.485702524324866,0.5967741935483871,8.374476889214643,0.8709677419354839,6.419994928147142,0.6612903225806451,6.045005314036012,0.6935483870967742,0.0,0.1693548387096774,5315.0,-0.0886171213546566,1.0,675.0,-0.0918518518518518,1.0,457.0,-0.0787746170678337,1.0,0.0,0.0,1.0,0.5826612903225807,medium,,,chhindwara,madhya pradesh,False,22.057437,78.9381729,Chhindwara,190008.0,exact,2090922.0
2024,bihar,jehanabad,189.0,108.0,2889.0,1254.0,359.0,7.969011781106478,0.3191489361702128,7.134890851565884,0.3191489361702128,5.886104031450156,0.3191489361702128,5.247024072160486,0.3404255319148936,4.691347882229144,0.648936170212766,2764.0,0.0452243125904486,1.0,229.0,0.5676855895196506,1.0,134.0,0.4104477611940298,1.0,75.0,0.44,1.0,0.3707446808510638,low,,,jehanabad,bihar,False,25.2139287,84.9895549,Jehanabad,102456.0,exact,1125313.0
2024,bihar,anti terrorist squad,0.0,0.0,0.0,0.0,0.0,0.0,0.0212765957446808,0.0,0.0212765957446808,0.0,0.0212765957446808,0.0,0.0212765957446808,0.0,0.0212765957446808,0.0,0.0,1.0,0.0,0.0,1.0,0.0,0.0,1.0,0.0,0.0,1.0,0.0212765957446808,low,,,anti terrorist squad,bihar,False,,,,,,
2024,uttarakhand,rudra prayag,19.0,6.0,137.0,151.0,25.0,4.927253685157205,0.25,5.0238805208462765,0.375,3.258096538021482,0.25,2.995732273553991,0.25,1.9459101490553128,0.25,95.0,0.4421052631578947,1.0,21.0,0.1904761904761904,1.0,13.0,0.4615384615384615,1.0,7.0,-0.1428571428571428,1.0,0.2625,low,,,rudra prayag,uttarakhand,False,,,,,,
2024,uttarakhand,pithoragarh,46.0,19.0,253.0,297.0,75.0,5.537334267018537,0.5,5.697093486505405,0.6875,4.330733340286331,0.5625,3.8501476017100575,0.5,2.995732273553991,0.625,381.0,-0.3359580052493438,1.0,99.0,-0.2424242424242424,1.0,62.0,-0.2580645161290322,1.0,26.0,-0.2692307692307692,1.0,0.55,medium,,,pithoragarh,uttarakhand,False,,,,,,483439.0
2024,bihar,jamui,146.0,41.0,3297.0,2244.0,351.0,8.101071503119543,0.3829787234042553,7.716460800176355,0.6170212765957447,5.863631175598097,0.2978723404255319,4.990432586778736,0.2765957446808511,3.737669618283368,0.3404255319148936,3270.0,0.0082568807339449,1.0,309.0,0.1359223300970873,1.0,119.0,0.226890756302521,1.0,56.0,-0.2678571428571428,1.0,0.3723404255319149,low,,,jamui,bihar,False,,,,,,1760405.0
2024,bihar,jamalpur railway,2.0,2.0,532.0,275.0,2.0,6.278521424165844,0.0851063829787234,5.62040086571715,0.0638297872340425,1.0986122886681098,0.0638297872340425,1.0986122886681098,0.0638297872340425,1.0986122886681098,0.0425531914893617,622.0,-0.1446945337620578,1.0,5.0,-0.6,1.0,1.0,1.0,1.0,0.0,0.0,1.0,0.0702127659574468,low,,,jamalpur railway,bihar,True,,,,,,
2024,bihar,gopalganj,389.0,171.0,4975.0,3010.0,552.0,8.512381634419015,0.5531914893617021,8.010027528481734,0.7021276595744681,6.315358001522335,0.5106382978723404,5.966146739123692,0.723404255319149,5.147494476813453,0.8085106382978723,5287.0,-0.059012672593153,1.0,547.0,0.0091407678244972,1.0,283.0,0.3745583038869258,1.0,63.0,1.7142857142857142,1.0,0.6148936170212767,medium,,,gopalganj,bihar,False,,,,,,2562012.0
2024,bihar,kaimur,301.0,32.0,3249.0,1838.0,451.0,8.086410275323782,0.3404255319148936,7.516977224604321,0.4893617021276595,6.113682179832232,0.4893617021276595,5.71042701737487,0.6170212765957447,3.49650756146648,0.2127659574468085,3162.0,0.0275142314990512,1.0,395.0,0.1417721518987341,1.0,205.0,0.4682926829268293,1.0,57.0,-0.4385964912280701,1.0,0.3936170212765958,low,,,kaimur,bihar,False,,,,,,
2024,uttar pradesh,varanasi commissionarate,470.0,256.0,8557.0,1189.0,1378.0,9.054621796976765,0.8441558441558441,7.081708586105575,0.0779220779220779,7.229113877793302,0.8051948051948052,6.154858094016418,0.8571428571428571,5.54907608489522,0.8571428571428571,8015.0,0.0676232064878353,1.0,1167.0,0.1808054841473864,1.0,275.0,0.7090909090909091,1.0,388.0,-0.3402061855670103,1.0,0.762987012987013,high,,,varanasi,uttar pradesh,False,25.3176452,82.9739144,Varanasi,1435113.0,exact,3676841.0
2024,uttar pradesh,unnao,433.0,77.0,6552.0,3372.0,1174.0,8.787678239039497,0.6753246753246753,8.12355783506165,0.6233766233766234,7.069023426578259,0.7662337662337663,6.073044534100405,0.8181818181818182,4.356708826689592,0.474025974025974,5463.0,0.1993410214168039,1.0,1059.0,0.1085930122757318,1.0,314.0,0.3789808917197452,1.0,68.0,0.1323529411764706,1.0,0.6724025974025974,medium,,,unnao,uttar pradesh,False,26.5393449,80.4878195,Unnao,178681.0,exact,3108367.0
2024,uttar pradesh,total districts,22222.0,11073.0,430552.0,277847.0,66398.0,12.97282570793188,1.0,12.534829480553674,1.0,11.103437275110156,1.0,10.008883067581468,1.0,9.312355297382911,1.0,428794.0,0.0040998708004309,1.0,66381.0,0.0002560973772615,1.0,18852.0,0.178760874177806,1.0,10794.0,0.0258476931628682,1.0,1.0,critical,,,total districts,uttar pradesh,True,,,,,,
2024,meghalaya,total districts,556.0,97.0,3233.0,753.0,658.0,8.081475040137052,1.0,6.625392368007956,1.0,6.490723534502507,1.0,6.322565239927284,1.0,4.584967478670572,1.0,2730.0,0.1842490842490842,1.0,628.0,0.0477707006369426,1.0,512.0,0.0859375,1.0,64.0,0.515625,1.0,1.0,critical,,,total districts,meghalaya,True,,,,,,
2024,meghalaya,khasi hills east,146.0,7.0,1528.0,189.0,189.0,7.332369205929062,0.9285714285714286,5.247024072160486,0.9285714285714286,5.247024072160486,0.9285714285714286,4.990432586778736,0.9285714285714286,2.079441541679836,0.7142857142857143,1227.0,0.2453137734311328,1.0,180.0,0.05,1.0,129.0,0.1317829457364341,1.0,24.0,-0.7083333333333334,1.0,0.8964285714285715,critical,,,khasi hills east,meghalaya,False,,,,,,
2024,meghalaya,khasi hills eastern west,19.0,6.0,64.0,21.0,24.0,4.174387269895637,0.2857142857142857,3.091042453358316,0.2142857142857142,3.218875824868201,0.4285714285714285,2.995732273553991,0.4285714285714285,1.9459101490553128,0.6428571428571429,42.0,0.5238095238095238,1.0,26.0,-0.0769230769230769,1.0,27.0,-0.2962962962962963,1.0,1.0,5.0,1.0,0.375,low,,,khasi hills eastern west,meghalaya,False,,,,,,
2024,meghalaya,jaintia hills west,39.0,5.0,157.0,53.0,38.0,5.062595033026967,0.7142857142857143,3.9889840465642745,0.6428571428571429,3.6635616461296463,0.5714285714285714,3.688879454113936,0.6428571428571429,1.791759469228055,0.5,160.0,-0.01875,1.0,54.0,-0.2962962962962963,1.0,43.0,-0.0930232558139534,1.0,5.0,0.0,1.0,0.6392857142857142,medium,,,jaintia hills west,meghalaya,False,,,,,,
2024,meghalaya,ri bhoi,65.0,20.0,350.0,92.0,70.0,5.860786223465865,0.7857142857142857,4.532599493153256,0.7857142857142857,4.262679877041316,0.7857142857142857,4.189654742026425,0.7857142857142857,3.044522437723423,0.8571428571428571,356.0,-0.0168539325842696,1.0,79.0,-0.1139240506329113,1.0,48.0,0.3541666666666667,1.0,0.0,0.0,1.0,0.7964285714285713,high,,,ri bhoi,meghalaya,False,,,,,,
2024,rajasthan,jaipur rural,159.0,24.0,4356.0,920.0,643.0,8.379539026117442,0.7230769230769231,6.825460036255307,0.3846153846153846,6.467698726104354,0.5538461538461539,5.075173815233827,0.6615384615384615,3.218875824868201,0.6692307692307692,4265.0,0.0213364595545134,1.0,611.0,0.0523731587561374,1.0,127.0,0.2519685039370078,1.0,28.0,-0.1428571428571428,1.0,0.6411538461538461,medium,,,jaipur,rajasthan,False,26.9124336,75.7872709,Jaipur,3046163.0,exact,6626178.0
2024,madhya pradesh,dewas,342.0,0.0,7668.0,5648.0,754.0,8.94494150776486,0.8548387096774194,8.639233817325263,0.967741935483871,6.626717749249025,0.7903225806451613,5.83773044716594,0.5806451612903226,0.0,0.1693548387096774,7247.0,0.0580930040016558,1.0,702.0,0.074074074074074,1.0,460.0,-0.2565217391304348,1.0,0.0,0.0,1.0,0.722983870967742,high,,,dewas,madhya pradesh,False,22.9622672,76.0507949,Dewas,289438.0,exact,1563715.0
2024,madhya pradesh,damoh,247.0,6.0,3752.0,3207.0,366.0,8.23031079913502,0.4516129032258064,8.073402968986406,0.7419354838709677,5.905361848054571,0.3225806451612903,5.513428746164983,0.3709677419354839,1.9459101490553128,0.5967741935483871,4196.0,-0.105815061963775,1.0,506.0,-0.2766798418972332,1.0,306.0,-0.1928104575163398,1.0,3.0,1.0,1.0,0.4685483870967742,medium,,,damoh,madhya pradesh,False,23.8380986,79.4421731,Damoh,147515.0,exact,1264219.0
2024,madhya pradesh,datia,142.0,4.0,3178.0,2897.0,312.0,8.064321960910803,0.3548387096774194,7.971776122880628,0.7096774193548387,5.746203190540153,0.2741935483870967,4.962844630259907,0.1612903225806451,1.6094379124341005,0.5,2848.0,0.1158707865168539,1.0,310.0,0.0064516129032258,1.0,137.0,0.0364963503649635,1.0,2.0,1.0,1.0,0.3766129032258065,low,,,datia,madhya pradesh,False,25.6653262,78.4609393,Datia,100466.0,exact,786754.0
2024,madhya pradesh,burhanpur,163.0,8.0,1112.0,2383.0,222.0,7.014814351275545,0.064516129032258,7.776535028185241,0.5161290322580645,5.407171771460119,0.1612903225806451,5.099866427824199,0.1854838709677419,2.19722457733622,0.6774193548387096,2535.0,-0.5613412228796845,1.0,326.0,-0.3190184049079754,1.0,143.0,0.1398601398601398,1.0,0.0,0.0,1.0,0.2330645161290322,low,,,burhanpur,madhya pradesh,False,21.3193875,76.2224273,Burhanpur,210891.0,exact,757847.0
2024,madhya pradesh,chhatarpur,490.0,11.0,6847.0,2533.0,789.0,8.831711917821577,0.8387096774193549,7.837554360881084,0.5806451612903226,6.672032945461067,0.8225806451612904,6.19644412779452,0.7580645161290323,2.4849066497880004,0.7983870967741935,5758.0,0.1891281695032997,1.0,691.0,0.1418234442836468,1.0,464.0,0.0560344827586206,1.0,8.0,0.375,1.0,0.7955645161290323,high,,,chhatarpur,madhya pradesh,False,24.9163562,79.5811827,Chhatarpur,147688.0,exact,1762375.0
2024,rajasthan,jaipur south,187.0,102.0,7430.0,2060.0,730.0,8.91341571815747,0.9230769230769232,7.630946580890459,0.7538461538461538,6.594413459749778,0.6615384615384615,5.236441962829949,0.7076923076923077,4.634728988229636,0.9846153846153848,8029.0,-0.0746045584755262,1.0,902.0,-0.1906873614190687,1.0,219.0,-0.1461187214611872,1.0,107.0,-0.0467289719626168,1.0,0.8415384615384616,high,,,jaipur south,rajasthan,False,,,,,,
2024,jharkhand,palamu,195.0,45.0,2571.0,856.0,564.0,7.85243908535751,0.7037037037037037,6.75343791859778,0.7777777777777778,6.336825731146441,0.925925925925926,5.278114659230517,0.9629629629629628,3.828641396489095,0.6296296296296297,2803.0,-0.0827684623617552,1.0,502.0,0.1235059760956175,1.0,143.0,0.3636363636363636,1.0,25.0,0.8,1.0,0.7703703703703704,high,,,palamu,jharkhand,False,24.0420432,84.0907246,Medininagar,119972.0,exact,1939869.0
2024,jharkhand,koderma,63.0,0.0,981.0,418.0,155.0,6.889591308354466,0.4074074074074074,6.037870919922137,0.5185185185185185,5.049856007249537,0.4074074074074074,4.158883083359672,0.6296296296296297,0.0,0.074074074074074,964.0,0.0176348547717842,1.0,169.0,-0.0828402366863905,1.0,40.0,0.575,1.0,17.0,-1.0,1.0,0.3907407407407408,low,,,koderma,jharkhand,False,24.4289365,85.5354724,Jhumri Telaiya,87867.0,exact,
2024,jharkhand,khunti,24.0,8.0,398.0,248.0,57.0,5.988961416889864,0.074074074074074,5.517452896464707,0.2222222222222222,4.060443010546419,0.1111111111111111,3.218875824868201,0.2407407407407407,2.19722457733622,0.2037037037037037,530.0,-0.2490566037735849,1.0,89.0,-0.3595505617977528,1.0,14.0,0.7142857142857143,1.0,4.0,1.0,1.0,0.1324074074074074,low,,,khunti,jharkhand,False,,,,,,531885.0
2024,jharkhand,jamtara,40.0,83.0,775.0,254.0,140.0,6.654152520183219,0.2592592592592592,5.541263545158426,0.2592592592592592,4.948759890378168,0.3333333333333333,3.713572066704308,0.3703703703703703,4.430816798843313,0.8148148148148148,614.0,0.262214983713355,1.0,114.0,0.2280701754385964,1.0,13.0,2.076923076923077,1.0,75.0,0.1066666666666666,1.0,0.3685185185185185,low,,,jamtara,jharkhand,False,,,,,,791042.0
2024,jharkhand,pakur,17.0,8.0,884.0,169.0,138.0,6.785587645007929,0.3333333333333333,5.135798437050262,0.1481481481481481,4.934473933130692,0.2592592592592592,2.8903717578961645,0.1851851851851851,2.19722457733622,0.2037037037037037,724.0,0.2209944751381215,1.0,170.0,-0.188235294117647,1.0,18.0,-0.0555555555555555,1.0,20.0,-0.6,1.0,0.2657407407407407,low,,,pakur,jharkhand,False,,,,,,900422.0
2024,jharkhand,lohardagga,0.0,0.0,800.0,131.0,73.0,6.68586094706836,0.2962962962962963,4.882801922586371,0.1111111111111111,4.30406509320417,0.1481481481481481,0.0,0.037037037037037,0.0,0.074074074074074,711.0,0.1251758087201125,1.0,143.0,-0.4895104895104895,1.0,29.0,-1.0,1.0,6.0,-1.0,1.0,0.1888888888888888,low,,,lohardagga,jharkhand,False,,,,,,
2024,jharkhand,latehar,37.0,14.0,744.0,319.0,172.0,6.61338421837956,0.1851851851851851,5.768320995793772,0.4074074074074074,5.153291594497779,0.4444444444444444,3.6375861597263857,0.3333333333333333,2.70805020110221,0.3333333333333333,856.0,-0.1308411214953271,1.0,213.0,-0.1924882629107981,1.0,43.0,-0.1395348837209302,1.0,40.0,-0.65,1.0,0.2962962962962963,low,,,latehar,jharkhand,False,,,,,,726978.0
2024,tamil nadu,kanchipuram,103.0,86.0,3353.0,2145.0,86.0,8.117908942383155,0.4117647058823529,7.671360923190644,0.1372549019607843,4.465908118654584,0.0980392156862745,4.6443908991413725,0.1372549019607843,4.465908118654584,0.7058823529411765,6409.0,-0.4768294585738805,1.0,55.0,0.5636363636363636,1.0,78.0,0.3205128205128205,1.0,71.0,0.2112676056338028,1.0,0.3382352941176471,low,,,kanchipuram,tamil nadu,False,12.8341735,79.7036402,Kanchipuram,164265.0,exact,
2024,jharkhand,ramgarh,24.0,12.0,1115.0,312.0,187.0,7.017506142941256,0.4444444444444444,5.746203190540153,0.3333333333333333,5.236441962829949,0.4814814814814814,3.218875824868201,0.2407407407407407,2.5649493574615367,0.2777777777777778,839.0,0.3289630512514899,1.0,133.0,0.4060150375939849,1.0,39.0,-0.3846153846153846,1.0,22.0,-0.4545454545454545,1.0,0.3953703703703703,low,,,ramgarh,jharkhand,False,23.6332243,85.5148735,Ramgarh,132441.0,exact,949443.0
2024,bihar,banka,196.0,40.0,3429.0,1825.0,300.0,8.140315540159985,0.4042553191489361,7.509883061154913,0.4680851063829787,5.707110264748875,0.2553191489361702,5.2832037287379885,0.3936170212765957,3.713572066704308,0.3085106382978723,3922.0,-0.1257011728709842,1.0,291.0,0.0309278350515463,1.0,153.0,0.2810457516339869,1.0,36.0,0.1111111111111111,1.0,0.3654255319148936,low,,,banka,bihar,False,,,,,,2034763.0
2024,mizoram,champhai,13.0,7.0,340.0,224.0,51.0,5.831882477283517,0.8666666666666667,5.41610040220442,0.9333333333333332,3.951243718581428,0.8666666666666667,2.6390573296152584,0.7333333333333333,2.079441541679836,0.8666666666666667,124.0,1.7419354838709675,1.0,22.0,1.318181818181818,1.0,18.0,-0.2777777777777778,1.0,0.0,0.0,1.0,0.8600000000000001,high,,,champhai,mizoram,False,,,,,,125745.0
2024,odisha,nayagarh,233.0,43.0,3023.0,810.0,367.0,8.014335737299424,0.3243243243243243,6.698268054115413,0.3243243243243243,5.908082938168931,0.2702702702702703,5.455321115357702,0.5135135135135135,3.784189633918261,0.3783783783783784,3024.0,-0.0003306878306878,1.0,399.0,-0.0802005012531328,1.0,139.0,0.6762589928057554,1.0,31.0,0.3870967741935484,1.0,0.3405405405405406,low,,,nayagarh,odisha,False,,,,,,
2024,odisha,mayurbhanj,516.0,95.0,6591.0,2483.0,1482.0,8.793612071589308,0.7837837837837838,7.81762544305337,0.945945945945946,7.301822342137932,0.918918918918919,6.248042874508429,0.8918918918918919,4.564348191467836,0.7567567567567568,7183.0,-0.0824168174857302,1.0,1842.0,-0.1954397394136807,1.0,534.0,-0.0337078651685393,1.0,96.0,-0.0104166666666666,1.0,0.8337837837837837,high,,,mayurbhanj,odisha,False,21.9322338,86.7516942,Baripada,116874.0,exact,
2024,odisha,nabarangpur,164.0,41.0,2413.0,1072.0,576.0,7.789040401657477,0.2972972972972973,6.9782137426306985,0.4594594594594595,6.3578422665081,0.4054054054054054,5.10594547390058,0.2972972972972973,3.737669618283368,0.3513513513513513,2235.0,0.0796420581655481,1.0,627.0,-0.0813397129186602,1.0,167.0,-0.0179640718562874,1.0,41.0,0.0,1.0,0.3432432432432433,low,,,nabarangpur,odisha,False,,,,,,
2024,odisha,rourkela,220.0,227.0,4747.0,1482.0,660.0,8.465478755729558,0.5135135135135135,7.301822342137932,0.7297297297297297,6.493753839851686,0.4594594594594595,5.3981627015177525,0.4189189189189189,5.429345628954441,0.945945945945946,3736.0,0.270610278372591,1.0,540.0,0.2222222222222222,1.0,169.0,0.301775147928994,1.0,121.0,0.8760330578512396,1.0,0.5797297297297298,medium,,,rourkela,odisha,False,,,,,,
2024,odisha,rayagada,124.0,19.0,2379.0,1189.0,285.0,7.77485576666552,0.2702702702702703,7.081708586105575,0.5405405405405406,5.655991810819852,0.1891891891891892,4.8283137373023015,0.2162162162162162,2.995732273553991,0.1351351351351351,2116.0,0.1242911153119092,1.0,259.0,0.1003861003861003,1.0,107.0,0.1588785046728972,1.0,31.0,-0.3870967741935484,1.0,0.2554054054054054,low,,,rayagada,odisha,False,,,,,,
2024,bihar,begusarai,208.0,71.0,5690.0,1979.0,774.0,8.646641258603124,0.6595744680851063,7.590852123688581,0.5531914893617021,6.652863029353347,0.7021276595744681,5.342334251964811,0.4468085106382978,4.276666119016055,0.4680851063829787,5181.0,0.0982435823200154,1.0,538.0,0.4386617100371747,1.0,148.0,0.4054054054054054,1.0,101.0,-0.297029702970297,1.0,0.6074468085106384,medium,,,begusarai,bihar,False,25.416675,86.1293792,Begusarai,251136.0,exact,2970541.0
2024,uttarakhand,chamoli,32.0,6.0,172.0,128.0,57.0,5.153291594497779,0.3125,4.859812404361672,0.25,4.060443010546419,0.375,3.49650756146648,0.375,1.9459101490553128,0.25,179.0,-0.0391061452513966,1.0,50.0,0.14,1.0,34.0,-0.0588235294117647,1.0,6.0,0.0,1.0,0.315625,low,,,chamoli,uttarakhand,False,,,,,,391605.0
2024,bihar,bagaha,136.0,21.0,1865.0,1088.0,274.0,7.531552381407289,0.2127659574468085,6.9930151229329605,0.2340425531914893,5.616771097666572,0.2340425531914893,4.919980925828125,0.2340425531914893,3.091042453358316,0.1914893617021276,2065.0,-0.0968523002421307,1.0,278.0,-0.014388489208633,1.0,155.0,-0.1225806451612903,1.0,45.0,-0.5333333333333333,1.0,0.2180851063829787,low,,,bagaha,bihar,False,,,,,,
2024,bihar,bhagalpur,481.0,126.0,6337.0,2941.0,876.0,8.754318540250866,0.7446808510638298,7.9868449011613825,0.6808510638297872,6.776506992372183,0.7446808510638298,6.1779441140506,0.8297872340425532,4.844187086458591,0.6808510638297872,6233.0,0.0166853842451468,1.0,798.0,0.0977443609022556,1.0,349.0,0.3782234957020057,1.0,104.0,0.2115384615384615,1.0,0.7372340425531915,high,,,bhagalpur,bihar,False,25.2414303,86.9924358,Bhagalpur,410210.0,exact,3037766.0
2024,bihar,bettiah,268.0,77.0,5392.0,3092.0,724.0,8.592857095337227,0.5957446808510638,8.03689677268507,0.723404255319149,6.586171654854675,0.6595744680851063,5.594711379601839,0.5531914893617021,4.356708826689592,0.5106382978723404,6013.0,-0.1032762348245468,1.0,612.0,0.1830065359477124,1.0,226.0,0.1858407079646017,1.0,27.0,1.851851851851852,1.0,0.6042553191489362,medium,,,bettiah,bihar,False,,,,,,
2024,bihar,arwal,79.0,33.0,1347.0,1203.0,171.0,7.206377291472252,0.1489361702127659,7.093404625868766,0.2765957446808511,5.147494476813453,0.1914893617021276,4.382026634673881,0.1914893617021276,3.5263605246161616,0.2340425531914893,1577.0,-0.1458465440710209,1.0,206.0,-0.1699029126213592,1.0,84.0,-0.0595238095238095,1.0,67.0,-0.5074626865671642,1.0,0.1872340425531915,low,,,arwal,bihar,False,,,,,,700843.0
2024,uttarakhand,bageshwar,12.0,6.0,101.0,68.0,24.0,4.624972813284271,0.125,4.23410650459726,0.125,3.218875824868201,0.1875,2.5649493574615367,0.1875,1.9459101490553128,0.25,118.0,-0.1440677966101695,1.0,19.0,0.2631578947368421,1.0,7.0,0.7142857142857143,1.0,0.0,0.0,1.0,0.1625,low,,,bageshwar,uttarakhand,False,,,,,,259898.0
2024,uttarakhand,almora,49.0,13.0,308.0,179.0,90.0,5.733341276897746,0.625,5.19295685089021,0.4375,4.51085950651685,0.625,3.912023005428146,0.5625,2.6390573296152584,0.5,280.0,0.1,1.0,86.0,0.0465116279069767,1.0,44.0,0.1136363636363636,1.0,9.0,0.4444444444444444,1.0,0.5812499999999999,medium,,,almora,uttarakhand,False,,,,,,622506.0
2024,bihar,bhojpur,374.0,128.0,5617.0,3569.0,616.0,8.633731007664188,0.6170212765957447,8.180320874773685,0.7872340425531915,6.424869023905388,0.5957446808510638,5.926926025970411,0.7021276595744681,4.859812404361672,0.7021276595744681,5950.0,-0.0559663865546218,1.0,643.0,-0.0419906687402799,1.0,277.0,0.3501805054151624,1.0,105.0,0.219047619047619,1.0,0.651063829787234,medium,,,bhojpur,bihar,False,25.5560443,84.6603307,Arrah,261099.0,exact,2728407.0
2024,bihar,buxar,195.0,61.0,3279.0,1597.0,383.0,8.09559870137819,0.3617021276595745,7.37650812632622,0.3829787234042553,5.950642552587727,0.3617021276595745,5.278114659230517,0.3617021276595745,4.127134385045092,0.425531914893617,3583.0,-0.0848451018699413,1.0,413.0,-0.072639225181598,1.0,196.0,-0.0051020408163265,1.0,37.0,0.6486486486486487,1.0,0.3734042553191489,low,,,buxar,bihar,False,25.5647103,83.9777482,Buxar,110608.0,exact,1706352.0
2024,tamil nadu,karur,161.0,25.0,2250.0,5618.0,104.0,7.719129840906732,0.2549019607843137,8.633908991112198,0.5490196078431373,4.653960350157523,0.1372549019607843,5.087596335232384,0.392156862745098,3.258096538021482,0.1764705882352941,2197.0,0.0241238051888939,1.0,84.0,0.238095238095238,1.0,128.0,0.2578125,1.0,30.0,-0.1666666666666666,1.0,0.2627450980392157,low,,,karur,tamil nadu,False,,,,,,1064493.0
2024,tamil nadu,kanyakumari,214.0,62.0,4080.0,6365.0,166.0,8.314097335405807,0.5686274509803921,8.758726607842037,0.6274509803921569,5.117993812416755,0.3725490196078431,5.3706380281276624,0.5588235294117647,4.143134726391533,0.5588235294117647,4521.0,-0.0975447909754479,1.0,169.0,-0.0177514792899408,1.0,119.0,0.7983193277310925,1.0,28.0,1.2142857142857142,1.0,0.532843137254902,medium,,,kanyakumari,tamil nadu,False,8.1832857,77.4118996,Nagercoil,224849.0,exact,
2024,jharkhand,godda,49.0,33.0,1355.0,444.0,297.0,7.212294468500341,0.5925925925925926,6.09807428216624,0.5555555555555556,5.697093486505405,0.6296296296296297,3.912023005428146,0.4814814814814814,3.5263605246161616,0.5555555555555556,1581.0,-0.1429475015812776,1.0,393.0,-0.2442748091603053,1.0,99.0,-0.5050505050505051,1.0,29.0,0.1379310344827586,1.0,0.5796296296296296,medium,,,godda,jharkhand,False,,,,,,1313551.0
2024,tamil nadu,dindigul,400.0,62.0,5469.0,7269.0,347.0,8.607033895416027,0.8627450980392157,8.891511570527564,0.7254901960784313,5.8522024797744745,0.8529411764705882,5.993961427306569,0.9411764705882352,4.143134726391533,0.5588235294117647,5540.0,-0.0128158844765342,1.0,241.0,0.4398340248962655,1.0,174.0,1.2988505747126438,1.0,35.0,0.7714285714285715,1.0,0.8093137254901961,high,,,dindigul,tamil nadu,False,10.3673123,77.9802906,Dindigul,207327.0,exact,2159775.0
2024,tamil nadu,krishnagiri,171.0,140.0,4738.0,8608.0,278.0,8.463581421967588,0.7254901960784313,9.060563446657955,0.803921568627451,5.631211781821365,0.7156862745098039,5.147494476813453,0.4313725490196078,4.948759890378168,0.8823529411764706,5254.0,-0.0982108869432813,1.0,197.0,0.4111675126903553,1.0,92.0,0.8586956521739131,1.0,77.0,0.8181818181818182,1.0,0.7254901960784313,high,,,krishnagiri,tamil nadu,False,12.7409127,77.8252923,Hosur,116821.0,exact,1879809.0
2024,jharkhand,total districts,1555.0,1423.0,47250.0,13749.0,6367.0,10.763229096719098,1.0,9.528794103094718,1.0,8.75904072752422,1.0,7.349873704738337,1.0,7.261225091971921,1.0,50187.0,-0.0585211309701715,1.0,6989.0,-0.0889969952782944,1.0,1626.0,-0.0436654366543665,1.0,1079.0,0.3188137164040778,1.0,1.0,critical,,,total districts,jharkhand,True,,,,,,
2024,jharkhand,simdega,28.0,15.0,600.0,204.0,124.0,6.398594934535208,0.1111111111111111,5.3230099791384085,0.1851851851851851,4.8283137373023015,0.2222222222222222,3.367295829986474,0.2962962962962963,2.772588722239781,0.3888888888888889,514.0,0.1673151750972762,1.0,73.0,0.6986301369863014,1.0,24.0,0.1666666666666666,1.0,12.0,0.25,1.0,0.2009259259259259,low,,,simdega,jharkhand,False,,,,,,599578.0
2024,jharkhand,saraikela,45.0,29.0,1197.0,446.0,154.0,7.088408778675395,0.5185185185185185,6.102558594613569,0.5925925925925926,5.043425116919247,0.3703703703703703,3.828641396489095,0.4074074074074074,3.4011973816621555,0.4814814814814814,1103.0,0.085222121486854,1.0,119.0,0.2941176470588235,1.0,28.0,0.6071428571428571,1.0,34.0,-0.1470588235294117,1.0,0.4796296296296296,medium,,,saraikela,jharkhand,False,,,,,,
2024,madhya pradesh,bhopal rural,140.0,0.0,1599.0,893.0,208.0,7.377758908227872,0.1129032258064516,6.795705775173514,0.1129032258064516,5.342334251964811,0.1451612903225806,4.948759890378168,0.1451612903225806,0.0,0.1693548387096774,2218.0,-0.2790802524797114,1.0,215.0,-0.0325581395348837,1.0,152.0,-0.0789473684210526,1.0,5.0,-1.0,1.0,0.1310483870967742,low,,,bhopal,madhya pradesh,False,23.2599333,77.412615,Bhopal,1883381.0,exact,2371061.0
2024,karnataka,ballari,141.0,118.0,1997.0,1387.0,319.0,7.599901959208498,0.3333333333333333,7.23561914106675,0.7948717948717948,5.768320995793772,0.3846153846153846,4.955827057601261,0.2564102564102564,4.77912349311153,0.6410256410256411,2053.0,-0.0272771553823672,1.0,331.0,-0.0362537764350453,1.0,153.0,-0.0784313725490196,1.0,76.0,0.5526315789473685,1.0,0.4282051282051282,medium,,,ballari,karnataka,False,15.1393932,76.9214428,Bellary,409444.0,exact,
2024,karnataka,bagalkot,144.0,47.0,2219.0,921.0,340.0,7.705262474866325,0.4102564102564102,6.826545223556594,0.4615384615384615,5.831882477283517,0.4615384615384615,4.976733742420574,0.358974358974359,3.871201010907891,0.282051282051282,2317.0,-0.0422960725075528,1.0,347.0,-0.0201729106628242,1.0,133.0,0.0827067669172932,1.0,50.0,-0.06,1.0,0.4012820512820513,medium,,,bagalkot,karnataka,False,16.1725355,75.6557206,Bagalkot,12068.0,exact,1889752.0
2024,tamil nadu,erode,324.0,60.0,4349.0,5532.0,347.0,8.37793112408273,0.6470588235294118,8.618485442898109,0.5294117647058824,5.8522024797744745,0.8529411764705882,5.783825182329737,0.8823529411764706,4.110873864173311,0.5294117647058824,4152.0,0.0474470134874759,1.0,167.0,1.0778443113772456,1.0,190.0,0.7052631578947368,1.0,30.0,1.0,1.0,0.6823529411764707,medium,,,erode,tamil nadu,False,11.3410364,77.7171642,Erode,521776.0,exact,2251744.0
2024,rajasthan,jaipur metro,1.0,0.0,1.0,1.0,1.0,0.6931471805599453,0.0307692307692307,0.6931471805599453,0.0384615384615384,0.6931471805599453,0.0923076923076923,0.6931471805599453,0.0923076923076923,0.0,0.0461538461538461,2.0,-0.5,1.0,0.0,0.0,1.0,0.0,0.0,1.0,0.0,0.0,1.0,0.0523076923076923,low,,,jaipur metro,rajasthan,False,,,,,,
2024,tamil nadu,dharmapuri,232.0,37.0,2929.0,4538.0,266.0,7.982757702011113,0.2941176470588235,8.420462002456466,0.3137254901960784,5.58724865840025,0.6372549019607843,5.4510384535657,0.6862745098039216,3.6375861597263857,0.2352941176470588,2754.0,0.0635439360929557,1.0,235.0,0.1319148936170212,1.0,168.0,0.3809523809523809,1.0,26.0,0.4230769230769231,1.0,0.3950980392156862,low,,,dharmapuri,tamil nadu,False,,,,,,1506843.0
2024,madhya pradesh,bhopal commissionarate,1227.0,282.0,12851.0,4274.0,1747.0,9.461254720235749,0.967741935483871,8.360539381370861,0.8548387096774194,7.466227556215481,0.967741935483871,7.113142108707088,0.9838709677419356,5.645446897643238,0.967741935483871,15507.0,-0.1712774875862513,1.0,1886.0,-0.0737009544008483,1.0,1188.0,0.0328282828282828,1.0,75.0,2.76,1.0,0.9580645161290322,critical,,,bhopal,madhya pradesh,False,23.2599333,77.412615,Bhopal,1883381.0,exact,2371061.0
2024,madhya pradesh,bhind,216.0,0.0,3628.0,1233.0,399.0,8.19671240721307,0.4354838709677419,7.1180162044653335,0.2096774193548387,5.991464547107982,0.4032258064516129,5.37989735354046,0.3225806451612903,0.0,0.1693548387096774,4234.0,-0.1431270666036844,1.0,385.0,0.0363636363636363,1.0,245.0,-0.1183673469387755,1.0,0.0,0.0,1.0,0.3552419354838709,low,,,bhind,madhya pradesh,False,26.5587354,78.7872876,Bhind,197332.0,exact,1703005.0
2024,madhya pradesh,betul,357.0,15.0,4626.0,3777.0,645.0,8.439663988907,0.5806451612903226,8.236950048061455,0.8064516129032258,6.470799503782602,0.7258064516129032,5.8805329864007,0.6129032258064516,2.772588722239781,0.8629032258064516,4327.0,0.0691009937601109,1.0,513.0,0.2573099415204678,1.0,314.0,0.1369426751592356,1.0,12.0,0.25,1.0,0.6778225806451613,medium,,,betul,madhya pradesh,False,21.9108031,77.9011842,Betul,103341.0,exact,1575362.0
2024,uttarakhand,nainital,208.0,30.0,1167.0,1153.0,304.0,7.0630481633881725,0.75,7.050989447068045,0.75,5.720311776607412,0.75,5.342334251964811,0.75,3.4339872044851463,0.6875,1633.0,-0.2853643600734843,1.0,407.0,-0.253071253071253,1.0,183.0,0.1366120218579235,1.0,41.0,-0.2682926829268293,1.0,0.7406250000000001,high,,,nainital,uttarakhand,False,29.2182644,79.5129767,Haldwani,252060.0,exact,954605.0
2024,assam,udalguri,56.0,3.0,701.0,147.0,197.0,6.553933404025811,0.5116279069767442,4.997212273764115,0.3255813953488372,5.288267030694535,0.4883720930232558,4.04305126783455,0.2790697674418604,1.3862943611198906,0.3023255813953488,758.0,-0.075197889182058,1.0,275.0,-0.2836363636363636,1.0,315.0,-0.8222222222222222,1.0,14.0,-0.7857142857142857,1.0,0.4337209302325582,medium,,,udalguri,assam,False,,,,,,831668.0
2024,assam,lakhimpur,240.0,10.0,910.0,274.0,332.0,6.814542897259958,0.6046511627906976,5.616771097666572,0.6744186046511628,5.808142489980444,0.7441860465116279,5.484796933490655,0.813953488372093,2.3978952727983707,0.5697674418604651,1154.0,-0.2114384748700173,1.0,363.0,-0.0853994490358126,1.0,194.0,0.2371134020618556,1.0,12.0,-0.1666666666666666,1.0,0.6552325581395348,medium,,,lakhimpur,assam,False,,,,,,1042137.0
2024,assam,majuli,19.0,0.0,114.0,41.0,59.0,4.74493212836325,0.1860465116279069,3.737669618283368,0.1627906976744186,4.0943445622221,0.2325581395348837,2.995732273553991,0.1860465116279069,0.0,0.0813953488372093,193.0,-0.4093264248704663,1.0,72.0,-0.1805555555555555,1.0,66.0,-0.7121212121212122,1.0,6.0,-1.0,1.0,0.1773255813953488,low,,,majuli,assam,False,,,,,,
2024,bihar,araria,260.0,59.0,4843.0,1698.0,576.0,8.485496104672983,0.5319148936170213,7.4377951216719325,0.4042553191489361,6.3578422665081,0.5319148936170213,5.564520407322694,0.5319148936170213,4.0943445622221,0.4042553191489361,5149.0,-0.059429015342785,1.0,590.0,-0.023728813559322,1.0,279.0,-0.068100358422939,1.0,73.0,-0.1917808219178082,1.0,0.5,medium,,,araria,bihar,False,,,,,,2811569.0
2024,uttarakhand,champawat,60.0,12.0,277.0,203.0,73.0,5.627621113690637,0.5625,5.318119993844216,0.5,4.30406509320417,0.5,4.110873864173311,0.6875,2.5649493574615367,0.4375,234.0,0.1837606837606837,1.0,57.0,0.2807017543859649,1.0,31.0,0.935483870967742,1.0,9.0,0.3333333333333333,1.0,0.5375000000000001,medium,,,champawat,uttarakhand,False,,,,,,259648.0
2024,uttarakhand,cyber cell,0.0,128.0,16.0,112.0,0.0,2.833213344056216,0.0625,4.727387818712341,0.1875,0.0,0.0625,0.0,0.0625,4.859812404361672,0.875,0.0,0.0,1.0,0.0,0.0,1.0,0.0,0.0,1.0,48.0,1.6666666666666667,1.0,0.196875,low,,,cyber cell,uttarakhand,False,,,,,,
2024,mizoram,khawzawl,0.0,0.0,37.0,12.0,2.0,3.6375861597263857,0.2666666666666666,2.5649493574615367,0.1333333333333333,1.0986122886681098,0.2,0.0,0.1333333333333333,0.0,0.4,38.0,-0.0263157894736842,1.0,3.0,-0.3333333333333333,1.0,3.0,-1.0,1.0,0.0,0.0,1.0,0.2466666666666666,low,,,khawzawl,mizoram,False,,,,,,
2024,bihar,aurangabad,207.0,182.0,5790.0,3336.0,665.0,8.66406026722579,0.6808510638297872,8.112827478751374,0.7446808510638298,6.501289670540389,0.6170212765957447,5.337538079701318,0.425531914893617,5.209486152841421,0.8297872340425532,4705.0,0.230605738575983,1.0,411.0,0.6180048661800487,1.0,213.0,-0.028169014084507,1.0,72.0,1.5277777777777777,1.0,0.6712765957446809,medium,,,aurangabad,bihar,False,24.7457189,84.3804888,Aurangabad,101520.0,exact,2540073.0
2024,uttarakhand,haridwar,724.0,34.0,5396.0,6474.0,945.0,8.593598522618644,0.9375,8.775703886567738,0.9375,6.852242569051878,0.9375,6.586171654854675,0.9375,3.555348061489413,0.75,5081.0,0.0619956701436725,1.0,871.0,0.0849598163030998,1.0,436.0,0.6605504587155964,1.0,67.0,-0.4925373134328358,1.0,0.909375,critical,,,haridwar,uttarakhand,False,29.9456906,78.1642478,Haridwar,310582.0,exact,
2024,uttarakhand,grp,4.0,0.0,220.0,23.0,2.0,5.3981627015177525,0.375,3.1780538303479458,0.0625,1.0986122886681098,0.125,1.6094379124341005,0.125,0.0,0.0625,186.0,0.1827956989247312,1.0,1.0,1.0,1.0,3.0,0.3333333333333333,1.0,0.0,0.0,1.0,0.221875,low,,,grp,uttarakhand,False,,,,,,
2024,uttarakhand,dehradun,468.0,169.0,3959.0,2031.0,901.0,8.283999304248526,0.875,7.616775808698373,0.8125,6.804614520062624,0.875,6.150602768446279,0.875,5.135798437050262,0.9375,4240.0,-0.0662735849056603,1.0,1044.0,-0.1369731800766283,1.0,431.0,0.0858468677494199,1.0,178.0,-0.0505617977528089,1.0,0.878125,high,,,dehradun,uttarakhand,False,30.3164945,78.0321918,Dehradun,714223.0,exact,1696694.0
2024,mizoram,crime and eou,0.0,0.0,7.0,0.0,0.0,2.079441541679836,0.2,0.0,0.0666666666666666,0.0,0.1,0.0,0.1333333333333333,0.0,0.4,21.0,-0.6666666666666666,1.0,0.0,0.0,1.0,0.0,0.0,1.0,0.0,0.0,1.0,0.19,low,,,crime and eou,mizoram,False,,,,,,
2024,mizoram,cyber,10.0,41.0,0.0,41.0,10.0,0.0,0.1,3.737669618283368,0.5333333333333333,2.3978952727983707,0.5333333333333333,2.3978952727983707,0.5333333333333333,3.737669618283368,0.9333333333333332,0.0,0.0,1.0,0.0,0.0,1.0,4.0,1.5,1.0,31.0,0.3225806451612903,1.0,0.3983333333333333,low,,,cyber,mizoram,False,,,,,,
2024,mizoram,aizawl,72.0,0.0,1274.0,186.0,102.0,7.150701457592526,0.9333333333333332,5.231108616854587,0.8666666666666667,4.634728988229636,0.9333333333333332,4.290459441148391,0.9333333333333332,0.0,0.4,2195.0,-0.4195899772209567,1.0,69.0,0.4782608695652174,1.0,42.0,0.7142857142857143,1.0,0.0,0.0,1.0,0.8466666666666668,high,,,aizawl,mizoram,False,,,,,,400309.0
2024,mizoram,hnahthial,3.0,0.0,39.0,25.0,3.0,3.688879454113936,0.4,3.258096538021482,0.3333333333333333,1.3862943611198906,0.2666666666666666,1.3862943611198906,0.3,0.0,0.4,51.0,-0.2352941176470588,1.0,6.0,-0.5,1.0,4.0,-0.25,1.0,0.0,0.0,1.0,0.3566666666666667,low,,,hnahthial,mizoram,False,,,,,,
2024,madhya pradesh,bhopal railway,10.0,0.0,6817.0,1.0,21.0,8.827321452697849,0.8225806451612904,0.6931471805599453,0.0161290322580645,3.091042453358316,0.032258064516129,2.3978952727983707,0.0483870967741935,0.0,0.1693548387096774,5395.0,0.2635773864689527,1.0,40.0,-0.475,1.0,14.0,-0.2857142857142857,1.0,0.0,0.0,1.0,0.4084677419354838,medium,,,bhopal railway,madhya pradesh,True,,,,,,
2024,rajasthan,jaipur north,152.0,3.0,3598.0,2617.0,503.0,8.188411308079031,0.5846153846153846,7.870165946469845,0.8923076923076924,6.222576268071369,0.4153846153846154,5.030437921392435,0.6461538461538462,1.3862943611198906,0.1769230769230769,4076.0,-0.1172718351324828,1.0,781.0,-0.3559539052496799,1.0,245.0,-0.3795918367346939,1.0,58.0,-0.9482758620689656,1.0,0.5265384615384616,medium,,,jaipur north,rajasthan,False,,,,,,
2024,karnataka,bengaluru district,450.0,844.0,7636.0,1607.0,855.0,8.940760134888384,0.9487179487179488,7.382746449738912,0.8461538461538461,6.752270376141742,0.9230769230769232,6.111467339502679,0.9230769230769232,6.739336627357174,0.9487179487179488,7568.0,0.0089852008456659,1.0,797.0,0.0727728983688833,1.0,409.0,0.1002444987775061,1.0,768.0,0.0989583333333333,1.0,0.9307692307692308,critical,,,bengaluru,karnataka,False,12.9715987,77.5945627,Bengaluru,8728906.0,exact,9621551.0
2024,madhya pradesh,barwani,199.0,0.0,3303.0,3937.0,385.0,8.102889134640868,0.3870967741935484,8.278428259199071,0.8225806451612904,5.955837369464831,0.3548387096774194,5.298317366548036,0.3064516129032258,0.0,0.1693548387096774,3404.0,-0.0296709753231492,1.0,458.0,-0.1593886462882096,1.0,268.0,-0.2574626865671642,1.0,0.0,0.0,1.0,0.3834677419354839,low,,,barwani,madhya pradesh,False,,,,,,1385881.0
2024,madhya pradesh,balaghat,331.0,0.0,3341.0,2847.0,478.0,8.114324709155339,0.4032258064516129,7.954372272531867,0.6774193548387096,6.171700597410915,0.5161290322580645,5.805134968916488,0.5,0.0,0.1693548387096774,3523.0,-0.051660516605166,1.0,488.0,-0.0204918032786885,1.0,356.0,-0.0702247191011236,1.0,5.0,-1.0,1.0,0.4278225806451612,medium,,,balaghat,madhya pradesh,False,21.812876,80.1838293,Balaghat,93231.0,exact,1701698.0
2024,rajasthan,jalore,14.0,7.0,1697.0,632.0,286.0,7.437206366871292,0.2307692307692307,6.450470422144176,0.2461538461538461,5.659482215759621,0.2153846153846154,2.70805020110221,0.1307692307692307,2.079441541679836,0.3307692307692307,1874.0,-0.0944503735325506,1.0,368.0,-0.2228260869565217,1.0,8.0,0.75,1.0,0.0,0.0,1.0,0.2342307692307692,low,,,jalore,rajasthan,False,,,,,,
2024,rajasthan,jaisalmer,38.0,26.0,1415.0,582.0,194.0,7.255591274253665,0.2,6.368187186350492,0.2153846153846154,5.272999558563747,0.1538461538461538,3.6635616461296463,0.1846153846153846,3.295836866004329,0.6923076923076923,1582.0,-0.1055625790139064,1.0,243.0,-0.2016460905349794,1.0,57.0,-0.3333333333333333,1.0,40.0,-0.35,1.0,0.2646153846153846,low,,,jaisalmer,rajasthan,False,,,,,,669919.0
2024,karnataka,chamarajnagar,157.0,24.0,2031.0,728.0,374.0,7.616775808698373,0.358974358974359,6.591673732008658,0.282051282051282,5.926926025970411,0.5641025641025641,5.062595033026967,0.4487179487179487,3.218875824868201,0.1282051282051282,1951.0,0.0410046130189646,1.0,359.0,0.0417827298050139,1.0,142.0,0.1056338028169014,1.0,42.0,-0.4285714285714285,1.0,0.3666666666666667,low,,,chamarajnagar,karnataka,False,,,,,,
2024,karnataka,belagavi district,242.0,65.0,4460.0,1807.0,605.0,8.403128235128264,0.8205128205128205,7.4999765409521215,0.8974358974358975,6.406879986069314,0.782051282051282,5.493061443340548,0.717948717948718,4.189654742026425,0.3333333333333333,4955.0,-0.0998990918264379,1.0,677.0,-0.1063515509601181,1.0,226.0,0.0707964601769911,1.0,84.0,-0.2261904761904762,1.0,0.7371794871794872,high,,,belagavi,karnataka,False,15.8496953,74.4976741,Belgaum,490045.0,exact,
2024,tamil nadu,kallakurichi,229.0,64.0,3878.0,5496.0,266.0,8.263332667439967,0.5098039215686274,8.61195776786066,0.5098039215686274,5.58724865840025,0.6372549019607843,5.438079308923196,0.6274509803921569,4.174387269895637,0.5882352941176471,3644.0,0.0642151481888035,1.0,214.0,0.2429906542056074,1.0,82.0,1.7926829268292683,1.0,34.0,0.8823529411764706,1.0,0.5588235294117647,medium,,,kallakurichi,tamil nadu,False,,,,,,
2024,karnataka,bengaluru city,1936.0,17561.0,34715.0,22840.0,4748.0,10.454955954764136,0.9743589743589745,10.036312445648631,0.9743589743589745,8.465689348549121,0.9743589743589745,7.5688956634069955,0.9743589743589745,9.77349275591994,0.9743589743589745,41637.0,-0.1662463674135985,1.0,4870.0,-0.0250513347022587,1.0,1982.0,-0.0232088799192734,1.0,17631.0,-0.0039702796211218,1.0,0.9743589743589742,critical,,,bengaluru,karnataka,False,12.9715987,77.5945627,Bengaluru,8728906.0,exact,9621551.0
2024,karnataka,belagavi city,119.0,102.0,1730.0,394.0,223.0,7.456454555176209,0.2051282051282051,5.978885764901122,0.1025641025641025,5.41164605185504,0.1794871794871795,4.787491742782046,0.1794871794871795,4.634728988229636,0.5897435897435898,1694.0,0.0212514757969303,1.0,198.0,0.1262626262626262,1.0,126.0,-0.0555555555555555,1.0,83.0,0.2289156626506024,1.0,0.2448717948717948,low,,,belagavi,karnataka,False,15.8496953,74.4976741,Belgaum,490045.0,exact,
2024,tamil nadu,cuddalore,484.0,208.0,8276.0,9364.0,433.0,9.021235862885396,0.9215686274509804,9.144734614878187,0.8823529411764706,6.073044534100405,0.9607843137254902,6.184148890937483,0.9607843137254902,5.342334251964811,0.9215686274509804,8344.0,-0.0081495685522531,1.0,319.0,0.3573667711598746,1.0,367.0,0.3188010899182561,1.0,185.0,0.1243243243243243,1.0,0.9294117647058824,critical,,,cuddalore,tamil nadu,False,11.744699,79.7680243,Cuddalore,173636.0,exact,2605914.0
2024,tamil nadu,coimbatore,279.0,155.0,4563.0,7431.0,343.0,8.425954710981966,0.6666666666666666,8.913550280493675,0.7450980392156863,5.840641657373398,0.8235294117647058,5.634789603169249,0.8627450980392157,5.049856007249537,0.9019607843137256,4294.0,0.0626455519329296,1.0,271.0,0.2656826568265683,1.0,222.0,0.2567567567567567,1.0,47.0,2.297872340425532,1.0,0.7607843137254902,high,,,coimbatore,tamil nadu,False,11.0168445,76.9558321,Coimbatore,2151466.0,exact,3458045.0
2024,tamil nadu,coimbatore city,243.0,300.0,4844.0,3098.0,377.0,8.485702524324866,0.7647058823529411,8.038834757787749,0.196078431372549,5.934894195619588,0.9215686274509804,5.497168225293202,0.7058823529411765,5.707110264748875,0.9411764705882352,4697.0,0.0312965722801788,1.0,244.0,0.5450819672131147,1.0,193.0,0.2590673575129533,1.0,207.0,0.4492753623188406,1.0,0.7598039215686275,high,,,coimbatore,tamil nadu,False,11.0168445,76.9558321,Coimbatore,2151466.0,exact,3458045.0
2024,mizoram,saitual,7.0,0.0,38.0,28.0,8.0,3.6635616461296463,0.3333333333333333,3.367295829986474,0.4,2.19722457733622,0.4333333333333333,2.079441541679836,0.4666666666666667,0.0,0.4,42.0,-0.0952380952380952,1.0,15.0,-0.4666666666666667,1.0,16.0,-0.5625,1.0,0.0,0.0,1.0,0.3833333333333333,low,,,saitual,mizoram,False,,,,,,
2024,mizoram,saiha,3.0,0.0,157.0,23.0,8.0,5.062595033026967,0.6666666666666666,3.1780538303479458,0.2,2.19722457733622,0.4333333333333333,1.3862943611198906,0.3,0.0,0.4,77.0,1.0389610389610389,1.0,5.0,0.6,1.0,3.0,0.0,1.0,0.0,0.0,1.0,0.4966666666666667,medium,,,saiha,mizoram,False,,,,,,56574.0
2024,odisha,khurda,286.0,22.0,4399.0,761.0,1152.0,8.389359819906353,0.4864864864864865,6.635946555686647,0.2702702702702703,7.050122520269059,0.7837837837837838,5.659482215759621,0.6486486486486487,3.1354942159291497,0.2162162162162162,4613.0,-0.0463906351615001,1.0,1027.0,0.121713729308666,1.0,233.0,0.2274678111587982,1.0,42.0,-0.4761904761904761,1.0,0.5,medium,,,khurda,odisha,False,20.295515,85.824797,Bhubaneswar,881988.0,exact,
2024,mizoram,lawngtlai,11.0,0.0,63.0,24.0,14.0,4.158883083359672,0.4666666666666667,3.218875824868201,0.2666666666666666,2.70805020110221,0.6666666666666666,2.4849066497880004,0.6,0.0,0.4,68.0,-0.0735294117647058,1.0,15.0,-0.0666666666666666,1.0,9.0,0.2222222222222222,1.0,0.0,0.0,1.0,0.49,medium,,,lawngtlai,mizoram,False,,,,,,117894.0
2024,mizoram,kolasib,19.0,0.0,276.0,55.0,17.0,5.6240175061873385,0.8,4.02535169073515,0.6666666666666666,2.8903717578961645,0.7333333333333333,2.995732273553991,0.8,0.0,0.4,182.0,0.5164835164835165,1.0,10.0,0.7,1.0,12.0,0.5833333333333334,1.0,0.0,0.0,1.0,0.7133333333333334,high,,,kolasib,mizoram,False,,,,,,83955.0
2024,odisha,nuapada,112.0,12.0,1716.0,691.0,232.0,7.448333860897476,0.1621621621621621,6.539585955617669,0.2162162162162162,5.4510384535657,0.1081081081081081,4.727387818712341,0.1891891891891892,2.5649493574615367,0.1081081081081081,1906.0,-0.0996852046169989,1.0,209.0,0.1100478468899521,1.0,104.0,0.0769230769230769,1.0,24.0,-0.5,1.0,0.1513513513513513,low,,,nuapada,odisha,False,,,,,,
2024,assam,sonitpur,179.0,21.0,1407.0,349.0,395.0,7.249925536717988,0.8604651162790697,5.857933154483459,0.7906976744186046,5.981414211254481,0.7906976744186046,5.19295685089021,0.6744186046511628,3.091042453358316,0.8837209302325582,1649.0,-0.1467556094602789,1.0,418.0,-0.055023923444976,1.0,268.0,-0.332089552238806,1.0,27.0,-0.2222222222222222,1.0,0.8244186046511627,high,,,sonitpur,assam,False,26.6528495,92.7925592,Tezpur,100477.0,exact,1924110.0
2024,assam,sou,0.0,0.0,0.0,1.0,0.0,0.0,0.0348837209302325,0.6931471805599453,0.0581395348837209,0.0,0.0697674418604651,0.0,0.0697674418604651,0.0,0.0813953488372093,0.0,0.0,1.0,0.0,0.0,1.0,0.0,0.0,1.0,0.0,0.0,1.0,0.0546511627906976,low,,,sou,assam,False,,,,,,
2024,assam,sibsagar,76.0,6.0,325.0,127.0,91.0,5.786897381366708,0.2558139534883721,4.852030263919617,0.3023255813953488,4.5217885770490405,0.2790697674418604,4.343805421853684,0.3255813953488372,1.9459101490553128,0.4534883720930232,373.0,-0.128686327077748,1.0,86.0,0.0581395348837209,1.0,126.0,-0.3968253968253968,1.0,6.0,0.0,1.0,0.3017441860465116,low,,,sibsagar,assam,False,,,,,,
2024,assam,tamulpur,93.0,2.0,343.0,81.0,165.0,5.840641657373398,0.3023255813953488,4.406719247264253,0.2325581395348837,5.111987788356544,0.3720930232558139,4.543294782270004,0.3837209302325581,1.0986122886681098,0.2093023255813953,262.0,0.3091603053435114,1.0,88.0,0.875,1.0,169.0,-0.4497041420118343,1.0,9.0,-0.7777777777777778,1.0,0.3034883720930232,low,,,tamulpur,assam,False,,,,,,
2024,assam,south salmara,157.0,5.0,468.0,239.0,178.0,6.150602768446279,0.3720930232558139,5.480638923341991,0.627906976744186,5.187385805840755,0.4186046511627907,5.062595033026967,0.627906976744186,1.791759469228055,0.4186046511627907,619.0,-0.2439418416801292,1.0,265.0,-0.3283018867924528,1.0,336.0,-0.5327380952380952,1.0,16.0,-0.6875,1.0,0.4395348837209302,medium,,,south salmara,assam,False,,,,,,
2024,assam,kokrajhar,150.0,12.0,579.0,233.0,217.0,6.363028103540465,0.4418604651162791,5.455321115357702,0.6046511627906976,5.384495062789089,0.5116279069767442,5.017279836814924,0.6046511627906976,2.5649493574615367,0.627906976744186,869.0,-0.333716915995397,1.0,290.0,-0.2517241379310345,1.0,407.0,-0.6314496314496314,1.0,10.0,0.2,1.0,0.5162790697674419,medium,,,kokrajhar,assam,False,,,,,,887142.0
2024,assam,total districts,5871.0,408.0,39816.0,9736.0,10546.0,10.592049235754445,1.0,9.183688340978756,1.0,9.263596738276616,1.0,8.677950570294351,1.0,6.013715156042802,1.0,49884.0,-0.2018282415203271,1.0,12070.0,-0.1262634631317315,1.0,10174.0,-0.4229408295655593,1.0,909.0,-0.5511551155115512,1.0,1.0,critical,,,total districts,assam,True,,,,,,
2024,assam,tinsukia,206.0,3.0,1119.0,326.0,252.0,7.02108396428914,0.7209302325581395,5.7899601708972535,0.7441860465116279,5.53338948872752,0.627906976744186,5.332718793265369,0.7441860465116279,1.3862943611198906,0.3023255813953488,1676.0,-0.3323389021479713,1.0,367.0,-0.3133514986376022,1.0,340.0,-0.3941176470588235,1.0,45.0,-0.9333333333333332,1.0,0.6441860465116279,medium,,,tinsukia,assam,False,27.4921909,95.346775,Tinsukia,125637.0,exact,1327929.0
2024,assam,stf,0.0,0.0,4.0,17.0,0.0,1.6094379124341005,0.0697674418604651,2.8903717578961645,0.1162790697674418,0.0,0.0697674418604651,0.0,0.0697674418604651,0.0,0.0813953488372093,7.0,-0.4285714285714285,1.0,1.0,-1.0,1.0,0.0,0.0,1.0,0.0,0.0,1.0,0.0761627906976744,low,,,stf,assam,False,,,,,,
2024,uttarakhand,pauri garhwal,58.0,16.0,387.0,218.0,103.0,5.961005339623274,0.6875,5.389071729816501,0.5625,4.6443908991413725,0.6875,4.07753744390572,0.625,2.833213344056216,0.5625,302.0,0.2814569536423841,1.0,83.0,0.2409638554216867,1.0,41.0,0.4146341463414634,1.0,0.0,0.0,1.0,0.65,medium,,,pauri garhwal,uttarakhand,False,,,,,,
2024,karnataka,bidar,179.0,41.0,2976.0,874.0,312.0,7.998671361015776,0.6666666666666666,6.774223886357614,0.358974358974359,5.746203190540153,0.3333333333333333,5.19295685089021,0.5128205128205128,3.737669618283368,0.2307692307692307,3110.0,-0.0430868167202572,1.0,302.0,0.0331125827814569,1.0,120.0,0.4916666666666666,1.0,38.0,0.0789473684210526,1.0,0.4884615384615384,medium,,,bidar,karnataka,False,17.9148799,77.5046101,Bidar,216020.0,exact,1703300.0
2024,tamil nadu,cyber cell,0.0,2.0,1.0,1.0,0.0,0.6931471805599453,0.0196078431372549,0.6931471805599453,0.0196078431372549,0.0,0.0196078431372549,0.0,0.0196078431372549,1.0986122886681098,0.0588235294117647,1.0,0.0,1.0,0.0,0.0,1.0,0.0,0.0,1.0,1.0,1.0,1.0,0.0254901960784313,low,,,cyber cell,tamil nadu,False,,,,,,
2024,jharkhand,sahebganj,74.0,40.0,1255.0,626.0,308.0,7.135687347028144,0.5555555555555556,6.440946540632921,0.7037037037037037,5.733341276897746,0.7037037037037037,4.31748811353631,0.7407407407407407,3.713572066704308,0.5925925925925926,1462.0,-0.1415868673050615,1.0,290.0,0.0620689655172413,1.0,84.0,-0.119047619047619,1.0,19.0,1.105263157894737,1.0,0.6240740740740741,medium,,,sahebganj,jharkhand,False,25.2381216,87.6453592,Sahibganj,80154.0,fuzzy:sahibganj,
2024,jharkhand,ranchi,73.0,346.0,7146.0,1856.0,579.0,8.874447967219979,0.9629629629629628,7.526717561352706,0.9629629629629628,6.363028103540465,0.9629629629629628,4.30406509320417,0.7037037037037037,5.849324779946859,0.9629629629629628,7660.0,-0.0671018276762402,1.0,672.0,-0.1383928571428571,1.0,157.0,-0.535031847133758,1.0,248.0,0.3951612903225806,1.0,0.9370370370370372,critical,,,ranchi,jharkhand,False,23.349649,85.334521,Ranchi,1126741.0,exact,2914253.0
2024,tamil nadu,chengalpattu,187.0,139.0,3869.0,4253.0,111.0,8.261009786023827,0.4901960784313725,8.355614995760183,0.2941176470588235,4.718498871295094,0.2156862745098039,5.236441962829949,0.4901960784313725,4.941642422609304,0.8627450980392157,4897.0,-0.2099244435368593,1.0,96.0,0.15625,1.0,110.0,0.7,1.0,164.0,-0.1524390243902439,1.0,0.4715686274509804,medium,,,chengalpattu,tamil nadu,False,,,,,,
2024,karnataka,chikkamagaluru,215.0,92.0,2649.0,1062.0,454.0,7.882314918980268,0.5641025641025641,6.968850378341948,0.5641025641025641,6.12029741895095,0.6410256410256411,5.375278407684165,0.6666666666666666,4.532599493153256,0.5128205128205128,3036.0,-0.1274703557312253,1.0,489.0,-0.0715746421267893,1.0,201.0,0.0696517412935323,1.0,98.0,-0.0612244897959183,1.0,0.5820512820512821,medium,,,chikkamagaluru,karnataka,False,13.315258,75.7754018,Chikmagalur,118496.0,exact,
2024,karnataka,dharwad,90.0,68.0,1066.0,543.0,138.0,6.9726062513017535,0.0769230769230769,6.298949246855942,0.1794871794871795,4.934473933130692,0.0512820512820512,4.51085950651685,0.0769230769230769,4.23410650459726,0.4102564102564102,1237.0,-0.1382376717865804,1.0,153.0,-0.0980392156862745,1.0,88.0,0.0227272727272727,1.0,46.0,0.4782608695652174,1.0,0.132051282051282,low,,,dharwad,karnataka,False,15.3647083,75.1239547,Hubli,943857.0,exact,1847023.0
2024,karnataka,dakshina kannada,166.0,104.0,1809.0,319.0,213.0,7.501082124259871,0.282051282051282,5.768320995793772,0.0512820512820512,5.365976015021851,0.1282051282051282,5.117993812416755,0.4871794871794871,4.653960350157523,0.6153846153846154,1835.0,-0.0141689373297002,1.0,225.0,-0.0533333333333333,1.0,186.0,-0.1075268817204301,1.0,50.0,1.08,1.0,0.2987179487179487,low,,,dakshina kannada,karnataka,False,,,,,,2089649.0
2024,karnataka,chitradurga,288.0,74.0,4426.0,1366.0,784.0,8.395477432732141,0.7948717948717948,7.220373836723949,0.7692307692307693,6.665683717782408,0.8717948717948718,5.666426688112432,0.8461538461538461,4.31748811353631,0.4358974358974359,4367.0,0.0135104190519807,1.0,703.0,0.1152204836415362,1.0,255.0,0.1294117647058823,1.0,58.0,0.2758620689655172,1.0,0.7589743589743589,high,,,chitradurga,karnataka,False,14.2305594,76.3984537,Chitradurga,145853.0,exact,1659456.0
2024,tamil nadu,avadi,276.0,668.0,4665.0,9083.0,278.0,8.448057452581375,0.6862745098039216,9.114269903225448,0.8235294117647058,5.631211781821365,0.7156862745098039,5.6240175061873385,0.8235294117647058,6.505784060128229,0.9607843137254902,4522.0,0.0316231755860238,1.0,202.0,0.3762376237623762,1.0,204.0,0.3529411764705882,1.0,361.0,0.850415512465374,1.0,0.7607843137254904,high,,,avadi,tamil nadu,False,,,,,,
2024,karnataka,gadag,85.0,67.0,1071.0,932.0,159.0,6.977281341630747,0.1025641025641025,6.838405200847344,0.4871794871794871,5.075173815233827,0.0897435897435897,4.454347296253507,0.0512820512820512,4.219507705176107,0.3717948717948718,1229.0,-0.1285598047192839,1.0,206.0,-0.2281553398058252,1.0,96.0,-0.1145833333333333,1.0,65.0,0.0307692307692307,1.0,0.1737179487179487,low,,,gadag,karnataka,False,15.4324651,75.6380337,Gadag,172612.0,exact,1064570.0
2024,karnataka,davanagere,219.0,142.0,3146.0,1302.0,605.0,8.054204897064407,0.717948717948718,7.172424577124845,0.717948717948718,6.406879986069314,0.782051282051282,5.393627546352362,0.6923076923076923,4.962844630259907,0.7692307692307693,3755.0,-0.1621837549933422,1.0,629.0,-0.0381558028616852,1.0,229.0,-0.0436681222707423,1.0,95.0,0.4947368421052631,1.0,0.7358974358974358,high,,,davanagere,karnataka,False,14.5304566,75.8010962,Harihar,145000.0,exact,1945497.0
2024,tamil nadu,chennai,719.0,1882.0,15765.0,30001.0,1093.0,9.665611001619853,0.9803921568627452,10.309019325088835,0.9803921568627452,6.997595982981927,0.9803921568627452,6.579251212010101,0.9803921568627452,7.540621528657152,0.9803921568627452,15698.0,0.0042680596254299,1.0,745.0,0.4671140939597315,1.0,573.0,0.2547993019197208,1.0,1352.0,0.3920118343195266,1.0,0.980392156862745,critical,,,chennai,tamil nadu,False,13.0826802,80.2707184,Chennai,8696010.0,exact,4646732.0
2024,rajasthan,jaipur west,225.0,10.0,7630.0,2385.0,813.0,8.939974177289633,0.9384615384615383,7.777373602657861,0.8307692307692308,6.70196036600254,0.7692307692307693,5.420534999272286,0.7384615384615385,2.3978952727983707,0.3923076923076923,8242.0,-0.0742538218878912,1.0,1138.0,-0.2855887521968365,1.0,300.0,-0.25,1.0,58.0,-0.8275862068965517,1.0,0.7919230769230771,high,,,jaipur west,rajasthan,False,,,,,,
2024,tamil nadu,ariyalur,254.0,32.0,1791.0,2506.0,195.0,7.491087593534876,0.1764705882352941,7.826842098158293,0.1764705882352941,5.278114659230517,0.4705882352941176,5.541263545158426,0.7647058823529411,3.49650756146648,0.2156862745098039,1836.0,-0.0245098039215686,1.0,71.0,1.7464788732394363,1.0,84.0,2.023809523809524,1.0,15.0,1.1333333333333333,1.0,0.3,low,,,ariyalur,tamil nadu,False,,,,,,754894.0
2024,madhya pradesh,agar,104.0,0.0,1537.0,852.0,131.0,7.338238150065589,0.0967741935483871,6.748759547491679,0.0967741935483871,4.882801922586371,0.0967741935483871,4.653960350157523,0.0967741935483871,0.0,0.1693548387096774,2062.0,-0.2546071774975751,1.0,176.0,-0.2556818181818182,1.0,60.0,0.7333333333333333,1.0,0.0,0.0,1.0,0.1076612903225806,low,,,agar,madhya pradesh,False,,,,,,
2024,lakshadweep,total districts,6.0,0.0,47.0,37.0,13.0,3.871201010907891,0.75,3.6375861597263857,0.75,2.6390573296152584,0.75,1.9459101490553128,0.75,0.0,0.75,76.0,-0.3815789473684211,1.0,23.0,-0.4347826086956521,1.0,11.0,-0.4545454545454545,1.0,1.0,-1.0,1.0,0.75,high,,,total districts,lakshadweep,True,,,,,,
2024,west bengal,bangaon,67.0,20.0,2984.0,663.0,774.0,8.001355025826703,0.375,6.498282149476434,0.65,6.652863029353347,0.525,4.219507705176107,0.175,3.044522437723423,0.85,3004.0,-0.0066577896138482,1.0,763.0,0.0144167758846657,1.0,92.0,-0.2717391304347826,1.0,36.0,-0.4444444444444444,1.0,0.48375,medium,,,bangaon,west bengal,False,,,,,,
2024,assam,grp,5.0,2.0,532.0,191.0,20.0,6.278521424165844,0.4186046511627907,5.2574953720277815,0.4651162790697674,3.044522437723423,0.1627906976744186,1.791759469228055,0.1395348837209302,1.0986122886681098,0.2093023255813953,654.0,-0.1865443425076452,1.0,26.0,-0.2307692307692307,1.0,8.0,-0.375,1.0,0.0,0.0,1.0,0.3127906976744187,low,,,grp,assam,False,,,,,,
2024,assam,goalpara,98.0,13.0,999.0,206.0,241.0,6.907755278982137,0.6744186046511628,5.332718793265369,0.5116279069767442,5.488937726156687,0.5813953488372093,4.59511985013459,0.4186046511627907,2.6390573296152584,0.686046511627907,1236.0,-0.1917475728155339,1.0,303.0,-0.2046204620462046,1.0,252.0,-0.6111111111111112,1.0,26.0,-0.5,1.0,0.6156976744186046,medium,,,goalpara,assam,False,,,,,,1008183.0
2024,uttarakhand,tehri garhwal,36.0,8.0,230.0,257.0,58.0,5.442417710521793,0.4375,5.552959584921617,0.625,4.07753744390572,0.4375,3.610917912644224,0.4375,2.19722457733622,0.375,267.0,-0.1385767790262172,1.0,70.0,-0.1714285714285714,1.0,25.0,0.44,1.0,10.0,-0.2,1.0,0.4468749999999999,medium,,,tehri garhwal,uttarakhand,False,,,,,,618931.0
2024,assam,nalbari,108.0,19.0,1108.0,211.0,275.0,7.011213987350367,0.6976744186046512,5.356586274672012,0.5348837209302325,5.62040086571715,0.6511627906976745,4.691347882229144,0.4418604651162791,2.995732273553991,0.8604651162790697,1409.0,-0.2136266855926188,1.0,327.0,-0.1590214067278287,1.0,305.0,-0.6459016393442623,1.0,25.0,-0.24,1.0,0.6709302325581397,medium,,,nalbari,assam,False,,,,,,771639.0
2024,assam,nagaon,360.0,16.0,3094.0,655.0,797.0,8.037543185118697,0.9302325581395348,6.486160788944089,0.9302325581395348,6.682108597449809,0.9534883720930232,5.8888779583328805,0.9302325581395348,2.833213344056216,0.7790697674418605,2836.0,0.0909732016925246,1.0,589.0,0.3531409168081494,1.0,469.0,-0.232409381663113,1.0,26.0,-0.3846153846153846,1.0,0.9122093023255812,critical,,,nagaon,assam,False,26.3463713,92.6840426,Nagaon,147137.0,exact,2823768.0
2024,assam,morigaon,242.0,12.0,1209.0,387.0,481.0,7.098375638590786,0.7906976744186046,5.961005339623274,0.8372093023255814,6.1779441140506,0.8604651162790697,5.493061443340548,0.8372093023255814,2.5649493574615367,0.627906976744186,1591.0,-0.240100565681961,1.0,421.0,0.1425178147268408,1.0,323.0,-0.2507739938080495,1.0,36.0,-0.6666666666666666,1.0,0.7895348837209302,high,,,morigaon,assam,False,,,,,,957423.0
2024,mizoram,spl narcotic,0.0,0.0,0.0,49.0,0.0,0.0,0.1,3.912023005428146,0.6,0.0,0.1,0.0,0.1333333333333333,0.0,0.4,0.0,0.0,1.0,0.0,0.0,1.0,0.0,0.0,1.0,0.0,0.0,1.0,0.1983333333333333,low,,,spl narcotic,mizoram,False,,,,,,
2024,assam,rpo,0.0,0.0,0.0,0.0,0.0,0.0,0.0348837209302325,0.0,0.0232558139534883,0.0,0.0697674418604651,0.0,0.0697674418604651,0.0,0.0813953488372093,0.0,0.0,1.0,0.0,0.0,1.0,0.0,0.0,1.0,0.0,0.0,1.0,0.0511627906976744,low,,,rpo,assam,False,,,,,,
2024,assam,sadia,36.0,2.0,138.0,57.0,39.0,4.934473933130692,0.2093023255813953,4.060443010546419,0.1976744186046511,3.688879454113936,0.1860465116279069,3.610917912644224,0.2325581395348837,1.0986122886681098,0.2093023255813953,158.0,-0.1265822784810126,1.0,40.0,-0.025,1.0,124.0,-0.7096774193548387,1.0,1.0,1.0,1.0,0.2058139534883721,low,,,sadia,assam,False,,,,,,
2024,uttarakhand,udhamsingh nagar,323.0,94.0,3097.0,3730.0,638.0,8.038512020976814,0.8125,8.224431573221159,0.875,6.459904454377535,0.8125,5.780743515792329,0.8125,4.553876891600541,0.8125,3955.0,-0.2169405815423514,1.0,966.0,-0.3395445134575569,1.0,372.0,-0.1317204301075268,1.0,90.0,0.0444444444444444,1.0,0.8187500000000001,high,,,udhamsingh nagar,uttarakhand,False,28.9875082,79.4141214,Rudrapur,154485.0,fuzzy:udham singh nagar,
2024,uttarakhand,total districts,2068.0,543.0,15853.0,15171.0,3342.0,9.671177113397102,1.0,9.627206902808789,1.0,8.114623886420098,1.0,7.634820677745543,1.0,6.298949246855942,1.0,17094.0,-0.0725985725985726,1.0,3808.0,-0.1223739495798319,1.0,1710.0,0.2093567251461988,1.0,494.0,0.0991902834008097,1.0,1.0,critical,,,total districts,uttarakhand,True,,,,,,
2024,mizoram,serchhip,6.0,0.0,153.0,38.0,7.0,5.0369526024136295,0.6,3.6635616461296463,0.4666666666666667,2.079441541679836,0.3333333333333333,1.9459101490553128,0.4,0.0,0.4,147.0,0.0408163265306122,1.0,6.0,0.1666666666666666,1.0,7.0,-0.1428571428571428,1.0,0.0,0.0,1.0,0.4833333333333333,medium,,,serchhip,mizoram,False,,,,,,64937.0
2024,mizoram,mamit,20.0,0.0,168.0,56.0,24.0,5.1298987149230735,0.7333333333333333,4.04305126783455,0.7333333333333333,3.218875824868201,0.8,3.044522437723423,0.8666666666666667,0.0,0.4,150.0,0.12,1.0,14.0,0.7142857142857143,1.0,11.0,0.8181818181818182,1.0,0.0,0.0,1.0,0.7100000000000001,high,,,mamit,mizoram,False,,,,,,86364.0
2024,mizoram,lunglei,12.0,2.0,149.0,90.0,13.0,5.010635294096256,0.5333333333333333,4.51085950651685,0.8,2.6390573296152584,0.6,2.5649493574615367,0.6666666666666666,1.0986122886681098,0.8,186.0,-0.1989247311827957,1.0,19.0,-0.3157894736842105,1.0,17.0,-0.2941176470588235,1.0,0.0,0.0,1.0,0.6266666666666667,medium,,,lunglei,mizoram,False,,,,,,161428.0
2024,madhya pradesh,ashok nagar,246.0,1.0,2925.0,2148.0,394.0,7.98139158158007,0.3387096774193548,7.67275789664251,0.4677419354838709,5.978885764901122,0.3870967741935484,5.5093883366279774,0.3548387096774194,0.6931471805599453,0.3467741935483871,3000.0,-0.025,1.0,323.0,0.2198142414860681,1.0,226.0,0.0884955752212389,1.0,0.0,0.0,1.0,0.3641129032258064,low,,,ashok nagar,madhya pradesh,False,,,,,,
2024,madhya pradesh,anuppur,283.0,11.0,1313.0,1599.0,381.0,7.180831199044556,0.0806451612903225,7.377758908227872,0.3064516129032258,5.945420608606575,0.3387096774193548,5.648974238161206,0.4193548387096774,2.4849066497880004,0.7983870967741935,1986.0,-0.3388721047331319,1.0,363.0,0.0495867768595041,1.0,263.0,0.0760456273764258,1.0,18.0,-0.3888888888888889,1.0,0.2963709677419355,low,,,anuppur,madhya pradesh,False,,,,,,749237.0
2024,madhya pradesh,alirajpur,123.0,0.0,2222.0,2263.0,229.0,7.706612913964197,0.2258064516129032,7.724888439323074,0.4838709677419355,5.438079308923196,0.1774193548387097,4.820281565605037,0.1129032258064516,0.0,0.1693548387096774,2047.0,0.0854909623839765,1.0,235.0,-0.025531914893617,1.0,158.0,-0.2215189873417721,1.0,1.0,-1.0,1.0,0.2221774193548387,low,,,alirajpur,madhya pradesh,False,,,,,,728999.0
2024,rajasthan,jhalawar,309.0,18.0,4711.0,3593.0,913.0,8.457867725331422,0.7846153846153846,8.187021067343505,0.9846153846153848,6.81783057145415,0.8615384615384616,5.736572297479192,0.946153846153846,2.9444389791664403,0.5538461538461539,4796.0,-0.0177231025854879,1.0,1260.0,-0.2753968253968254,1.0,329.0,-0.060790273556231,1.0,21.0,-0.1428571428571428,1.0,0.8015384615384615,high,,,jhalawar,rajasthan,False,,,,,,1411129.0
2024,lakshadweep,lakshadweep,6.0,0.0,47.0,37.0,13.0,3.871201010907891,0.75,3.6375861597263857,0.75,2.6390573296152584,0.75,1.9459101490553128,0.75,0.0,0.75,76.0,-0.3815789473684211,1.0,23.0,-0.4347826086956521,1.0,11.0,-0.4545454545454545,1.0,1.0,-1.0,1.0,0.75,high,,,lakshadweep,lakshadweep,False,10.5593204,72.6358134,Kavaratti,11210.0,exact,64473.0
2024,ladakh,total districts,17.0,1.0,460.0,81.0,34.0,6.133398042996649,1.0,4.406719247264253,1.0,3.555348061489413,1.0,2.8903717578961645,1.0,0.6931471805599453,0.8333333333333334,459.0,0.0021786492374727,1.0,20.0,0.7,1.0,7.0,1.4285714285714286,1.0,1.0,0.0,1.0,0.975,critical,,,total districts,ladakh,True,,,,,,
2024,rajasthan,jodhpur east,128.0,36.0,3058.0,1072.0,445.0,8.025843344150903,0.4769230769230769,6.9782137426306985,0.4615384615384615,6.100318952020064,0.3384615384615385,4.859812404361672,0.5230769230769231,3.610917912644224,0.8,3219.0,-0.0500155327741534,1.0,533.0,-0.1651031894934334,1.0,169.0,-0.2426035502958579,1.0,58.0,-0.3793103448275862,1.0,0.5007692307692309,medium,,,jodhpur east,rajasthan,False,,,,,,
2024,karnataka,haveri,186.0,125.0,2448.0,1001.0,367.0,7.803435056952168,0.4615384615384615,6.90975328164481,0.5128205128205128,5.908082938168931,0.5384615384615384,5.231108616854587,0.5384615384615384,4.836281906951478,0.6923076923076923,2519.0,-0.0281857880111155,1.0,321.0,0.1433021806853582,1.0,156.0,0.1923076923076923,1.0,107.0,0.1682242990654205,1.0,0.5243589743589744,medium,,,haveri,karnataka,False,14.6113428,75.6382657,Ranebennuru,106365.0,exact,1597668.0
2024,karnataka,hassan,284.0,131.0,5097.0,1103.0,689.0,8.53660358493606,0.8974358974358975,7.00669522683704,0.5897435897435898,6.536691597591305,0.8461538461538461,5.652489180268651,0.7948717948717948,4.882801922586371,0.717948717948718,5163.0,-0.0127832655432887,1.0,741.0,-0.0701754385964912,1.0,274.0,0.0364963503649635,1.0,111.0,0.1801801801801801,1.0,0.8192307692307692,high,,,hassan,karnataka,False,13.0068142,76.0995519,Hassan,173008.0,exact,1776421.0
2024,karnataka,kalaburgi city,125.0,30.0,1808.0,561.0,263.0,7.500529485395295,0.2564102564102564,6.331501849893691,0.2051282051282051,5.575949103146316,0.2307692307692307,4.836281906951478,0.2307692307692307,3.4339872044851463,0.1794871794871795,2112.0,-0.1439393939393939,1.0,294.0,-0.1054421768707483,1.0,77.0,0.6233766233766234,1.0,33.0,-0.0909090909090909,1.0,0.232051282051282,low,,,kalaburgi,karnataka,False,17.329731,76.8342957,Gulbarga,532031.0,fuzzy:kalburgi,
2024,karnataka,hubballi dharwad city,147.0,240.0,1816.0,1109.0,318.0,7.504942068396171,0.3076923076923077,7.01211529430638,0.6153846153846154,5.765191102784844,0.358974358974359,4.997212273764115,0.3846153846153846,5.484796933490655,0.8717948717948718,1776.0,0.0225225225225225,1.0,265.0,0.2,1.0,118.0,0.2457627118644068,1.0,465.0,-0.4838709677419355,1.0,0.441025641025641,medium,,,hubballi dharwad,karnataka,False,,,,,,
2024,karnataka,kodagu,123.0,82.0,1499.0,492.0,215.0,7.313220387090301,0.1282051282051282,6.20050917404269,0.1538461538461538,5.375278407684165,0.1538461538461538,4.820281565605037,0.2051282051282051,4.418840607796598,0.4871794871794871,1576.0,-0.0488578680203045,1.0,219.0,-0.0182648401826484,1.0,116.0,0.0603448275862069,1.0,105.0,-0.219047619047619,1.0,0.1974358974358974,low,,,kodagu,karnataka,False,,,,,,554519.0
2024,karnataka,kgf,91.0,97.0,786.0,342.0,159.0,6.668228248417403,0.0256410256410256,5.83773044716594,0.0769230769230769,5.075173815233827,0.0897435897435897,4.5217885770490405,0.1025641025641025,4.584967478670572,0.5641025641025641,836.0,-0.0598086124401913,1.0,144.0,0.1041666666666666,1.0,80.0,0.1375,1.0,122.0,-0.2049180327868852,1.0,0.132051282051282,low,,,kgf,karnataka,False,,,,,,
2024,karnataka,kalaburgi,208.0,33.0,2617.0,919.0,360.0,7.870165946469845,0.5384615384615384,6.824373670043086,0.4358974358974359,5.8888779583328805,0.4871794871794871,5.342334251964811,0.6153846153846154,3.5263605246161616,0.2051282051282051,2555.0,0.02426614481409,1.0,343.0,0.0495626822157434,1.0,183.0,0.1366120218579235,1.0,27.0,0.2222222222222222,1.0,0.4756410256410256,medium,,,kalaburgi,karnataka,False,17.329731,76.8342957,Gulbarga,532031.0,fuzzy:kalburgi,
2024,sikkim,pakyong,17.0,0.0,83.0,41.0,13.0,4.430816798843313,0.625,3.737669618283368,0.625,2.6390573296152584,0.375,2.8903717578961645,0.5625,0.0,0.4375,57.0,0.4561403508771929,1.0,25.0,-0.48,1.0,23.0,-0.2608695652173913,1.0,0.0,0.0,1.0,0.540625,medium,,,pakyong,sikkim,False,,,,,,
2024,west bengal,barrackpur pc,261.0,11.0,8134.0,686.0,1814.0,9.003931019653137,0.9,6.532334292222349,0.675,7.503840746698951,0.9,5.568344503761097,0.65,2.4849066497880004,0.7,9539.0,-0.1472900723346262,1.0,1967.0,-0.0777834265378749,1.0,244.0,0.0696721311475409,1.0,7.0,0.5714285714285714,1.0,0.8225000000000001,high,,,barrackpur pc,west bengal,False,,,,,,
2024,nagaland,kiphire,2.0,0.0,11.0,11.0,1.0,2.4849066497880004,0.3888888888888889,2.4849066497880004,0.2777777777777778,0.6931471805599453,0.4166666666666667,1.0986122886681098,0.6388888888888888,0.0,0.3611111111111111,16.0,-0.3125,1.0,1.0,0.0,1.0,2.0,0.0,1.0,0.0,0.0,1.0,0.4041666666666667,medium,,,kiphire,nagaland,False,,,,,,74004.0
2024,nagaland,dimapur,24.0,1.0,469.0,165.0,20.0,6.152732694704104,0.9444444444444444,5.111987788356544,0.9444444444444444,3.044522437723423,0.9444444444444444,3.218875824868201,0.9444444444444444,0.6931471805599453,0.7777777777777778,551.0,-0.1488203266787658,1.0,17.0,0.1764705882352941,1.0,9.0,1.6666666666666667,1.0,0.0,0.0,1.0,0.9194444444444444,critical,,,dimapur,nagaland,False,25.8629885,93.7536663,Dimapur,375782.0,exact,378811.0
2024,nagaland,mon,6.0,2.0,42.0,46.0,8.0,3.7612001156935615,0.8333333333333334,3.8501476017100575,0.7222222222222222,2.19722457733622,0.8333333333333334,1.9459101490553128,0.8333333333333334,1.0986122886681098,0.8888888888888888,82.0,-0.4878048780487805,1.0,2.0,3.0,1.0,2.0,2.0,1.0,0.0,0.0,1.0,0.8305555555555556,high,,,mon,nagaland,False,,,,,,250260.0
2024,nagaland,narcotics,0.0,0.0,0.0,16.0,0.0,0.0,0.0555555555555555,2.833213344056216,0.3888888888888889,0.0,0.1666666666666666,0.0,0.25,0.0,0.3611111111111111,0.0,0.0,1.0,0.0,0.0,1.0,0.0,0.0,1.0,0.0,0.0,1.0,0.1763888888888888,low,,,narcotics,nagaland,False,,,,,,
2024,west bengal,alipurduar,234.0,1.0,2102.0,375.0,666.0,7.6511201757027,0.225,5.929589143389895,0.225,6.502790045915623,0.425,5.459585514144159,0.6,0.6931471805599453,0.4125,2119.0,-0.0080226521944313,1.0,648.0,0.0277777777777777,1.0,189.0,0.238095238095238,1.0,1.0,0.0,1.0,0.330625,low,,,alipurduar,west bengal,False,26.4918891,89.5271026,Alipurduar,127342.0,exact,
2024,nagaland,cyber security,0.0,9.0,2.0,9.0,2.0,1.0986122886681098,0.1111111111111111,2.302585092994046,0.2222222222222222,1.0986122886681098,0.6111111111111112,0.0,0.25,2.302585092994046,0.9444444444444444,10.0,-0.8,1.0,5.0,-0.6,1.0,1.0,-1.0,1.0,1.0,8.0,1.0,0.3611111111111111,low,,,cyber security,nagaland,False,,,,,,
2024,odisha,malkangiri,228.0,82.0,1707.0,1200.0,440.0,7.443078374348516,0.1351351351351351,7.090909822079984,0.5675675675675675,6.089044875446846,0.3243243243243243,5.43372200355424,0.4594594594594595,4.418840607796598,0.6486486486486487,1877.0,-0.0905700586041555,1.0,484.0,-0.0909090909090909,1.0,156.0,0.4615384615384615,1.0,114.0,-0.2807017543859649,1.0,0.3256756756756757,low,,,malkangiri,odisha,False,,,,,,
2024,odisha,koraput,230.0,34.0,3073.0,1453.0,762.0,8.03073492409854,0.3513513513513513,7.282073658093465,0.7027027027027027,6.637258031284457,0.5945945945945946,5.442417710521793,0.4864864864864865,3.555348061489413,0.2972972972972973,3154.0,-0.0256816740646797,1.0,916.0,-0.168122270742358,1.0,243.0,-0.0534979423868312,1.0,38.0,-0.1052631578947368,1.0,0.4405405405405406,medium,,,koraput,odisha,False,18.8606126,82.5510469,Jeypore,84830.0,exact,
2024,assam,jorhat,145.0,10.0,947.0,228.0,222.0,6.854354502255021,0.6511627906976745,5.43372200355424,0.5581395348837209,5.407171771460119,0.5348837209302325,4.983606621708336,0.5813953488372093,2.3978952727983707,0.5697674418604651,1048.0,-0.0963740458015267,1.0,295.0,-0.247457627118644,1.0,113.0,0.2831858407079646,1.0,32.0,-0.6875,1.0,0.5994186046511629,medium,,,jorhat,assam,False,26.7465203,94.2025859,Jorhat,153249.0,exact,1092256.0
2024,west bengal,basirhat,227.0,4.0,3645.0,785.0,777.0,8.201385955238608,0.5,6.666956792429207,0.75,6.656726524178391,0.55,5.429345628954441,0.55,1.6094379124341005,0.5125,3586.0,0.0164528722810931,1.0,994.0,-0.2183098591549295,1.0,246.0,-0.0772357723577235,1.0,14.0,-0.7142857142857143,1.0,0.541875,medium,,,basirhat,west bengal,False,,,,,,
2024,west bengal,baruipur police,463.0,5.0,7771.0,923.0,1769.0,8.95828281049733,0.875,6.828712071641684,0.825,7.478734825567875,0.875,6.139884552226255,0.825,1.791759469228055,0.55,7837.0,-0.0084215898940921,1.0,1786.0,-0.009518477043673,1.0,429.0,0.0792540792540792,1.0,0.0,0.0,1.0,0.81625,high,,,baruipur police,west bengal,False,,,,,,
2024,assam,karbi anglong,116.0,14.0,392.0,229.0,125.0,5.973809611869261,0.3255813953488372,5.438079308923196,0.5813953488372093,4.836281906951478,0.3255813953488372,4.762173934797756,0.4651162790697674,2.70805020110221,0.7325581395348837,448.0,-0.125,1.0,231.0,-0.4588744588744589,1.0,206.0,-0.4368932038834951,1.0,8.0,0.75,1.0,0.4261627906976744,medium,,,karbi anglong,assam,False,,,,,,956313.0
2024,assam,kamrup,254.0,23.0,3533.0,437.0,742.0,8.170185652879642,0.9534883720930232,6.082218910376446,0.8953488372093024,6.610696044717759,0.9069767441860463,5.541263545158426,0.8604651162790697,3.1780538303479458,0.9186046511627908,4308.0,-0.1798978644382544,1.0,1034.0,-0.2823984526112185,1.0,507.0,-0.4990138067061144,1.0,60.0,-0.6166666666666667,1.0,0.9238372093023256,critical,,,kamrup,assam,False,26.1445169,91.7362365,Guwahati,968549.0,exact,1517542.0
2024,uttarakhand,uttarkashi,29.0,2.0,133.0,147.0,47.0,4.897839799950911,0.1875,4.997212273764115,0.3125,3.871201010907891,0.3125,3.4011973816621555,0.3125,1.0986122886681098,0.125,143.0,-0.0699300699300699,1.0,34.0,0.3823529411764705,1.0,28.0,0.0357142857142857,1.0,3.0,-0.3333333333333333,1.0,0.228125,low,,,uttarkashi,uttarakhand,False,,,,,,330086.0
2024,assam,karimganj,193.0,23.0,1876.0,333.0,472.0,7.537430036586509,0.8837209302325582,5.811140992976701,0.7674418604651163,6.159095388491933,0.8372093023255814,5.267858159063328,0.7209302325581395,3.1780538303479458,0.9186046511627908,2190.0,-0.1433789954337899,1.0,586.0,-0.1945392491467577,1.0,333.0,-0.4204204204204204,1.0,25.0,-0.08,1.0,0.8517441860465116,high,,,karimganj,assam,False,,,,,,1228686.0
2024,west bengal,asansol durgapur pc,145.0,14.0,4702.0,653.0,722.0,8.455955881945048,0.7,6.483107351457199,0.625,6.583409222158765,0.45,4.983606621708336,0.375,2.70805020110221,0.725,4568.0,0.0293345008756567,1.0,695.0,0.0388489208633093,1.0,142.0,0.0211267605633802,1.0,12.0,0.1666666666666666,1.0,0.61375,medium,,,asansol durgapur pc,west bengal,False,,,,,,
2024,karnataka,raichur,150.0,21.0,2798.0,1464.0,523.0,7.937017489515454,0.6410256410256411,7.289610521451167,0.8205128205128205,6.261491684321042,0.6923076923076923,5.017279836814924,0.4102564102564102,3.091042453358316,0.0769230769230769,2642.0,0.0590461771385314,1.0,514.0,0.0175097276264591,1.0,143.0,0.0489510489510489,1.0,29.0,-0.2758620689655172,1.0,0.5615384615384617,medium,,,raichur,karnataka,False,16.2120031,77.3439283,Raichur,232456.0,exact,1928812.0
2024,sikkim,soreng,17.0,0.0,44.0,16.0,14.0,3.80666248977032,0.5,2.833213344056216,0.5,2.70805020110221,0.5,2.8903717578961645,0.5625,0.0,0.4375,47.0,-0.0638297872340425,1.0,10.0,0.4,1.0,11.0,0.5454545454545454,1.0,0.0,0.0,1.0,0.496875,medium,,,soreng,sikkim,False,,,,,,
2024,karnataka,kolar,196.0,58.0,2262.0,455.0,339.0,7.724446645633537,0.4358974358974359,6.1224928095143865,0.1282051282051282,5.828945617610208,0.4358974358974359,5.2832037287379885,0.5897435897435898,4.07753744390572,0.3076923076923077,2552.0,-0.1136363636363636,1.0,367.0,-0.0762942779291553,1.0,241.0,-0.1867219917012448,1.0,65.0,-0.1076923076923077,1.0,0.4012820512820513,medium,,,kolar,karnataka,False,12.9551189,78.2698622,Robertsonpet,162230.0,exact,1536401.0
2024,karnataka,chikkaballapura,323.0,189.0,2701.0,1183.0,459.0,7.901747518520144,0.5897435897435898,7.076653815443951,0.6666666666666666,6.131226489483141,0.6666666666666666,5.780743515792329,0.8717948717948718,5.247024072160486,0.7948717948717948,2734.0,-0.0120702267739575,1.0,406.0,0.1305418719211822,1.0,314.0,0.0286624203821656,1.0,262.0,-0.2786259541984733,1.0,0.6717948717948719,medium,,,chikkaballapura,karnataka,False,,,,,,1255104.0
2024,sikkim,cid,0.0,0.0,3.0,0.0,0.0,1.3862943611198906,0.125,0.0,0.125,0.0,0.125,0.0,0.125,0.0,0.4375,3.0,0.0,1.0,1.0,-1.0,1.0,0.0,0.0,1.0,0.0,0.0,1.0,0.171875,low,,,cid,sikkim,True,,,,,,
2024,karnataka,mysuru city,143.0,260.0,2523.0,627.0,363.0,7.833600223661103,0.4871794871794871,6.442540166468199,0.2307692307692307,5.8971538676367405,0.5128205128205128,4.969813299576001,0.3333333333333333,5.564520407322694,0.8974358974358975,2553.0,-0.0117508813160987,1.0,458.0,-0.2074235807860262,1.0,149.0,-0.0402684563758389,1.0,234.0,0.1111111111111111,1.0,0.5128205128205128,medium,,,mysuru,karnataka,False,12.2958104,76.6393805,Mysore,887446.0,exact,
2024,karnataka,mangaluru city,157.0,137.0,2103.0,1644.0,280.0,7.651595573857601,0.3846153846153846,7.405495663199472,0.8717948717948718,5.638354669333745,0.2564102564102564,5.062595033026967,0.4487179487179487,4.927253685157205,0.7435897435897436,2122.0,-0.0089538171536286,1.0,270.0,0.037037037037037,1.0,171.0,-0.0818713450292397,1.0,241.0,-0.4315352697095436,1.0,0.467948717948718,medium,,,mangaluru,karnataka,False,,,,,,
2024,karnataka,mandya,287.0,67.0,4363.0,1156.0,606.0,8.381144346952961,0.7692307692307693,7.053585727193677,0.6410256410256411,6.408528791059498,0.8205128205128205,5.662960480135946,0.8205128205128205,4.219507705176107,0.3717948717948718,4932.0,-0.1153690186536901,1.0,694.0,-0.1268011527377521,1.0,270.0,0.0629629629629629,1.0,47.0,0.425531914893617,1.0,0.7121794871794873,high,,,mandya,karnataka,False,12.5221567,76.9009191,Mandya,137358.0,exact,1805769.0
2024,karnataka,ramanagara,261.0,236.0,4010.0,805.0,526.0,8.296795865770052,0.7435897435897436,6.692083742506628,0.3333333333333333,6.267200548541362,0.717948717948718,5.568344503761097,0.7692307692307693,5.468060141135132,0.8461538461538461,4163.0,-0.0367523420610136,1.0,594.0,-0.1144781144781144,1.0,262.0,-0.0038167938931297,1.0,159.0,0.4842767295597484,1.0,0.7153846153846154,high,,,ramanagara,karnataka,False,12.7094487,77.2807423,Ramanagara,95167.0,fuzzy:ramnagar,1082636.0
2024,karnataka,mysuru district,254.0,46.0,4885.0,735.0,602.0,8.494129251817686,0.8717948717948718,6.601230118728877,0.3076923076923077,6.401917196727186,0.7435897435897436,5.541263545158426,0.7435897435897436,3.8501476017100575,0.2564102564102564,4542.0,0.0755173932188463,1.0,620.0,-0.0290322580645161,1.0,240.0,0.0583333333333333,1.0,40.0,0.15,1.0,0.6846153846153845,medium,,,mysuru,karnataka,False,12.2958104,76.6393805,Mysore,887446.0,exact,
2024,sikkim,gangtok,30.0,15.0,225.0,62.0,38.0,5.420534999272286,0.875,4.143134726391533,0.875,3.6635616461296463,0.75,3.4339872044851463,0.75,2.772588722239781,0.9375,227.0,-0.0088105726872246,1.0,39.0,-0.0256410256410256,1.0,44.0,-0.3181818181818182,1.0,9.0,0.6666666666666666,1.0,0.8468749999999999,high,,,gangtok,sikkim,False,,,,,,
2024,rajasthan,udaipur,594.0,61.0,7690.0,3283.0,1084.0,8.947806093057054,0.953846153846154,8.096817470572319,0.9692307692307692,6.98933526597456,0.953846153846154,6.38856140554563,0.9846153846153848,4.127134385045092,0.8769230769230769,9760.0,-0.2120901639344262,1.0,2083.0,-0.4795967354776764,1.0,778.0,-0.2365038560411311,1.0,157.0,-0.6114649681528662,1.0,0.946923076923077,critical,,,udaipur,rajasthan,False,24.595745,73.694395,Udaipur,474531.0,exact,3068420.0
2024,rajasthan,jhunjhunu,132.0,30.0,4223.0,1450.0,696.0,8.348537825386098,0.676923076923077,7.280008252884188,0.6461538461538462,6.546785410760524,0.6307692307692307,4.890349128221754,0.5384615384615384,3.4339872044851463,0.7230769230769231,4472.0,-0.0556797853309481,1.0,697.0,-0.0014347202295552,1.0,104.0,0.2692307692307692,1.0,32.0,-0.0625,1.0,0.6576923076923078,medium,,,jhunjhunu,rajasthan,False,28.1288747,75.3995089,Jhunjhunu,100476.0,exact,
2024,kerala,trivandrum rural,448.0,63.0,20729.0,16052.0,1201.0,9.939337205429826,0.9565217391304348,9.683651026979414,0.6956521739130435,7.091742115095153,0.9130434782608696,6.107022887742255,0.9130434782608696,4.158883083359672,0.391304347826087,27733.0,-0.2525511123931778,1.0,1394.0,-0.1384505021520803,1.0,538.0,-0.1672862453531598,1.0,183.0,-0.6557377049180327,1.0,0.832608695652174,high,,,thiruvananthapuram,kerala,False,8.5241391,76.9366376,Thiruvananthapuram,957730.0,exact,3301427.0
2024,kerala,trivandrum commr,262.0,264.0,18749.0,12133.0,713.0,9.838949031398556,0.9130434782608696,9.403766708502244,0.5217391304347826,6.570882962339584,0.6086956521739131,5.572154032177765,0.391304347826087,5.579729825986222,0.782608695652174,19606.0,-0.0437111088442313,1.0,760.0,-0.0618421052631578,1.0,194.0,0.3505154639175257,1.0,584.0,-0.547945205479452,1.0,0.7413043478260869,high,,,trivandrum commr,kerala,False,,,,,,
2024,rajasthan,kekri,78.0,3.0,1920.0,467.0,354.0,7.560601162768557,0.2769230769230769,6.148468295917647,0.1538461538461538,5.872117789475416,0.2615384615384615,4.3694478524670215,0.3461538461538461,1.3862943611198906,0.1769230769230769,1968.0,-0.024390243902439,1.0,528.0,-0.3295454545454545,1.0,90.0,-0.1333333333333333,1.0,2.0,0.5,1.0,0.2534615384615384,low,,,kekri,rajasthan,False,,,,,,
2024,assam,hojai,295.0,27.0,1124.0,425.0,432.0,7.025538314638521,0.7441860465116279,6.054439346269371,0.8604651162790697,6.07073772800249,0.813953488372093,5.69035945432406,0.9069767441860463,3.332204510175204,0.9534883720930232,1291.0,-0.1293570875290472,1.0,403.0,0.0719602977667493,1.0,471.0,-0.3736730360934182,1.0,30.0,-0.1,1.0,0.8174418604651162,high,,,hojai,assam,False,,,,,,
2024,west bengal,chandannagar pc,30.0,0.0,2067.0,485.0,581.0,7.63433723562832,0.2,6.186208623900494,0.4625,6.366470447731438,0.325,3.4339872044851463,0.125,0.0,0.2,1988.0,0.039738430583501,1.0,586.0,-0.0085324232081911,1.0,36.0,-0.1666666666666666,1.0,0.0,0.0,1.0,0.24375,low,,,chandannagar pc,west bengal,False,,,,,,
2024,assam,bieo,0.0,0.0,6.0,1.0,0.0,1.9459101490553128,0.0930232558139534,0.6931471805599453,0.0581395348837209,0.0,0.0697674418604651,0.0,0.0697674418604651,0.0,0.0813953488372093,18.0,-0.6666666666666666,1.0,0.0,0.0,1.0,0.0,0.0,1.0,0.0,0.0,1.0,0.0808139534883721,low,,,bieo,assam,False,,,,,,
2024,assam,barpeta,139.0,16.0,1154.0,437.0,298.0,7.051855622955894,0.7674418604651163,6.082218910376446,0.8953488372093024,5.700443573390687,0.7209302325581395,4.941642422609304,0.5581395348837209,2.833213344056216,0.7790697674418605,1338.0,-0.1375186846038864,1.0,306.0,-0.0261437908496732,1.0,295.0,-0.5288135593220339,1.0,28.0,-0.4285714285714285,1.0,0.7517441860465117,high,,,barpeta,assam,False,,,,,,1693622.0
2024,assam,hailakandi,93.0,3.0,775.0,173.0,191.0,6.654152520183219,0.5348837209302325,5.159055299214529,0.3953488372093023,5.2574953720277815,0.4651162790697674,4.543294782270004,0.3837209302325581,1.3862943611198906,0.3023255813953488,1183.0,-0.3448858833474218,1.0,309.0,-0.3818770226537217,1.0,278.0,-0.6654676258992805,1.0,13.0,-0.7692307692307693,1.0,0.4569767441860465,medium,,,hailakandi,assam,False,,,,,,659296.0
2024,assam,guwahati city,547.0,45.0,6490.0,855.0,839.0,8.778171881033469,0.9767441860465116,6.752270376141742,0.9767441860465116,6.733401891837359,0.9767441860465116,6.306275286948016,0.9767441860465116,3.828641396489095,0.9767441860465116,8263.0,-0.2145709790632942,1.0,1054.0,-0.2039848197343453,1.0,571.0,-0.042031523642732,1.0,182.0,-0.7527472527472527,1.0,0.9767441860465116,critical,,,guwahati,assam,False,,,,,,
2024,assam,golaghat,85.0,7.0,796.0,187.0,239.0,6.680854678790215,0.5581395348837209,5.236441962829949,0.4418604651162791,5.480638923341991,0.5581395348837209,4.454347296253507,0.3488372093023256,2.079441541679836,0.4883720930232558,870.0,-0.0850574712643678,1.0,228.0,0.0482456140350877,1.0,196.0,-0.5663265306122449,1.0,14.0,-0.5,1.0,0.5151162790697674,medium,,,golaghat,assam,False,,,,,,1066888.0
2024,west bengal,bankura,231.0,4.0,3300.0,383.0,734.0,8.101980731853192,0.45,5.950642552587727,0.275,6.5998704992128365,0.5,5.44673737166631,0.575,1.6094379124341005,0.5125,3226.0,0.022938623682579,1.0,749.0,-0.0200267022696929,1.0,209.0,0.1052631578947368,1.0,5.0,-0.2,1.0,0.464375,medium,,,bankura,west bengal,False,23.2324146,87.0786044,Bankura,138036.0,exact,3596674.0
2024,nagaland,kohima,8.0,0.0,100.0,68.0,10.0,4.61512051684126,0.8888888888888888,4.23410650459726,0.8888888888888888,2.3978952727983707,0.8888888888888888,2.19722457733622,0.8888888888888888,0.0,0.3611111111111111,114.0,-0.1228070175438596,1.0,9.0,0.1111111111111111,1.0,5.0,0.6,1.0,0.0,0.0,1.0,0.8097222222222222,high,,,kohima,nagaland,False,25.6585963,94.1053307,Kohima,99039.0,exact,267988.0
2024,assam,hamren,25.0,4.0,97.0,36.0,41.0,4.584967478670572,0.1395348837209302,3.610917912644224,0.1395348837209302,3.737669618283368,0.2093023255813953,3.258096538021482,0.2093023255813953,1.6094379124341005,0.3720930232558139,167.0,-0.4191616766467065,1.0,56.0,-0.2678571428571428,1.0,39.0,-0.358974358974359,1.0,5.0,-0.2,1.0,0.1953488372093023,low,,,hamren,assam,False,,,,,,
2024,west bengal,barasat,314.0,16.0,5379.0,391.0,1185.0,8.59044365315583,0.775,5.971261839790462,0.325,7.078341579557671,0.725,5.752572638825633,0.775,2.833213344056216,0.8,5395.0,-0.0029657089898053,1.0,1175.0,0.0085106382978723,1.0,290.0,0.0827586206896551,1.0,18.0,-0.1111111111111111,1.0,0.72375,high,,,barasat,west bengal,False,,,,,,
2024,mizoram,total districts,176.0,50.0,2701.0,851.0,259.0,7.901747518520144,1.0,6.747586526829315,1.0,5.560681631015528,1.0,5.176149732573829,1.0,3.9318256327243257,1.0,3281.0,-0.1767753733617799,1.0,184.0,0.4076086956521739,1.0,146.0,0.2054794520547945,1.0,31.0,0.6129032258064516,1.0,1.0,critical,,,total districts,mizoram,True,,,,,,
2024,nagaland,crime,0.0,0.0,3.0,0.0,0.0,1.3862943611198906,0.1944444444444444,0.0,0.0555555555555555,0.0,0.1666666666666666,0.0,0.25,0.0,0.3611111111111111,4.0,-0.25,1.0,0.0,0.0,1.0,0.0,0.0,1.0,0.0,0.0,1.0,0.2055555555555555,low,,,crime,nagaland,False,,,,,,
2024,nagaland,longleng,0.0,1.0,15.0,35.0,0.0,2.772588722239781,0.5277777777777778,3.58351893845611,0.6666666666666666,0.0,0.1666666666666666,0.0,0.25,0.6931471805599453,0.7777777777777778,32.0,-0.53125,1.0,4.0,-1.0,1.0,1.0,-1.0,1.0,0.0,0.0,1.0,0.4791666666666667,medium,,,longleng,nagaland,False,,,,,,50484.0
2024,ladakh,kargil,3.0,1.0,162.0,13.0,15.0,5.093750200806762,0.3333333333333333,2.6390573296152584,0.3333333333333333,2.772588722239781,0.3333333333333333,1.3862943611198906,0.3333333333333333,0.6931471805599453,0.8333333333333334,168.0,-0.0357142857142857,1.0,5.0,2.0,1.0,2.0,0.5,1.0,1.0,0.0,1.0,0.4083333333333333,medium,,,kargil,ladakh,False,,,,,,
2024,ladakh,leh,14.0,0.0,298.0,68.0,19.0,5.700443573390687,0.6666666666666666,4.23410650459726,0.6666666666666666,2.995732273553991,0.6666666666666666,2.70805020110221,0.6666666666666666,0.0,0.3333333333333333,291.0,0.0240549828178694,1.0,15.0,0.2666666666666666,1.0,5.0,1.8,1.0,0.0,0.0,1.0,0.6166666666666667,medium,,,leh,ladakh,False,,,,,,
2024,kerala,wayanadu,241.0,20.0,2354.0,8554.0,451.0,7.764296006450518,0.1304347826086956,9.054271186326291,0.1739130434782608,6.113682179832232,0.2608695652173913,5.488937726156687,0.3043478260869565,3.044522437723423,0.1739130434782608,3880.0,-0.3932989690721649,1.0,609.0,-0.2594417077175698,1.0,247.0,-0.0242914979757085,1.0,148.0,-0.8648648648648649,1.0,0.1847826086956521,low,,,wayanadu,kerala,False,,,,,,
2024,rajasthan,jodhpur crime,0.0,12.0,11.0,1.0,0.0,2.4849066497880004,0.0461538461538461,0.6931471805599453,0.0384615384615384,0.0,0.0461538461538461,0.0,0.0461538461538461,2.5649493574615367,0.4384615384615384,10.0,0.1,1.0,1.0,-1.0,1.0,0.0,0.0,1.0,12.0,0.0,1.0,0.1042307692307692,low,,,jodhpur crime,rajasthan,False,,,,,,
2024,rajasthan,khairtal tijara,63.0,2.0,1683.0,682.0,314.0,7.428927194802272,0.2153846153846154,6.52649485957079,0.2769230769230769,5.752572638825633,0.2461538461538461,4.158883083359672,0.2615384615384615,1.0986122886681098,0.1153846153846153,2041.0,-0.1754042136207741,1.0,366.0,-0.1420765027322404,1.0,56.0,0.125,1.0,2.0,0.0,1.0,0.2173076923076923,low,,,khairtal tijara,rajasthan,False,,,,,,
2024,rajasthan,karauli,94.0,29.0,3746.0,1222.0,808.0,8.228710798793687,0.6,7.109062135687172,0.5384615384615384,6.695798917058491,0.7384615384615385,4.553876891600541,0.3846153846153846,3.4011973816621555,0.7076923076923077,4084.0,-0.0827619980411361,1.0,925.0,-0.1264864864864865,1.0,103.0,-0.087378640776699,1.0,10.0,1.9,1.0,0.6161538461538462,medium,,,karauli,rajasthan,False,26.7454967,77.0330481,Hindaun,109569.0,exact,1458248.0
2024,rajasthan,jodhpur west,189.0,86.0,3563.0,1198.0,462.0,8.1786387885907,0.5692307692307692,7.089243155027514,0.5076923076923077,6.137727054086234,0.3538461538461538,5.247024072160486,0.7230769230769231,4.465908118654584,0.953846153846154,4434.0,-0.1964366260712674,1.0,770.0,-0.4,1.0,251.0,-0.247011952191235,1.0,94.0,-0.0851063829787234,1.0,0.5930769230769232,medium,,,jodhpur west,rajasthan,False,,,,,,
2024,sikkim,gyalshing,12.0,0.0,29.0,11.0,17.0,3.4011973816621555,0.375,2.4849066497880004,0.375,2.8903717578961645,0.625,2.5649493574615367,0.375,0.0,0.4375,39.0,-0.2564102564102564,1.0,14.0,0.2142857142857142,1.0,10.0,0.2,1.0,2.0,-1.0,1.0,0.4343749999999999,medium,,,gyalshing,sikkim,False,,,,,,
2024,rajasthan,total districts,8992.0,1527.0,213352.0,84200.0,36563.0,12.27070334991874,1.0,11.340962076644454,1.0,10.50681942877371,1.0,9.104201775914516,1.0,7.331714969726466,1.0,234985.0,-0.0920611953954507,1.0,45450.0,-0.1955335533553355,1.0,10577.0,-0.1498534556112319,1.0,2435.0,-0.3728952772073922,1.0,1.0,critical,,,total districts,rajasthan,True,,,,,,
2024,sikkim,mangan,7.0,0.0,25.0,6.0,5.0,3.258096538021482,0.25,1.9459101490553128,0.25,1.791759469228055,0.25,2.079441541679836,0.25,0.0,0.4375,27.0,-0.074074074074074,1.0,8.0,-0.375,1.0,11.0,-0.3636363636363636,1.0,0.0,0.0,1.0,0.278125,low,,,mangan,sikkim,False,,,,,,
2024,sikkim,namchi,39.0,0.0,98.0,48.0,44.0,4.59511985013459,0.75,3.8918202981106265,0.75,3.80666248977032,0.875,3.688879454113936,0.875,0.0,0.4375,111.0,-0.1171171171171171,1.0,37.0,0.1891891891891892,1.0,40.0,-0.025,1.0,1.0,-1.0,1.0,0.7406250000000001,high,,,namchi,sikkim,False,,,,,,
2024,karnataka,tumakuru,473.0,322.0,6352.0,1862.0,858.0,8.756682421266532,0.9230769230769232,7.529943370601589,0.9487179487179488,6.755768921984255,0.9487179487179488,6.161207321695077,0.9487179487179488,5.777652323222656,0.9230769230769232,6440.0,-0.0136645962732919,1.0,890.0,-0.0359550561797752,1.0,574.0,-0.1759581881533101,1.0,252.0,0.2777777777777778,1.0,0.9333333333333332,critical,,,tumakuru,karnataka,False,13.345018,77.101945,Tumkur,305821.0,exact,
2024,karnataka,shimoga,407.0,123.0,4588.0,1825.0,817.0,8.431417414394833,0.8461538461538461,7.509883061154913,0.9230769230769232,6.706862336602747,0.8974358974358975,6.0112671744041615,0.8974358974358975,4.820281565605037,0.6666666666666666,4654.0,-0.0141813493768801,1.0,905.0,-0.0972375690607734,1.0,367.0,0.108991825613079,1.0,54.0,1.2777777777777777,1.0,0.8423076923076923,high,,,shimoga,karnataka,False,13.8329901,75.7080727,Bhadravati,151102.0,exact,1752753.0
2024,sikkim,total districts,122.0,15.0,507.0,184.0,131.0,6.230481447578482,1.0,5.220355825078324,1.0,4.882801922586371,1.0,4.812184355372417,1.0,2.772588722239781,0.9375,511.0,-0.0078277886497064,1.0,134.0,-0.0223880597014925,1.0,139.0,-0.1223021582733813,1.0,12.0,0.25,1.0,0.990625,critical,,,total districts,sikkim,True,,,,,,
2024,rajasthan,ssb,0.0,0.0,0.0,3.0,0.0,0.0,0.0153846153846153,1.3862943611198906,0.0615384615384615,0.0,0.0461538461538461,0.0,0.0461538461538461,0.0,0.0461538461538461,0.0,0.0,1.0,0.0,0.0,1.0,0.0,0.0,1.0,0.0,0.0,1.0,0.0338461538461538,low,,,ssb,rajasthan,False,,,,,,
2024,karnataka,total districts,9162.0,21993.0,138784.0,59547.0,19946.0,11.840681252050684,1.0,10.994537988996948,1.0,9.900834035070565,1.0,9.122928914965213,1.0,9.99852496787088,1.0,148648.0,-0.0663581077444701,1.0,20336.0,-0.0191778127458693,1.0,8929.0,0.0260947474521223,1.0,21889.0,0.0047512449175384,1.0,1.0,critical,,,total districts,karnataka,True,,,,,,
2024,assam,cid,0.0,0.0,9.0,2.0,0.0,2.302585092994046,0.1162790697674418,1.0986122886681098,0.0930232558139534,0.0,0.0697674418604651,0.0,0.0697674418604651,0.0,0.0813953488372093,12.0,-0.25,1.0,1.0,-1.0,1.0,1.0,-1.0,1.0,4.0,-1.0,1.0,0.0947674418604651,low,,,cid,assam,True,,,,,,
2024,nagaland,phek,1.0,0.0,15.0,29.0,1.0,2.772588722239781,0.5277777777777778,3.4011973816621555,0.4444444444444444,0.6931471805599453,0.4166666666666667,0.6931471805599453,0.5277777777777778,0.0,0.3611111111111111,26.0,-0.4230769230769231,1.0,2.0,-0.5,1.0,2.0,-0.5,1.0,0.0,0.0,1.0,0.4722222222222222,medium,,,phek,nagaland,False,,,,,,163418.0
2024,nagaland,shamator,0.0,0.0,3.0,1.0,0.0,1.3862943611198906,0.1944444444444444,0.6931471805599453,0.1111111111111111,0.0,0.1666666666666666,0.0,0.25,0.0,0.3611111111111111,8.0,-0.625,1.0,0.0,0.0,1.0,0.0,0.0,1.0,0.0,0.0,1.0,0.2111111111111111,low,,,shamator,nagaland,False,,,,,,
2024,nagaland,mokokchung,2.0,0.0,33.0,52.0,3.0,3.5263605246161616,0.7222222222222222,3.970291913552122,0.8333333333333334,1.3862943611198906,0.7222222222222222,1.0986122886681098,0.6388888888888888,0.0,0.3611111111111111,43.0,-0.2325581395348837,1.0,2.0,0.5,1.0,1.0,1.0,1.0,0.0,0.0,1.0,0.6708333333333334,medium,,,mokokchung,nagaland,False,,,,,,194622.0
2024,odisha,kendrapara,405.0,84.0,5338.0,583.0,1083.0,8.582793648500186,0.6216216216216216,6.369900982828227,0.1351351351351351,6.988413181999592,0.7297297297297297,6.0063531596017325,0.8108108108108109,4.442651256490317,0.6756756756756757,7369.0,-0.2756140588953725,1.0,1296.0,-0.1643518518518518,1.0,463.0,-0.1252699784017278,1.0,95.0,-0.1157894736842105,1.0,0.6216216216216216,medium,,,kendrapara,odisha,False,,,,,,
2024,odisha,kandhamal,175.0,10.0,2342.0,1240.0,713.0,7.759187438507795,0.2432432432432432,7.123672785204607,0.5945945945945946,6.570882962339584,0.5135135135135135,5.170483995038151,0.3243243243243243,2.3978952727983707,0.081081081081081,2291.0,0.0222610213880401,1.0,715.0,-0.0027972027972027,1.0,190.0,-0.0789473684210526,1.0,21.0,-0.5238095238095238,1.0,0.3162162162162162,low,,,kandhamal,odisha,False,,,,,,
2024,odisha,kalahandi,266.0,81.0,3723.0,1287.0,723.0,8.222553638396958,0.4594594594594595,7.160845906664299,0.6216216216216216,6.584791392385716,0.5405405405405406,5.58724865840025,0.5945945945945946,4.406719247264253,0.6216216216216216,4106.0,-0.093278129566488,1.0,737.0,-0.0189959294436906,1.0,269.0,-0.0111524163568773,1.0,46.0,0.7608695652173914,1.0,0.5297297297297298,medium,,,kalahandi,odisha,False,,,,,,
2024,assam,dima hasao,17.0,4.0,104.0,91.0,17.0,4.653960350157523,0.1627906976744186,4.5217885770490405,0.2790697674418604,2.8903717578961645,0.1395348837209302,2.8903717578961645,0.1627906976744186,1.6094379124341005,0.3720930232558139,161.0,-0.3540372670807453,1.0,52.0,-0.6730769230769231,1.0,50.0,-0.66,1.0,9.0,-0.5555555555555556,1.0,0.2011627906976744,low,,,dima hasao,assam,False,,,,,,214102.0
2024,assam,chirang,117.0,6.0,418.0,152.0,179.0,6.037870919922137,0.3488372093023256,5.030437921392435,0.3720930232558139,5.19295685089021,0.4418604651162791,4.770684624465665,0.4883720930232558,1.9459101490553128,0.4534883720930232,384.0,0.0885416666666666,1.0,141.0,0.2695035460992908,1.0,138.0,-0.1521739130434782,1.0,4.0,0.5,1.0,0.3994186046511628,low,,,chirang,assam,False,,,,,,482162.0
2024,assam,cachar,261.0,18.0,2273.0,311.0,749.0,7.729295674310482,0.9069767441860463,5.7430031878094825,0.7209302325581395,6.620073206530356,0.9302325581395348,5.568344503761097,0.8837209302325582,2.9444389791664403,0.8372093023255814,4480.0,-0.4926339285714285,1.0,953.0,-0.2140608604407135,1.0,465.0,-0.4387096774193548,1.0,69.0,-0.7391304347826086,1.0,0.8802325581395349,critical,,,cachar,assam,False,24.8332708,92.7789054,Silchar,228985.0,exact,1736617.0
2024,assam,dhubri,377.0,12.0,1363.0,707.0,616.0,7.218176838403408,0.8372093023255814,6.56244409369372,0.9534883720930232,6.424869023905388,0.8837209302325582,5.934894195619588,0.9534883720930232,2.5649493574615367,0.627906976744186,1563.0,-0.127959053103007,1.0,523.0,0.1778202676864244,1.0,807.0,-0.5328376703841388,1.0,69.0,-0.8260869565217391,1.0,0.8383720930232558,high,,,dhubri,assam,False,26.0206982,89.9743463,Dhubri,109234.0,exact,1949258.0
2024,assam,dhemaji,123.0,2.0,618.0,151.0,166.0,6.428105272684596,0.4883720930232558,5.0238805208462765,0.3488372093023256,5.117993812416755,0.3953488372093023,4.820281565605037,0.5116279069767442,1.0986122886681098,0.2093023255813953,541.0,0.1423290203327172,1.0,180.0,-0.0777777777777777,1.0,209.0,-0.4114832535885167,1.0,2.0,0.0,1.0,0.4162790697674419,medium,,,dhemaji,assam,False,,,,,,686133.0
2024,assam,darrang,223.0,13.0,913.0,284.0,293.0,6.81783057145415,0.627906976744186,5.652489180268651,0.6976744186046512,5.683579767338681,0.6976744186046512,5.41164605185504,0.7674418604651163,2.6390573296152584,0.686046511627907,1441.0,-0.366412213740458,1.0,469.0,-0.3752665245202559,1.0,316.0,-0.2943037974683544,1.0,18.0,-0.2777777777777778,1.0,0.6715116279069768,medium,,,darrang,assam,False,,,,,,928500.0
2024,west bengal,birbhum,169.0,0.0,4204.0,527.0,640.0,8.344029572407049,0.6,6.269096283706261,0.525,6.46302945692067,0.4,5.135798437050262,0.4,0.0,0.2,3905.0,0.0765685019206146,1.0,630.0,0.0158730158730158,1.0,154.0,0.0974025974025974,1.0,10.0,-1.0,1.0,0.4725,medium,,,birbhum,west bengal,False,23.6686892,87.6827676,Bolpur,92370.0,exact,3502404.0
2024,west bengal,bidhannagar pc,108.0,23.0,3611.0,246.0,629.0,8.192016914536875,0.475,5.5093883366279774,0.175,6.4457198193855785,0.35,4.691347882229144,0.25,3.1780538303479458,0.95,3667.0,-0.0152713389691846,1.0,593.0,0.0607082630691399,1.0,116.0,-0.0689655172413793,1.0,15.0,0.5333333333333333,1.0,0.46875,medium,,,bidhannagar pc,west bengal,False,,,,,,
2024,assam,dibrugarh,174.0,9.0,1334.0,366.0,290.0,7.19668657083435,0.813953488372093,5.905361848054571,0.813953488372093,5.673323267171493,0.6744186046511628,5.1647859739235145,0.6511627906976745,2.302585092994046,0.5232558139534884,1661.0,-0.1968693558097531,1.0,435.0,-0.3333333333333333,1.0,265.0,-0.3433962264150943,1.0,21.0,-0.5714285714285714,1.0,0.7261627906976745,high,,,dibrugarh,assam,False,27.4728327,94.9119621,Dibrugarh,154019.0,exact,1326335.0
2024,rajasthan,tonk,62.0,6.0,3936.0,2631.0,731.0,8.278174290943738,0.6461538461538462,7.875499292445208,0.9076923076923076,6.595780513961311,0.676923076923077,4.143134726391533,0.2384615384615384,1.9459101490553128,0.2846153846153846,4496.0,-0.1245551601423487,1.0,747.0,-0.0214190093708166,1.0,226.0,-0.7256637168141593,1.0,22.0,-0.7272727272727273,1.0,0.5834615384615385,medium,,,tonk,rajasthan,False,26.1620402,75.7894716,Tonk,165294.0,exact,1421326.0
2024,karnataka,koppal,142.0,27.0,1774.0,1021.0,288.0,7.4815557019095165,0.2307692307692307,6.92951677076365,0.5384615384615384,5.666426688112432,0.282051282051282,4.962844630259907,0.2948717948717949,3.332204510175204,0.1538461538461538,1819.0,-0.0247388675096206,1.0,261.0,0.1034482758620689,1.0,134.0,0.0597014925373134,1.0,18.0,0.5,1.0,0.2666666666666667,low,,,koppal,karnataka,False,15.431874,76.5314817,Gangawati,114642.0,exact,1389920.0
2024,karnataka,krailways,13.0,0.0,864.0,93.0,18.0,6.762729506931879,0.0512820512820512,4.543294782270004,0.0256410256410256,2.9444389791664403,0.0256410256410256,2.6390573296152584,0.0256410256410256,0.0,0.0256410256410256,928.0,-0.0689655172413793,1.0,20.0,-0.1,1.0,10.0,0.3,1.0,1.0,-1.0,1.0,0.0371794871794871,low,,,krailways,karnataka,True,,,,,,
2024,kerala,pathanamthitta,307.0,90.0,7542.0,11861.0,532.0,8.928375259853631,0.391304347826087,9.381095292398673,0.4347826086956521,6.278521424165844,0.3043478260869565,5.730099782973574,0.6956521739130435,4.51085950651685,0.4782608695652174,8811.0,-0.1440245148110316,1.0,610.0,-0.1278688524590163,1.0,221.0,0.3891402714932127,1.0,149.0,-0.3959731543624161,1.0,0.4217391304347826,medium,,,pathanamthitta,kerala,False,,,,,,1197412.0
2024,karnataka,yadgiri,107.0,19.0,1582.0,898.0,301.0,7.367077059881012,0.1538461538461538,6.80128303447162,0.3846153846153846,5.71042701737487,0.3076923076923077,4.68213122712422,0.1282051282051282,2.995732273553991,0.0512820512820512,1442.0,0.0970873786407767,1.0,224.0,0.34375,1.0,76.0,0.4078947368421052,1.0,17.0,0.1176470588235294,1.0,0.1897435897435897,low,,,yadgiri,karnataka,False,,,,,,
2024,karnataka,vijayapura,210.0,80.0,3005.0,1328.0,440.0,8.00836557031292,0.6923076923076923,7.192182058713246,0.7435897435897436,6.089044875446846,0.5897435897435898,5.351858133476067,0.6410256410256411,4.394449154672439,0.4615384615384615,3103.0,-0.0315823396712858,1.0,476.0,-0.0756302521008403,1.0,168.0,0.25,1.0,93.0,-0.1397849462365591,1.0,0.6371794871794871,medium,,,vijayapura,karnataka,False,16.8301708,75.710031,Bijapur,327427.0,fuzzy:vijayapur,
2024,rajasthan,sikar,181.0,56.0,5533.0,1281.0,819.0,8.618666160346871,0.8461538461538461,7.156176637480615,0.5538461538461539,6.709304340258298,0.7846153846153846,5.204006687076795,0.6923076923076923,4.04305126783455,0.8384615384615385,6185.0,-0.1054163298302344,1.0,954.0,-0.1415094339622641,1.0,233.0,-0.223175965665236,1.0,61.0,-0.081967213114754,1.0,0.788076923076923,high,,,sikar,rajasthan,False,27.6094,75.139911,Sikar,244497.0,exact,2677333.0
2024,rajasthan,scrb,0.0,13.0,13.0,0.0,0.0,2.6390573296152584,0.0615384615384615,0.0,0.0153846153846153,0.0,0.0461538461538461,0.0,0.0461538461538461,2.6390573296152584,0.4692307692307692,0.0,0.0,1.0,0.0,0.0,1.0,0.0,0.0,1.0,13.0,0.0,1.0,0.1134615384615384,low,,,scrb,rajasthan,False,,,,,,
2024,kerala,thrissur commr,205.0,275.0,8550.0,12086.0,683.0,9.053803514155955,0.4782608695652174,9.399885773859458,0.4782608695652174,6.52795791762255,0.5217391304347826,5.327876168789581,0.217391304347826,5.62040086571715,0.8260869565217391,10136.0,-0.1564719810576164,1.0,860.0,-0.2058139534883721,1.0,310.0,-0.3387096774193548,1.0,434.0,-0.3663594470046083,1.0,0.5130434782608696,medium,,,thrissur commr,kerala,False,,,,,,
2024,rajasthan,shahpura,68.0,19.0,1849.0,719.0,371.0,7.52294091807237,0.2615384615384615,6.579251212010101,0.3076923076923077,5.918893854273146,0.2923076923076923,4.23410650459726,0.2769230769230769,2.995732273553991,0.5769230769230769,2272.0,-0.1861795774647887,1.0,678.0,-0.4528023598820059,1.0,146.0,-0.5342465753424658,1.0,20.0,-0.05,1.0,0.3211538461538461,low,,,shahpura,rajasthan,False,,,,,,
2024,kerala,alapuzha,398.0,235.0,10409.0,26080.0,1069.0,9.250522161609014,0.782608695652174,10.168962358863777,0.8260869565217391,6.975413927455952,0.8260869565217391,5.988961416889864,0.8695652173913043,5.4638318050256105,0.7391304347826086,11945.0,-0.128589367936375,1.0,1007.0,0.0615690168818272,1.0,383.0,0.0391644908616188,1.0,148.0,0.5878378378378378,1.0,0.7978260869565217,high,,,alapuzha,kerala,False,9.4980667,76.3388484,Alappuzha,174164.0,fuzzy:alappuzha,
2024,rajasthan,sirohi,227.0,19.0,2612.0,1354.0,468.0,7.868254265520613,0.4153846153846154,7.2115567333138015,0.6,6.150602768446279,0.3846153846153846,5.429345628954441,0.7538461538461538,2.995732273553991,0.5769230769230769,2590.0,0.0084942084942084,1.0,607.0,-0.228995057660626,1.0,186.0,0.2204301075268817,1.0,21.0,-0.0952380952380952,1.0,0.4857692307692307,medium,,,sirohi,rajasthan,False,,,,,,1036346.0
2024,kerala,palakkad,289.0,296.0,8675.0,19556.0,764.0,9.068315871946766,0.5217391304347826,9.88108855759265,0.782608695652174,6.639875833826536,0.6521739130434783,5.66988092298052,0.6086956521739131,5.6937321388027,0.9130434782608696,15609.0,-0.4442308924338523,1.0,995.0,-0.2321608040201005,1.0,417.0,-0.3069544364508393,1.0,208.0,0.4230769230769231,1.0,0.6413043478260869,medium,,,palakkad,kerala,False,10.7867303,76.6547932,Palakkad,131019.0,exact,2809934.0
2024,kerala,malappuram,604.0,445.0,8956.0,31862.0,1492.0,9.100190628475197,0.5652173913043478,10.36920074098965,0.9565217391304348,7.30854279753919,0.9565217391304348,6.405228458030842,0.9565217391304348,6.100318952020064,0.9565217391304348,18964.0,-0.5277367643956971,1.0,1379.0,0.0819434372733865,1.0,638.0,-0.0532915360501567,1.0,184.0,1.4184782608695652,1.0,0.7804347826086957,high,,,malappuram,kerala,False,11.0731819,76.0739999,Malappuram,101386.0,exact,4112920.0
2024,rajasthan,nagaur,133.0,21.0,3438.0,1104.0,700.0,8.142936010432265,0.5538461538461539,7.007600613951853,0.4923076923076923,6.55250788703459,0.6461538461538462,4.897839799950911,0.5615384615384615,3.091042453358316,0.6230769230769231,3955.0,-0.1307206068268015,1.0,749.0,-0.0654205607476635,1.0,199.0,-0.3316582914572864,1.0,41.0,-0.4878048780487805,1.0,0.5773076923076923,medium,,,nagaur,rajasthan,False,27.0285581,74.714621,Makrana,116295.0,exact,3307743.0
2024,kerala,thrissur rural,302.0,285.0,6696.0,11229.0,663.0,8.80941494391005,0.3478260869565217,9.326344047732489,0.3478260869565217,6.498282149476434,0.391304347826087,5.713732805509369,0.6521739130434783,5.655991810819852,0.8695652173913043,10110.0,-0.3376854599406528,1.0,689.0,-0.0377358490566037,1.0,240.0,0.2583333333333333,1.0,92.0,2.097826086956522,1.0,0.4652173913043478,medium,,,thrissur,kerala,False,10.5276416,76.2144349,Thrissur,325474.0,exact,3121200.0
2024,west bengal,islampur,217.0,15.0,2628.0,382.0,344.0,7.874358824729881,0.3,5.948034989180646,0.25,5.84354441703136,0.2,5.384495062789089,0.5,2.772588722239781,0.7625,2104.0,0.2490494296577946,1.0,296.0,0.1621621621621621,1.0,141.0,0.5390070921985816,1.0,15.0,0.0,1.0,0.364375,low,,,islampur,west bengal,False,,,,,,
2024,west bengal,howrah grp,6.0,0.0,362.0,140.0,8.0,5.8944028342648505,0.1,4.948759890378168,0.125,2.19722457733622,0.025,1.9459101490553128,0.0375,0.0,0.2,369.0,-0.018970189701897,1.0,11.0,-0.2727272727272727,1.0,5.0,0.2,1.0,0.0,0.0,1.0,0.09625,low,,,howrah grp,west bengal,True,,,,,,
2024,west bengal,howrah pc,269.0,0.0,5206.0,705.0,916.0,8.557759153162898,0.75,6.559615237493242,0.7,6.821107472256465,0.6,5.598421958998375,0.7,0.0,0.2,5212.0,-0.0011511895625479,1.0,887.0,0.0326944757609921,1.0,196.0,0.3724489795918367,1.0,14.0,-1.0,1.0,0.6275,medium,,,howrah pc,west bengal,False,,,,,,
2024,arunachal pradesh,shiyomi,1.0,0.0,26.0,0.0,1.0,3.295836866004329,0.25,0.0,0.0357142857142857,0.6931471805599453,0.1071428571428571,0.6931471805599453,0.25,0.0,0.4464285714285714,20.0,0.3,1.0,2.0,-0.5,1.0,0.0,0.0,1.0,0.0,0.0,1.0,0.2294642857142857,low,,,shiyomi,arunachal pradesh,False,,,,,,
2024,west bengal,hooghly rural police,267.0,0.0,4716.0,634.0,920.0,8.458928283284262,0.725,6.453624998892692,0.6,6.825460036255307,0.625,5.5909869805108565,0.675,0.0,0.2,4752.0,-0.0075757575757575,1.0,944.0,-0.0254237288135593,1.0,234.0,0.141025641025641,1.0,7.0,-1.0,1.0,0.6087499999999999,medium,,,hooghly rural police,west bengal,False,,,,,,
2024,west bengal,howrah rural,224.0,17.0,2928.0,572.0,730.0,7.982416346827733,0.35,6.35088571671474,0.55,6.594413459749778,0.475,5.41610040220442,0.525,2.8903717578961645,0.825,2798.0,0.0464617583988563,1.0,722.0,0.0110803324099723,1.0,191.0,0.1727748691099476,1.0,1.0,16.0,1.0,0.4837499999999999,medium,,,howrah,west bengal,False,,,,,,
2024,assam,bongaigaon,239.0,14.0,862.0,270.0,335.0,6.760414691083428,0.5813953488372093,5.602118820879701,0.6511627906976745,5.817111159963204,0.7674418604651163,5.480638923341991,0.7906976744186046,2.70805020110221,0.7325581395348837,1263.0,-0.3174980205859066,1.0,324.0,0.0339506172839506,1.0,421.0,-0.4323040380047506,1.0,19.0,-0.2631578947368421,1.0,0.6691860465116279,medium,,,bongaigaon,assam,False,26.5009992,90.5352356,Bongaigaon,174973.0,exact,738804.0
2024,assam,biswanath,192.0,9.0,596.0,202.0,243.0,6.391917113392602,0.4651162790697674,5.313205979041787,0.4883720930232558,5.497168225293202,0.6046511627906976,5.262690188904886,0.6976744186046512,2.302585092994046,0.5232558139534884,690.0,-0.136231884057971,1.0,192.0,0.265625,1.0,229.0,-0.1615720524017467,1.0,0.0,0.0,1.0,0.5273255813953489,medium,,,biswanath,assam,False,,,,,,
2024,west bengal,darjeeling,127.0,0.0,1375.0,297.0,294.0,7.226936018493289,0.175,5.697093486505405,0.2,5.68697535633982,0.175,4.852030263919617,0.275,0.0,0.2,1344.0,0.0230654761904761,1.0,318.0,-0.0754716981132075,1.0,106.0,0.1981132075471698,1.0,3.0,-1.0,1.0,0.1912499999999999,low,,,darjeeling,west bengal,False,27.0360066,88.2626751,Darjeeling,132016.0,exact,
2024,west bengal,diamond harbour police,189.0,0.0,3831.0,718.0,1209.0,8.251142139090751,0.55,6.577861357721047,0.725,7.098375638590786,0.75,5.247024072160486,0.425,0.0,0.2,3648.0,0.0501644736842105,1.0,1200.0,0.0075,1.0,183.0,0.0327868852459016,1.0,4.0,-1.0,1.0,0.5425000000000001,medium,,,diamond harbour police,west bengal,False,,,,,,
2024,west bengal,dakshin dinajpur,282.0,0.0,2817.0,400.0,578.0,7.943782692458625,0.325,5.993961427306569,0.375,6.361302477572996,0.3,5.645446897643238,0.725,0.0,0.2,2544.0,0.1073113207547169,1.0,544.0,0.0625,1.0,247.0,0.1417004048582996,1.0,3.0,-1.0,1.0,0.34625,low,,,dakshin dinajpur,west bengal,False,25.2372834,88.7830612,Balurghat,164593.0,exact,1676276.0
2024,west bengal,coochbehar,471.0,7.0,4458.0,857.0,1291.0,8.402679804627477,0.625,6.754604099487962,0.775,7.163946684342547,0.8,6.156978985585555,0.875,2.079441541679836,0.625,4414.0,0.0099682827367467,1.0,1294.0,-0.0023183925811437,1.0,447.0,0.0536912751677852,1.0,0.0,0.0,1.0,0.7000000000000001,high,,,coochbehar,west bengal,False,26.3356861,89.445851,Cooch Behar,106760.0,fuzzy:cooch behar,
2024,assam,charaideo,62.0,2.0,262.0,82.0,96.0,5.572154032177765,0.2325581395348837,4.418840607796598,0.2558139534883721,4.574710978503383,0.3023255813953488,4.143134726391533,0.3023255813953488,1.0986122886681098,0.2093023255813953,348.0,-0.2471264367816092,1.0,132.0,-0.2727272727272727,1.0,149.0,-0.5838926174496645,1.0,6.0,-0.6666666666666666,1.0,0.2523255813953488,low,,,charaideo,assam,False,,,,,,
2024,odisha,jagatsinghpur,307.0,102.0,5359.0,697.0,1272.0,8.586719254064848,0.6486486486486487,6.548219102762372,0.2432432432432432,7.149131598557407,0.8648648648648649,5.730099782973574,0.6756756756756757,4.634728988229636,0.7837837837837838,5168.0,0.0369582043343653,1.0,967.0,0.3154084798345398,1.0,236.0,0.3008474576271186,1.0,69.0,0.4782608695652174,1.0,0.6743243243243243,medium,,,jagatsinghpur,odisha,False,,,,,,
2024,nagaland,peren,0.0,1.0,19.0,30.0,2.0,2.995732273553991,0.6111111111111112,3.4339872044851463,0.5,1.0986122886681098,0.6111111111111112,0.0,0.25,0.6931471805599453,0.7777777777777778,22.0,-0.1363636363636363,1.0,3.0,-0.3333333333333333,1.0,0.0,0.0,1.0,0.0,0.0,1.0,0.588888888888889,medium,,,peren,nagaland,False,,,,,,95219.0
2024,nagaland,noklak,0.0,0.0,5.0,2.0,1.0,1.791759469228055,0.2777777777777778,1.0986122886681098,0.1666666666666666,0.6931471805599453,0.4166666666666667,0.0,0.25,0.0,0.3611111111111111,2.0,1.5,1.0,0.0,0.0,1.0,0.0,0.0,1.0,0.0,0.0,1.0,0.3041666666666667,low,,,noklak,nagaland,False,,,,,,
2024,odisha,keonjhar,437.0,87.0,5168.0,2949.0,1186.0,8.550434525196039,0.5675675675675675,7.989560449333865,0.972972972972973,7.079184394609668,0.8108108108108109,6.082218910376446,0.8648648648648649,4.477336814478207,0.7297297297297297,5586.0,-0.0748299319727891,1.0,1272.0,-0.0676100628930817,1.0,351.0,0.245014245014245,1.0,77.0,0.1298701298701298,1.0,0.7108108108108108,high,,,keonjhar,odisha,False,,,,,,
2024,kerala,railways,14.0,0.0,566.0,6463.0,83.0,6.340359303727752,0.0434782608695652,8.774003600200931,0.1304347826086956,4.430816798843313,0.0869565217391304,2.70805020110221,0.0869565217391304,0.0,0.0434782608695652,362.0,0.56353591160221,1.0,82.0,0.0121951219512195,1.0,13.0,0.0769230769230769,1.0,0.0,0.0,1.0,0.0652173913043478,low,,,railways,kerala,True,,,,,,
2024,rajasthan,jodhpur rural,112.0,20.0,2310.0,688.0,475.0,7.745435610274381,0.3076923076923077,6.535241271013659,0.2923076923076923,6.16541785423142,0.4,4.727387818712341,0.4538461538461538,3.044522437723423,0.6,2714.0,-0.1488577745025792,1.0,587.0,-0.1908006814310051,1.0,125.0,-0.104,1.0,48.0,-0.5833333333333334,1.0,0.383076923076923,low,,,jodhpur,rajasthan,False,26.2389469,73.0243094,Jodhpur,1137815.0,exact,3687165.0
2024,kerala,total districts,5929.0,2962.0,184528.0,315039.0,15037.0,12.125561911682803,1.0,12.660454893872952,1.0,9.618335609937972,1.0,8.68777949199177,1.0,7.993957547573565,1.0,258538.0,-0.2862635279920166,1.0,16025.0,-0.0616536661466458,1.0,5903.0,0.004404540064374,1.0,3295.0,-0.1010622154779969,1.0,1.0,critical,,,total districts,kerala,True,,,,,,
2024,rajasthan,kotputli behror,103.0,21.0,4538.0,1286.0,668.0,8.420462002456466,0.7384615384615385,7.160069207596127,0.5692307692307692,6.505784060128229,0.6,4.6443908991413725,0.4153846153846154,3.091042453358316,0.6230769230769231,4965.0,-0.0860020140986908,1.0,589.0,0.1341256366723259,1.0,135.0,-0.237037037037037,1.0,14.0,0.5,1.0,0.6442307692307693,medium,,,kotputli behror,rajasthan,False,,,,,,
2024,kerala,ernakulam rural,345.0,18.0,11659.0,27197.0,1104.0,9.363919459904483,0.8260869565217391,10.210898720168904,0.8695652173913043,7.007600613951853,0.8695652173913043,5.846438775057725,0.782608695652174,2.9444389791664403,0.1304347826086956,12100.0,-0.0364462809917355,1.0,1341.0,-0.1767337807606264,1.0,428.0,-0.1939252336448598,1.0,188.0,-0.9042553191489362,1.0,0.7304347826086957,high,,,ernakulam,kerala,False,9.9312328,76.2673041,Kochi,612343.0,exact,3282388.0
2024,kerala,ernakulam commr,267.0,201.0,10043.0,11473.0,783.0,9.214730720277476,0.6521739130434783,9.347838885161815,0.391304347826087,6.664409020350408,0.6956521739130435,5.5909869805108565,0.5652173913043478,5.308267697401205,0.6956521739130435,24729.0,-0.5938776335476565,1.0,783.0,0.0,1.0,230.0,0.1608695652173913,1.0,112.0,0.7946428571428571,1.0,0.6326086956521739,medium,,,ernakulam commr,kerala,False,,,,,,
2024,kerala,crime branch,1.0,2.0,759.0,4.0,1.0,6.633318433280377,0.0869565217391304,1.6094379124341005,0.0434782608695652,0.6931471805599453,0.0434782608695652,0.6931471805599453,0.0434782608695652,1.0986122886681098,0.0869565217391304,4.0,188.75,1.0,0.0,0.0,1.0,0.0,0.0,1.0,0.0,0.0,1.0,0.0695652173913043,low,,,crime branch,kerala,True,,,,,,
2024,rajasthan,pratapgarh,275.0,4.0,2413.0,1076.0,600.0,7.789040401657477,0.3692307692307692,6.981934677156389,0.4769230769230769,6.398594934535208,0.5076923076923077,5.62040086571715,0.8769230769230769,1.6094379124341005,0.2384615384615384,2228.0,0.0830341113105924,1.0,758.0,-0.20844327176781,1.0,217.0,0.2672811059907834,1.0,8.0,-0.5,1.0,0.4388461538461539,medium,,,pratapgarh,rajasthan,False,,,,,,867848.0
2024,kerala,kannur city,136.0,116.0,3861.0,10493.0,415.0,8.258940462988459,0.217391304347826,9.258558944246657,0.3043478260869565,6.030685260261263,0.217391304347826,4.919980925828125,0.1739130434782608,4.762173934797756,0.5652173913043478,4085.0,-0.0548347613219094,1.0,445.0,-0.0674157303370786,1.0,132.0,0.0303030303030303,1.0,119.0,-0.0252100840336134,1.0,0.2739130434782609,low,,,kannur,kerala,False,11.8744775,75.3703662,Kannur,232634.0,exact,2523003.0
2024,kerala,idukki,266.0,62.0,14202.0,13741.0,558.0,9.561208488881128,0.8695652173913043,9.52821211559102,0.6086956521739131,6.326149473155099,0.3478260869565217,5.58724865840025,0.5,4.143134726391533,0.3478260869565217,14967.0,-0.0511124473842453,1.0,519.0,0.0751445086705202,1.0,230.0,0.1565217391304348,1.0,78.0,-0.2051282051282051,1.0,0.6239130434782609,medium,,,idukki,kerala,False,,,,,,1108974.0
2024,rajasthan,pali,240.0,24.0,4691.0,1348.0,949.0,8.453614209773367,0.7692307692307693,7.207118856207756,0.5846153846153846,6.856461984594587,0.8769230769230769,5.484796933490655,0.7923076923076923,3.218875824868201,0.6692307692307692,4996.0,-0.061048839071257,1.0,1242.0,-0.2359098228663446,1.0,180.0,0.3333333333333333,1.0,27.0,-0.1111111111111111,1.0,0.7596153846153847,high,,,pali,rajasthan,False,25.7710893,73.3234478,Pali,230075.0,exact,2037573.0
2024,rajasthan,sawai madhopur,112.0,87.0,2558.0,1027.0,553.0,7.847371836159788,0.4,6.93537044601511,0.4307692307692308,6.317164686747284,0.4615384615384615,4.727387818712341,0.4538461538461538,4.477336814478207,0.9692307692307692,2954.0,-0.1340555179417738,1.0,557.0,-0.0071813285457809,1.0,74.0,0.5135135135135135,1.0,65.0,0.3384615384615385,1.0,0.5061538461538463,medium,,,sawai madhopur,rajasthan,False,26.478446,76.732222,Gangapur,130061.0,exact,1335551.0
2024,kerala,kannur rural,127.0,57.0,2742.0,12358.0,330.0,7.916807490937603,0.1739130434782608,9.422139821589736,0.5652173913043478,5.802118375377063,0.1304347826086956,4.852030263919617,0.1304347826086956,4.060443010546419,0.3043478260869565,4211.0,-0.3488482545713607,1.0,344.0,-0.0406976744186046,1.0,142.0,-0.1056338028169014,1.0,19.0,2.0,1.0,0.2195652173913043,low,,,kannur,kerala,False,11.8744775,75.3703662,Kannur,232634.0,exact,2523003.0
2024,rajasthan,rajsamand,264.0,6.0,3125.0,1387.0,669.0,8.047509510981422,0.4923076923076923,7.23561914106675,0.6307692307692307,6.507277712385012,0.6153846153846154,5.579729825986222,0.8461538461538461,1.9459101490553128,0.2846153846153846,3195.0,-0.0219092331768388,1.0,711.0,-0.0590717299578059,1.0,231.0,0.1428571428571428,1.0,42.0,-0.8571428571428571,1.0,0.535,medium,,,rajsamand,rajasthan,False,,,,,,1156597.0
2024,rajasthan,salumbar,73.0,2.0,1150.0,475.0,219.0,7.048386408721883,0.1384615384615384,6.16541785423142,0.1846153846153846,5.393627546352362,0.1846153846153846,4.30406509320417,0.2923076923076923,1.0986122886681098,0.1153846153846153,1297.0,-0.1133384734001542,1.0,347.0,-0.3688760806916426,1.0,153.0,-0.5228758169934641,1.0,4.0,-0.5,1.0,0.1642307692307692,low,,,salumbar,rajasthan,False,,,,,,
2024,rajasthan,sanchore,20.0,6.0,1164.0,417.0,258.0,7.060476365999801,0.1538461538461538,6.035481432524756,0.1384615384615384,5.556828061699537,0.2,3.044522437723423,0.1538461538461538,1.9459101490553128,0.2846153846153846,1357.0,-0.1422254974207811,1.0,310.0,-0.1677419354838709,1.0,40.0,-0.5,1.0,0.0,0.0,1.0,0.1811538461538461,low,,,sanchore,rajasthan,False,,,,,,
2024,odisha,jajpur,633.0,154.0,7765.0,1800.0,2100.0,8.957510510291613,0.8918918918918919,7.496097345175956,0.8378378378378378,7.650168700845001,0.945945945945946,6.452048954437226,0.945945945945946,5.043425116919247,0.918918918918919,7388.0,0.0510286951813752,1.0,1773.0,0.1844331641285956,1.0,539.0,0.1743970315398886,1.0,126.0,0.2222222222222222,1.0,0.9067567567567568,critical,,,jajpur,odisha,False,,,,,,
2024,west bengal,kharagpur grp,8.0,0.0,345.0,74.0,12.0,5.846438775057725,0.075,4.31748811353631,0.05,2.5649493574615367,0.05,2.19722457733622,0.075,0.0,0.2,276.0,0.25,1.0,6.0,1.0,1.0,3.0,1.6666666666666667,1.0,0.0,0.0,1.0,0.08625,low,,,kharagpur grp,west bengal,True,,,,,,
2024,arunachal pradesh,lower dibang valley,10.0,0.0,80.0,11.0,18.0,4.394449154672439,0.6428571428571429,2.4849066497880004,0.6428571428571429,2.9444389791664403,0.8214285714285714,2.3978952727983707,0.7678571428571429,0.0,0.4464285714285714,68.0,0.1764705882352941,1.0,5.0,2.6,1.0,2.0,4.0,1.0,0.0,0.0,1.0,0.6616071428571428,medium,,,lower dibang valley,arunachal pradesh,False,,,,,,54080.0
2024,arunachal pradesh,lohit,13.0,0.0,87.0,4.0,10.0,4.477336814478207,0.6785714285714286,1.6094379124341005,0.3571428571428571,2.3978952727983707,0.6785714285714286,2.6390573296152584,0.875,0.0,0.4464285714285714,82.0,0.0609756097560975,1.0,8.0,0.25,1.0,7.0,0.8571428571428571,1.0,0.0,0.0,1.0,0.6312500000000001,medium,,,lohit,arunachal pradesh,False,,,,,,145726.0
2024,west bengal,malda,618.0,1.0,9842.0,1283.0,1703.0,9.194515821629212,0.95,7.157735484249907,0.925,7.440733707389261,0.85,6.428105272684596,0.95,0.6931471805599453,0.4125,9801.0,0.004183246607489,1.0,1642.0,0.0371498172959805,1.0,527.0,0.1726755218216318,1.0,4.0,-0.75,1.0,0.846875,high,,,malda,west bengal,False,25.0108408,88.1410967,Malda,324237.0,exact,
2024,arunachal pradesh,tirap,0.0,0.0,43.0,15.0,2.0,3.784189633918261,0.5,2.772588722239781,0.6785714285714286,1.0986122886681098,0.1785714285714285,0.0,0.0892857142857142,0.0,0.4464285714285714,29.0,0.4827586206896552,1.0,3.0,-0.3333333333333333,1.0,4.0,-1.0,1.0,0.0,0.0,1.0,0.4044642857142857,medium,,,tirap,arunachal pradesh,False,,,,,,111975.0
2024,nagaland,total districts,52.0,14.0,802.0,590.0,56.0,6.688354713946762,1.0,6.3818160174060985,1.0,4.04305126783455,1.0,3.970291913552122,1.0,2.70805020110221,1.0,1050.0,-0.2361904761904762,1.0,56.0,0.0,1.0,26.0,1.0,1.0,2.0,6.0,1.0,1.0,critical,,,total districts,nagaland,True,,,,,,
2024,nagaland,tuensang,4.0,0.0,27.0,49.0,5.0,3.332204510175204,0.6666666666666666,3.912023005428146,0.7777777777777778,1.791759469228055,0.7777777777777778,1.6094379124341005,0.75,0.0,0.3611111111111111,31.0,-0.1290322580645161,1.0,4.0,0.25,1.0,1.0,3.0,1.0,0.0,0.0,1.0,0.6624999999999999,medium,,,tuensang,nagaland,False,,,,,,196596.0
2024,nagaland,tseminyu,1.0,0.0,7.0,13.0,1.0,2.079441541679836,0.3333333333333333,2.6390573296152584,0.3333333333333333,0.6931471805599453,0.4166666666666667,0.6931471805599453,0.5277777777777778,0.0,0.3611111111111111,17.0,-0.5882352941176471,1.0,1.0,0.0,1.0,0.0,0.0,1.0,0.0,0.0,1.0,0.3736111111111111,low,,,tseminyu,nagaland,False,,,,,,
2024,odisha,jharsuguda,134.0,52.0,3550.0,1007.0,250.0,8.174984532943087,0.4054054054054054,6.915723448631314,0.4054054054054054,5.525452939131784,0.1351351351351351,4.90527477843843,0.2432432432432432,3.970291913552122,0.4594594594594595,2923.0,0.2145056448853917,1.0,241.0,0.0373443983402489,1.0,125.0,0.072,1.0,46.0,0.1304347826086956,1.0,0.3432432432432433,low,,,jharsuguda,odisha,False,21.8554375,84.0061661,Jharsuguda,97730.0,exact,
2024,arunachal pradesh,subansiri upper,1.0,0.0,110.0,9.0,15.0,4.709530201312334,0.8035714285714286,2.302585092994046,0.5892857142857143,2.772588722239781,0.75,0.6931471805599453,0.25,0.0,0.4464285714285714,81.0,0.3580246913580246,1.0,6.0,1.5,1.0,0.0,0.0,1.0,0.0,0.0,1.0,0.6625000000000001,medium,,,subansiri upper,arunachal pradesh,False,,,,,,
2024,arunachal pradesh,subansiri lower,3.0,0.0,67.0,19.0,5.0,4.219507705176107,0.5714285714285714,2.995732273553991,0.7142857142857143,1.791759469228055,0.4642857142857143,1.3862943611198906,0.5178571428571429,0.0,0.4464285714285714,50.0,0.34,1.0,6.0,-0.1666666666666666,1.0,6.0,-0.5,1.0,0.0,0.0,1.0,0.5401785714285714,medium,,,subansiri lower,arunachal pradesh,False,,,,,,
2024,west bengal,kalimpong,52.0,0.0,262.0,102.0,71.0,5.572154032177765,0.05,4.634728988229636,0.1,4.276666119016055,0.125,3.970291913552122,0.15,0.0,0.2,319.0,-0.1786833855799373,1.0,72.0,-0.0138888888888888,1.0,50.0,0.04,1.0,2.0,-1.0,1.0,0.1025,low,,,kalimpong,west bengal,False,,,,,,
2024,arunachal pradesh,total districts,152.0,78.0,2479.0,431.0,321.0,7.8160138391590275,1.0,6.068425588244111,1.0,5.7745515455444085,1.0,5.030437921392435,1.0,4.3694478524670215,1.0,2505.0,-0.010379241516966,1.0,326.0,-0.0153374233128834,1.0,176.0,-0.1363636363636363,1.0,24.0,2.25,1.0,1.0,critical,,,total districts,arunachal pradesh,True,,,,,,
2024,arunachal pradesh,papum pare city,35.0,0.0,771.0,103.0,101.0,6.648984550024776,0.9642857142857144,4.6443908991413725,0.9642857142857144,4.624972813284271,0.9642857142857144,3.58351893845611,0.9642857142857144,0.0,0.4464285714285714,918.0,-0.1601307189542483,1.0,134.0,-0.2462686567164179,1.0,54.0,-0.3518518518518518,1.0,8.0,-1.0,1.0,0.8866071428571428,critical,,,papum pare,arunachal pradesh,False,27.081581,93.6027,Itanagar,34970.0,exact,176573.0
2024,arunachal pradesh,tawang,4.0,0.0,29.0,2.0,3.0,3.4011973816621555,0.3214285714285714,1.0986122886681098,0.1785714285714285,1.3862943611198906,0.2678571428571428,1.6094379124341005,0.6071428571428571,0.0,0.4464285714285714,28.0,0.0357142857142857,1.0,2.0,0.5,1.0,3.0,0.3333333333333333,1.0,0.0,0.0,1.0,0.34375,low,,,tawang,arunachal pradesh,False,,,,,,49977.0
2024,assam,baksa,130.0,17.0,498.0,178.0,136.0,6.212606095751519,0.3953488372093023,5.187385805840755,0.4186046511627907,4.919980925828125,0.3488372093023256,4.875197323201151,0.5348837209302325,2.8903717578961645,0.813953488372093,394.0,0.2639593908629442,1.0,134.0,0.0149253731343283,1.0,280.0,-0.5357142857142857,1.0,14.0,0.2142857142857142,1.0,0.4651162790697674,medium,,,baksa,assam,False,,,,,,950075.0
2024,assam,bajali,39.0,4.0,326.0,57.0,86.0,5.7899601708972535,0.2790697674418604,4.060443010546419,0.1976744186046511,4.465908118654584,0.2558139534883721,3.688879454113936,0.2558139534883721,1.6094379124341005,0.3720930232558139,378.0,-0.1375661375661375,1.0,101.0,-0.1485148514851485,1.0,133.0,-0.706766917293233,1.0,18.0,-0.7777777777777778,1.0,0.2779069767441861,low,,,bajali,assam,False,,,,,,
2024,rajasthan,kota city,285.0,78.0,4673.0,2432.0,648.0,8.449770515098804,0.7538461538461538,7.796880342783522,0.8461538461538461,6.47543271670409,0.5692307692307692,5.655991810819852,0.8923076923076924,4.3694478524670215,0.9307692307692308,5667.0,-0.1754014469737074,1.0,1026.0,-0.3684210526315789,1.0,362.0,-0.212707182320442,1.0,113.0,-0.3097345132743362,1.0,0.7665384615384615,high,,,kota,rajasthan,False,25.2138156,75.8647527,Kota,1001365.0,exact,1951014.0
2024,kerala,kozhikode rural,376.0,118.0,6108.0,8705.0,897.0,8.717518372649767,0.3043478260869565,9.071767722112243,0.217391304347826,6.8001700683022,0.782608695652174,5.932245187448011,0.8260869565217391,4.77912349311153,0.6086956521739131,6994.0,-0.1266800114383757,1.0,864.0,0.0381944444444444,1.0,276.0,0.3623188405797101,1.0,106.0,0.1132075471698113,1.0,0.4891304347826087,medium,,,kozhikode,kerala,False,11.2587531,75.78041,Calicut,432097.0,exact,3086293.0
2024,rajasthan,neem ka thana,75.0,34.0,3162.0,908.0,467.0,8.059276223305648,0.5076923076923077,6.812345094177479,0.3692307692307692,6.148468295917647,0.3692307692307692,4.330733340286331,0.3076923076923077,3.555348061489413,0.7769230769230769,3735.0,-0.1534136546184739,1.0,529.0,-0.1172022684310018,1.0,86.0,-0.127906976744186,1.0,3.0,10.333333333333334,1.0,0.4865384615384616,medium,,,neem ka thana,rajasthan,False,,,,,,
2024,rajasthan,kota rural,122.0,3.0,2334.0,2655.0,363.0,7.755767170102998,0.3384615384615385,7.884576510596324,0.9230769230769232,5.8971538676367405,0.2769230769230769,4.812184355372417,0.5076923076923077,1.3862943611198906,0.1769230769230769,2706.0,-0.1374722838137472,1.0,576.0,-0.3697916666666667,1.0,172.0,-0.2906976744186046,1.0,6.0,-0.5,1.0,0.3773076923076923,low,,,kota,rajasthan,False,25.2138156,75.8647527,Kota,1001365.0,exact,1951014.0
2024,west bengal,jhargram,142.0,0.0,1086.0,215.0,293.0,6.99117688712121,0.15,5.375278407684165,0.15,5.683579767338681,0.15,4.962844630259907,0.35,0.0,0.2,1096.0,-0.0091240875912408,1.0,292.0,0.0034246575342465,1.0,132.0,0.0757575757575757,1.0,1.0,-1.0,1.0,0.1775,low,,,jhargram,west bengal,False,,,,,,
2024,arunachal pradesh,papum pare rural,3.0,0.0,245.0,9.0,3.0,5.5053315359323625,0.9285714285714286,2.302585092994046,0.5892857142857143,1.3862943611198906,0.2678571428571428,1.3862943611198906,0.5178571428571429,0.0,0.4464285714285714,134.0,0.8283582089552238,1.0,5.0,-0.4,1.0,0.0,0.0,1.0,0.0,0.0,1.0,0.6491071428571429,medium,,,papum pare,arunachal pradesh,False,27.081581,93.6027,Itanagar,34970.0,exact,176573.0
2024,arunachal pradesh,pakkessang,2.0,0.0,27.0,1.0,1.0,3.332204510175204,0.2857142857142857,0.6931471805599453,0.0892857142857142,0.6931471805599453,0.1071428571428571,1.0986122886681098,0.3928571428571428,0.0,0.4464285714285714,16.0,0.6875,1.0,1.0,0.0,1.0,2.0,0.0,1.0,0.0,0.0,1.0,0.2651785714285714,low,,,pakkessang,arunachal pradesh,False,,,,,,
2024,arunachal pradesh,siang east,5.0,0.0,198.0,26.0,23.0,5.293304824724492,0.8928571428571429,3.295836866004329,0.8214285714285714,3.1780538303479458,0.875,1.791759469228055,0.6607142857142857,0.0,0.4464285714285714,227.0,-0.1277533039647577,1.0,31.0,-0.2580645161290322,1.0,34.0,-0.8529411764705882,1.0,0.0,0.0,1.0,0.7919642857142858,high,,,siang east,arunachal pradesh,False,,,,,,
2024,arunachal pradesh,siang,3.0,0.0,21.0,1.0,3.0,3.091042453358316,0.1785714285714285,0.6931471805599453,0.0892857142857142,1.3862943611198906,0.2678571428571428,1.3862943611198906,0.5178571428571429,0.0,0.4464285714285714,35.0,-0.4,1.0,4.0,-0.25,1.0,2.0,0.5,1.0,0.0,0.0,1.0,0.2616071428571428,low,,,siang,arunachal pradesh,False,,,,,,
2024,arunachal pradesh,kurung kumey,0.0,0.0,31.0,2.0,1.0,3.4657359027997265,0.3571428571428571,1.0986122886681098,0.1785714285714285,0.6931471805599453,0.1071428571428571,0.0,0.0892857142857142,0.0,0.4464285714285714,28.0,0.1071428571428571,1.0,3.0,-0.6666666666666666,1.0,1.0,-1.0,1.0,0.0,0.0,1.0,0.2758928571428571,low,,,kurung kumey,arunachal pradesh,False,,,,,,92076.0
2024,west bengal,jalpaiguri,242.0,7.0,3071.0,598.0,562.0,8.030084094267563,0.425,6.395261598115449,0.575,6.333279628139691,0.275,5.493061443340548,0.625,2.079441541679836,0.625,2799.0,0.0971775634155055,1.0,580.0,-0.0310344827586206,1.0,248.0,-0.0241935483870967,1.0,4.0,0.75,1.0,0.46,medium,,,jalpaiguri,west bengal,False,26.5434772,88.7205256,Jalpaiguri,303874.0,exact,3872846.0
2024,arunachal pradesh,siang west,13.0,0.0,110.0,7.0,23.0,4.709530201312334,0.8035714285714286,2.079441541679836,0.5178571428571429,3.1780538303479458,0.875,2.6390573296152584,0.875,0.0,0.4464285714285714,97.0,0.134020618556701,1.0,22.0,0.0454545454545454,1.0,10.0,0.3,1.0,0.0,0.0,1.0,0.742857142857143,high,,,siang west,arunachal pradesh,False,,,,,,
2024,arunachal pradesh,siang upper,1.0,0.0,38.0,3.0,4.0,3.6635616461296463,0.4464285714285714,1.3862943611198906,0.2678571428571428,1.6094379124341005,0.375,0.6931471805599453,0.25,0.0,0.4464285714285714,44.0,-0.1363636363636363,1.0,9.0,-0.5555555555555556,1.0,3.0,-0.6666666666666666,1.0,0.0,0.0,1.0,0.3946428571428572,low,,,siang upper,arunachal pradesh,False,,,,,,
2024,west bengal,jangipur police district,97.0,6.0,2515.0,485.0,637.0,7.830425617820331,0.275,6.186208623900494,0.4625,6.45833828334479,0.375,4.584967478670572,0.2,1.9459101490553128,0.575,2480.0,0.0141129032258064,1.0,814.0,-0.2174447174447174,1.0,173.0,-0.4393063583815029,1.0,1.0,5.0,1.0,0.35125,low,,,jangipur police,west bengal,False,,,,,,
2024,arunachal pradesh,longding,10.0,0.0,63.0,24.0,16.0,4.158883083359672,0.5357142857142857,3.218875824868201,0.75,2.833213344056216,0.7857142857142857,2.3978952727983707,0.7678571428571429,0.0,0.4464285714285714,54.0,0.1666666666666666,1.0,7.0,1.2857142857142858,1.0,4.0,1.5,1.0,7.0,-1.0,1.0,0.6169642857142856,medium,,,longding,arunachal pradesh,False,,,,,,
2024,arunachal pradesh,leparada,1.0,2.0,33.0,5.0,6.0,3.5263605246161616,0.3928571428571428,1.791759469228055,0.4285714285714285,1.9459101490553128,0.5357142857142857,0.6931471805599453,0.25,1.0986122886681098,0.9107142857142856,44.0,-0.25,1.0,8.0,-0.25,1.0,4.0,-0.75,1.0,0.0,0.0,1.0,0.4883928571428571,medium,,,leparada,arunachal pradesh,False,,,,,,
2024,arunachal pradesh,kamle,3.0,0.0,23.0,2.0,5.0,3.1780538303479458,0.2142857142857142,1.0986122886681098,0.1785714285714285,1.791759469228055,0.4642857142857143,1.3862943611198906,0.5178571428571429,0.0,0.4464285714285714,22.0,0.0454545454545454,1.0,2.0,1.5,1.0,1.0,2.0,1.0,0.0,0.0,1.0,0.3258928571428571,low,,,kamle,arunachal pradesh,False,,,,,,
2024,rajasthan,phalodi,49.0,10.0,1290.0,474.0,195.0,7.1631723908466425,0.1846153846153846,6.163314804034641,0.1692307692307692,5.278114659230517,0.1692307692307692,3.912023005428146,0.2,2.3978952727983707,0.3923076923076923,1489.0,-0.1336467427803895,1.0,226.0,-0.1371681415929203,1.0,32.0,0.53125,1.0,14.0,-0.2857142857142857,1.0,0.2126923076923077,low,,,phalodi,rajasthan,False,,,,,,
2024,karnataka,uttara kannada,193.0,96.0,2577.0,906.0,442.0,7.8547691834991324,0.5128205128205128,6.810142450115136,0.4102564102564102,6.093569770045136,0.6153846153846154,5.267858159063328,0.5641025641025641,4.574710978503383,0.5384615384615384,2460.0,0.0475609756097561,1.0,401.0,0.1022443890274314,1.0,165.0,0.1696969696969697,1.0,80.0,0.2,1.0,0.532051282051282,medium,,,uttara kannada,karnataka,False,,,,,,1437169.0
2024,karnataka,vijayanagara,142.0,22.0,1688.0,1291.0,336.0,7.4318919168078,0.1794871794871795,7.163946684342547,0.6923076923076923,5.820082930352362,0.4102564102564102,4.962844630259907,0.2948717948717949,3.1354942159291497,0.1025641025641025,1837.0,-0.0811105062602068,1.0,387.0,-0.1317829457364341,1.0,190.0,-0.2526315789473684,1.0,14.0,0.5714285714285714,1.0,0.2769230769230769,low,,,vijayanagara,karnataka,False,,,,,,
2024,karnataka,udupi,109.0,203.0,2707.0,645.0,248.0,7.903965634032166,0.6153846153846154,6.470799503782602,0.2564102564102564,5.517452896464707,0.2051282051282051,4.700480365792417,0.1538461538461538,5.318119993844216,0.8205128205128205,2444.0,0.1076104746317512,1.0,236.0,0.0508474576271186,1.0,105.0,0.0380952380952381,1.0,129.0,0.5736434108527132,1.0,0.4820512820512821,medium,,,udupi,karnataka,False,13.3371151,74.746596,Udupi,165401.0,exact,1177361.0
2024,west bengal,murshidabad police district,626.0,8.0,9530.0,873.0,2519.0,9.162304922937626,0.925,6.773080375655535,0.8,7.832014180505469,0.975,6.440946540632921,0.975,2.19722457733622,0.675,9065.0,0.051296194153337,1.0,2519.0,0.0,1.0,681.0,-0.0807635829662261,1.0,9.0,-0.1111111111111111,1.0,0.8900000000000001,critical,,,murshidabad police,west bengal,False,,,,,,
2024,west bengal,raiganj,105.0,0.0,3022.0,495.0,408.0,8.014004994779459,0.4,6.206575926724928,0.5,6.013715156042802,0.225,4.663439094112067,0.225,0.0,0.2,3376.0,-0.1048578199052132,1.0,427.0,-0.0444964871194379,1.0,80.0,0.3125,1.0,6.0,-1.0,1.0,0.3275,low,,,raiganj,west bengal,False,,,,,,
2024,arunachal pradesh,kameng east,17.0,0.0,119.0,7.0,32.0,4.787491742782046,0.8571428571428571,2.079441541679836,0.5178571428571429,3.49650756146648,0.9285714285714286,2.8903717578961645,0.9285714285714286,0.0,0.4464285714285714,130.0,-0.0846153846153846,1.0,10.0,2.2,1.0,3.0,4.666666666666667,1.0,0.0,0.0,1.0,0.7830357142857143,high,,,kameng east,arunachal pradesh,False,,,,,,
2024,arunachal pradesh,dibang valley,0.0,0.0,8.0,4.0,0.0,2.19722457733622,0.0535714285714285,1.6094379124341005,0.3571428571428571,0.0,0.0357142857142857,0.0,0.0892857142857142,0.0,0.4464285714285714,7.0,0.1428571428571428,1.0,2.0,-1.0,1.0,1.0,-1.0,1.0,0.0,0.0,1.0,0.1428571428571428,low,,,dibang valley,arunachal pradesh,False,,,,,,8004.0
2024,west bengal,sealdah grp,13.0,0.0,391.0,61.0,17.0,5.971261839790462,0.125,4.127134385045092,0.025,2.8903717578961645,0.1,2.6390573296152584,0.1,0.0,0.2,416.0,-0.0600961538461538,1.0,22.0,-0.2272727272727272,1.0,9.0,0.4444444444444444,1.0,0.0,0.0,1.0,0.11875,low,,,sealdah grp,west bengal,True,,,,,,
2024,west bengal,ranaghat,290.0,0.0,4530.0,435.0,1164.0,8.418697944667139,0.675,6.077642243349034,0.4,7.060476365999801,0.7,5.673323267171493,0.75,0.0,0.2,4332.0,0.0457063711911357,1.0,1186.0,-0.0185497470489038,1.0,264.0,0.0984848484848484,1.0,0.0,0.0,1.0,0.5887500000000001,medium,,,ranaghat,west bengal,False,,,,,,
2024,arunachal pradesh,kra dadi,1.0,0.0,18.0,4.0,4.0,2.9444389791664403,0.1428571428571428,1.6094379124341005,0.3571428571428571,1.6094379124341005,0.375,0.6931471805599453,0.25,0.0,0.4464285714285714,24.0,-0.25,1.0,3.0,0.3333333333333333,1.0,2.0,-0.5,1.0,0.0,0.0,1.0,0.2669642857142857,low,,,kra dadi,arunachal pradesh,False,,,,,,
2024,arunachal pradesh,kameng west,5.0,0.0,92.0,33.0,9.0,4.532599493153256,0.7142857142857143,3.5263605246161616,0.8928571428571429,2.302585092994046,0.625,1.791759469228055,0.6607142857142857,0.0,0.4464285714285714,89.0,0.0337078651685393,1.0,12.0,-0.25,1.0,7.0,-0.2857142857142857,1.0,9.0,-1.0,1.0,0.6687500000000001,medium,,,kameng west,arunachal pradesh,False,,,,,,
2024,west bengal,paschim medinipur,141.0,2.0,4073.0,1071.0,1100.0,8.31238059678675,0.575,6.977281341630747,0.875,7.00397413672268,0.65,4.955827057601261,0.325,1.0986122886681098,0.4625,4667.0,-0.1272766230983501,1.0,1084.0,0.014760147601476,1.0,310.0,-0.5451612903225806,1.0,3.0,-0.3333333333333333,1.0,0.578125,medium,,,paschim medinipur,west bengal,False,22.34601,87.2319753,Kharagpur,293719.0,exact,5913457.0
2024,west bengal,purba bardhaman,484.0,21.0,7100.0,1349.0,1934.0,8.867990898182093,0.825,7.2078598714324755,0.95,7.567862605463882,0.925,6.184148890937483,0.9,3.091042453358316,0.8875,6959.0,0.0202615318292858,1.0,1935.0,-0.000516795865633,1.0,528.0,-0.0833333333333333,1.0,28.0,-0.25,1.0,0.874375,high,,,purba bardhaman,west bengal,False,,,,,,
2024,west bengal,purab medinipur,570.0,22.0,7704.0,477.0,1674.0,8.949624747754216,0.85,6.169610732491456,0.425,7.423568444259167,0.825,6.3473892096560105,0.925,3.1354942159291497,0.925,6747.0,0.1418408181413961,1.0,1764.0,-0.0510204081632653,1.0,565.0,0.0088495575221238,1.0,37.0,-0.4054054054054054,1.0,0.82125,high,,,purab medinipur,west bengal,False,22.0666742,88.0698118,Haldia,200762.0,fuzzy:purba medinipur,
2024,odisha,boudh,78.0,8.0,1228.0,622.0,197.0,7.113956109566034,0.081081081081081,6.434546518787453,0.1891891891891892,5.288267030694535,0.081081081081081,4.3694478524670215,0.1081081081081081,2.19722457733622,0.054054054054054,1098.0,0.1183970856102003,1.0,162.0,0.2160493827160493,1.0,66.0,0.1818181818181818,1.0,14.0,-0.4285714285714285,1.0,0.0905405405405405,low,,,boudh,odisha,False,,,,,,
2024,arunachal pradesh,changlang,2.0,0.0,75.0,32.0,8.0,4.330733340286331,0.6071428571428571,3.49650756146648,0.8571428571428571,2.19722457733622,0.5714285714285714,1.0986122886681098,0.3928571428571428,0.0,0.4464285714285714,84.0,-0.1071428571428571,1.0,9.0,-0.1111111111111111,1.0,2.0,0.0,1.0,0.0,0.0,1.0,0.5794642857142857,medium,,,changlang,arunachal pradesh,False,,,,,,148226.0
2024,west bengal,sundarban police,337.0,2.0,3658.0,389.0,1239.0,8.204945165019208,0.525,5.966146739123692,0.3,7.122866658599083,0.775,5.823045895483019,0.8,1.0986122886681098,0.4625,3678.0,-0.0054377379010331,1.0,1287.0,-0.0372960372960372,1.0,355.0,-0.0507042253521126,1.0,8.0,-0.75,1.0,0.5706250000000002,medium,,,sundarban police,west bengal,False,,,,,,
2024,west bengal,siliguri grp,6.0,0.0,225.0,95.0,15.0,5.420534999272286,0.025,4.564348191467836,0.075,2.772588722239781,0.075,1.9459101490553128,0.0375,0.0,0.2,267.0,-0.1573033707865168,1.0,13.0,0.1538461538461538,1.0,12.0,-0.5,1.0,0.0,0.0,1.0,0.0675,low,,,siliguri grp,west bengal,True,,,,,,
2024,west bengal,total districts,9044.0,282.0,157909.0,22862.0,34360.0,11.969780529460689,1.0,10.037275162334227,1.0,10.444677479283538,1.0,9.109967397829395,1.0,5.645446897643238,1.0,156237.0,0.0107016903806396,1.0,34691.0,-0.009541379608544,1.0,8853.0,0.0215746074776911,1.0,309.0,-0.087378640776699,1.0,1.0,critical,,,total districts,west bengal,True,,,,,,
2024,odisha,ganjam,394.0,126.0,15947.0,1366.0,2154.0,9.677088708501246,0.972972972972973,7.220373836723949,0.6756756756756757,7.675546002537848,0.972972972972973,5.978885764901122,0.7567567567567568,4.844187086458591,0.8648648648648649,16059.0,-0.0069742823338937,1.0,1791.0,0.202680067001675,1.0,350.0,0.1257142857142857,1.0,140.0,-0.1,1.0,0.9054054054054054,critical,,,ganjam,odisha,False,19.314914,84.794244,Berhampur,355823.0,exact,
2024,arunachal pradesh,anjaw,2.0,0.0,13.0,6.0,3.0,2.6390573296152584,0.1071428571428571,1.9459101490553128,0.4642857142857143,1.3862943611198906,0.2678571428571428,1.0986122886681098,0.3928571428571428,0.0,0.4464285714285714,31.0,-0.5806451612903226,1.0,4.0,-0.25,1.0,3.0,-0.3333333333333333,1.0,0.0,0.0,1.0,0.2544642857142857,low,,,anjaw,arunachal pradesh,False,,,,,,21167.0
2024,odisha,berhampur,239.0,31.0,5284.0,518.0,860.0,8.572627898304338,0.5945945945945946,6.251903883165888,0.081081081081081,6.7580945044277305,0.6486486486486487,5.480638923341991,0.5405405405405406,3.4657359027997265,0.2567567567567567,6423.0,-0.1773314650474856,1.0,545.0,0.5779816513761468,1.0,260.0,-0.0807692307692307,1.0,33.0,-0.0606060606060606,1.0,0.497972972972973,medium,,,berhampur,odisha,False,,,,,,
2024,odisha,bhadrak,536.0,103.0,7168.0,767.0,1210.0,8.877521453852872,0.8648648648648649,6.643789733147672,0.2972972972972973,7.099201743553092,0.8378378378378378,6.285998094508865,0.918918918918919,4.6443908991413725,0.8108108108108109,6319.0,0.1343567020098116,1.0,1085.0,0.1152073732718894,1.0,493.0,0.0872210953346856,1.0,105.0,-0.019047619047619,1.0,0.8000000000000002,high,,,bhadrak,odisha,False,21.0582737,86.4958396,Bhadrak,129152.0,exact,
2024,odisha,deogarh,68.0,20.0,1460.0,572.0,315.0,7.2868764117507,0.1081081081081081,6.35088571671474,0.1081081081081081,5.755742213586912,0.2432432432432432,4.23410650459726,0.081081081081081,3.044522437723423,0.1756756756756756,1628.0,-0.1031941031941031,1.0,299.0,0.0535117056856187,1.0,66.0,0.0303030303030303,1.0,24.0,-0.1666666666666666,1.0,0.1425675675675675,low,,,deogarh,odisha,False,,,,,,
